ATC	Code
J07BC02	28
J07AX	30
J07BK01	31
J07BC01	32
J07BC02	33
J07CA06	34
N03AF01	49
N03AB02	52
N03AG01	53
N03AG01	54
A11DB	55
M01AB05	57
M01AB05	59
A05AA02	92
A07EC02	96
N03AB02	103
G03DA04	117
G03HA01	133
G03HB01	138
G03AB03	141
D04AB01	164
S02DA01	168
A07FA02	169
N02BE01	196
N02AJ06	197
R05CA12	253
D02AX	259
C01CA26	272
V07AB01	274
V07AB01	275
V07AB01	276
B05XA01	285
B05XA03	291
B05XA03	292
N02CC04	319
C09AA02	321
C09AA02	322
M03AX01	363
S01BA04	369
J01FF01	411
J01FF01	412
H02AB04	416
H02AB04	417
H02AB09	437
H02AB04	439
H02AB04	441
H02AB04	442
C01EA01	449
A02BC01	465
C07AB03	480
C07AB03	481
M01AB16	482
R06AX22	484
B01AB11	490
B01AB11	491
D07AC01	508
G03GA05	509
J05AB01	511
L01AA01	513
L01AA06	515
L01AA06	516
V03AF01	518
R03AC02	519
H01CC02	521
H01CC02	522
N03AG01	528
N03AG01	529
M01AB05	530
N03AF01	531
G03BA03	542
G03AA12	544
G03HB01	545
J05AB01	550
M09AX01	554
N01BB58	557
N05CD08	570
M02AA	571
N02AX02	572
C04AX21	573
S01ED51	579
D06BB03	585
R03AC02	603
D07AC01	611
D07AC01	612
J01DC02	618
J01DC02	622
R01AD08	624
R03BA05	637
R03BA05	638
R03BA05	639
J05AB01	688
J01CR02	730
J01CR02	731
J01CR02	733
J01DD08	753
J01DD08	754
J01DD04	755
D07XC04	759
J01DD13	760
J01DD13	761
M02AA15	765
M01AB05	767
D06BA51	771
D06BA51	772
J01MA02	786
J01CR02	790
J01CR02	792
J01CR02	793
A02BC03	794
M01AB05	796
M01AB05	797
M01AB05	798
R06AX13	803
R06AX13	804
J01CR02	806
J01FA10	808
L04AD01	845
H01CB02	850
D01BA02	856
L04AD01	867
L04AD01	868
L04AD01	869
L04AD01	870
N06BA04	885
R03AC13	889
L02BG04	890
J01CA04	893
A10BA02	897
J01CA04	899
L01CD01	955
L01CD01	956
A07CA	957
P01AB01	958
V03AB14	966
G03DA04	968
G03DA04	969
S01EC01	973
M04AA01	974
M04AA01	975
C07AB03	978
N03AF01	983
C03CA01	988
C01DA08	993
J01XE01	998
C07AA05	1001
C07AA05	1002
G03CC06	1007
A07EC02	1008
A07EC02	1009
A03AX	1025
A03AX	1026
A10AB04	1028
A10AD01	1037
A10AB01	1038
A10AE01	1039
R03DC03	1057
R03DC03	1058
J01DD08	1062
A11CC03	1068
A11CC03	1069
A11CC03	1083
A11CC03	1084
A11CC03	1086
D07CC01	1087
D06AX01	1088
D06AX01	1089
B03XA01	1095
B03XA01	1096
L03AA02	1097
L03AB05	1099
J01CR02	1104
J01CR02	1105
J01CR02	1106
B03AC	1121
J01DD08	1122
J01DD08	1123
J01DD08	1124
J01CR02	1129
J01CR02	1130
J01CR02	1131
J01CR02	1132
M01AG01	1134
M01AE02	1137
J01MA02	1139
R06AX13	1141
M02AB	1151
N02BE51	1157
V03AE01	1161
V03AE01	1162
D06BA01	1163
D06BA01	1164
N04BB01	1167
C05BA53	1169
M01AC01	1177
R03BA01	1179
P01AB01	1191
B05BA02	1192
B05BA02	1193
R01AA07	1194
G04BX	1204
A16A	1205
R02A	1210
R02A	1211
R05CB06	1239
R05CB06	1240
N06DX01	1241
N06AB10	1248
N05AF05	1253
N05AF05	1255
N06AB04	1256
A07EC02	1260
B02BX01	1263
J07AX	1271
A11DB	1274
M01AB05	1277
M01AB05	1278
L01DB06	1290
S01EE01	1292
G02CB03	1301
G02CB03	1302
H03AA01	1309
H03AA01	1310
H03AA01	1311
H03AA01	1312
A11DB	1337
A11DB	1338
A10BG03	1340
N02BE01	1341
N02BE51	1342
N02BE51	1343
P02CA03	1350
P02CA03	1351
R06AA52	1352
L02BG03	1356
J01FA10	1362
J01FA10	1363
A11EX	1369
D03AX03	1372
D03AX03	1373
C09CA06	1381
C09CA06	1382
R03AC02	1383
R03AC02	1384
A11GB	1385
A12AA04	1386
J01DC02	1394
J01DC02	1395
M01AB05	1402
M02AA15	1403
A02AF02	1415
A02AF02	1416
B03XA01	1433
B03XA01	1434
D06AX01	1440
A04AD	1453
A04AD	1454
A04AD	1455
G01AF04	1459
G01AF04	1460
J01CR02	1475
J01CR02	1478
J01CA04	1479
R06AX13	1490
R06AX13	1491
L01FA01	1492
L01FA01	1493
N04BA02	1494
M01AB05	1497
J01DB05	1498
D03AX	1499
J01DB05	1503
A02BC05	1510
A02BC05	1511
A03AX13	1523
A03AX13	1525
D07CB01	1527
N06AB03	1531
M02AA13	1542
M01AE51	1543
A02BC01	1544
D06AX01	1548
A11GA01	1551
A02BC01	1552
A02BC01	1553
A02BC01	1554
A02BC01	1555
J01FA09	1556
J01FA09	1557
N03AE01	1559
M01AE01	1564
J01DD04	1570
J01DD04	1571
M01AE51	1575
A03BB01	1579
N05AH04	1580
N05AH04	1581
A06AD61	1589
M01AE01	1591
R03AK07	1595
J05AH02	1602
C07BB03	1606
C07AB03	1610
J01DD04	1617
J01DD04	1618
N05BA01	1629
J01XA01	1630
D04AB01	1636
C09BA03	1641
C09AA03	1642
C09AA03	1643
C09AA03	1644
L02AE03	1646
C07AA05	1651
C07AA05	1652
J01DB05	1658
J01DB05	1659
J01DD01	1660
J01MA02	1662
C03CA01	1664
J01AA02	1665
A02BC01	1668
J01CR50	1671
J01EE01	1679
J01EE01	1681
J01DD08	1682
P01AB01	1685
P01AB01	1686
A03FA03	1689
A11DB	1705
N02BE51	1709
N02BE51	1710
C10AA07	1711
C10AA07	1712
C10AA07	1713
J01FA10	1720
J01FA10	1721
J01FA10	1722
M02AA15	1725
J01DD08	1726
J01DD08	1727
A02BC03	1728
L01CD02	1731
L01CE02	1732
M01AB15	1735
M01AB15	1736
P01AB01	1746
P01AB01	1747
B01AB05	1752
B01AB05	1757
B01AB05	1758
B01AB05	1759
J01FA02	1765
J01FA02	1766
N02BE01	1770
N02BE01	1772
L01CD02	1779
L01CD02	1780
R01AD11	1781
A12AX	1800
A12AX	1801
A02BA03	1808
A02BA03	1809
A02BC01	1811
M01AB05	1812
J01MA02	1819
J01DC04	1820
M01AB05	1822
M01AB05	1823
M02AA15	1832
J01FA10	1835
M01AB08	1837
M01AB08	1839
J01MA02	1840
J01DC02	1842
A02BC01	1846
A03FA03	1847
A03FA03	1848
A03AX	1849
J01DD01	1850
R06AE07	1852
J01CR02	1853
J01CR02	1854
J01CR02	1855
N06AB03	1857
C08CA01	1858
A02BC02	1859
J01FA09	1860
J01FA09	1861
A03AA04	1862
B03BA01	1864
J02AC01	1865
A02BC04	1867
A02BC04	1869
B03AD03	1870
M05BX	1872
A11AA	1877
R03BB01	1878
R03BB01	1879
A10BX02	2010
G03FA01	2012
H01AC01	2014
H01AC01	2015
A10AD05	2016
A10AB05	2017
A10AB01	2018
A10AC01	2019
A10AB01	2023
A10AE01	2025
H04AA01	2028
A10AD01	2029
A10BX02	2036
A10BX02	2038
G03FB05	2041
G03CA03	2043
G03FA01	2045
N02BA01	2085
C01CA24	2096
C01CA24	2097
A10AE04	2124
R03DA05	2127
J01CA04	2137
J01CA01	2139
J01CA01	2140
L04AA13	2156
L04AA13	2157
A03BA01	2177
A03BA01	2179
J01MA14	2198
J01MA14	2199
B01AD11	2217
B05XA02	2219
B05XA02	2220
C01BC04	2222
B01AD02	2224
R03BB01	2226
R03AL01	2227
V03AF03	2241
A12AA04	2248
A12AX	2249
L01XA02	2250
A07BA51	2251
J01DB04	2263
C09CA07	2265
J01DD01	2266
J01DC01	2267
J01DC01	2268
J01DD04	2271
J01DC02	2272
J01DC02	2273
S02D	2277
C01CA26	2279
N02AA01	2280
N05AA01	2281
B05XA01	2282
B05XA01	2283
B05XA01	2284
B05XA03	2285
B05XA03	2287
R05CB01	2288
R05FA01	2289
J01MA02	2293
J01MA02	2295
C09CA07	2308
J01MA02	2322
C09DA07	2326
J01DD04	2332
J01DC02	2334
M01AC06	2344
M01AC06	2345
N07CA03	2349
N05BA12	2350
C05CA53	2361
N04BC05	2365
N04BC05	2366
R03BB04	2370
A07AX03	2381
S02CA06	2382
B05DB	2417
B05DB	2418
B05DB	2419
B05DB	2420
B05DB	2421
B05DB	2423
B05DB	2426
N05BA01	2427
M01AC01	2429
S01BC01	2451
L01DC01	2462
L01XX05	2465
L01AA01	2469
B05BA01	2473
N07CA02	2476
L01DB01	2479
L01DB01	2480
A03E	2481
V07AB01	2491
V07AB01	2492
L01DB03	2497
L01DB03	2498
J01AA02	2503
A02BC01	2504
L01CB01	2511
A07BA51	2512
S01GX02	2520
R06AD52	2521
R05X	2543
C03BA11	2548
A06AD15	2555
A06AD65	2557
N05AD01	2566
N05AD01	2570
C03CA01	2573
R02A	2576
G01AF01	2579
M01AE03	2581
A10BF01	2593
B05CX01	2595
B05CX01	2596
B05BA	2610
N01AX10	2611
D01AC08	2612
B01AB01	2626
R02AA20	2630
R02AA20	2634
C05BA01	2638
C05BA01	2639
C01CA04	2640
H02AB09	2645
H02AB09	2647
N05AX08	2650
R05CA10	2652
P01AB01	2661
B05AA07	2662
N05AX08	2669
C08CA06	2688
A05BA	2695
M09AX	2700
D01AE14	2705
G04BE09	2708
A07FA01	2714
A02BC03	2719
M09AX	2731
N01BB02	2735
N01BB02	2736
J01GB06	2739
D06AX	2747
D01AE22	2748
D06AX	2753
D11AX01	2755
D10AF02	2767
J01AA02	2768
B05XA05	2771
A03FA01	2793
D07AB08	2800
D01AE14	2801
D01AE14	2802
L01CA04	2803
L01CA04	2805
L02AE04	2806
L02AE04	2810
L02AE04	2811
L01CA04	2813
G04CX02	2815
N02AA01	2827
N07AA01	2855
M03AC09	2869
C01CA03	2871
D01AC14	2886
G03CX01	2904
G03AA09	2905
J01DD13	2909
J01DD13	2910
J01CA04	2924
G02BA	2936
G02AX	2937
G03DC03	2938
J01GB03	2941
J01GB03	2942
C08DB01	2968
C08DB01	2969
J01MA12	2974
C01BD01	2975
C01BD01	2976
N03AG01	2977
N02AB02	2978
N03AG01	2979
N03AG01	2980
N03AG01	2985
N03AG01	2986
N03AG01	2987
C07AB05	3027
A03AA05	3028
R06AD02	3038
C08DB01	3045
A12CC05	3046
N06AX11	3047
S01FA06	3054
C08DB01	3055
A03AX58	3058
A03FA01	3059
R05CB03	3069
R05X	3070
S01GA51	3074
N05AL05	3077
N05CF02	3079
M01AE03	3086
C08DB01	3094
G04CA01	3110
A07EC02	3115
A07EC02	3116
A03BB01	3119
C01BD01	3121
J01GA01	3156
A02BX02	3161
A06AD11	3168
G03DB01	3172
N06AB08	3180
J07BB02	3188
C05CX	3195
C05CX	3196
J01XA02	3203
A09AA02	3206
S01XA20	3247
J01DD04	3263
N03AG04	3265
B05AA01	3267
G01AF05	3268
J06BA02	3272
J06BA02	3273
J06BA02	3274
B02BD02	3279
B02BD02	3280
B02BD02	3281
N07XX02	3340
A02AF02	3345
B05BA10	3351
B05BA10	3353
J01DD01	3354
B02BA01	3356
L01BC01	3358
C10AB05	3367
N02BE01	3371
N05CM18	3376
S01AE01	3382
C09DA06	3385
C09CA06	3388
C09CA06	3392
R03AC13	3393
L03AB11	3400
L03AB11	3401
J05AB06	3404
G02CX01	3411
G02CX01	3412
B05BA	3413
D10AD01	3414
D10AD03	3415
L03AB07	3426
C05CA03	3427
N02BE01	3434
M01AE01	3435
N02BE01	3436
D07XB05	3444
L03AB07	3447
J01MA02	3464
N01BB53	3472
P01AB01	3483
M01AB05	3486
B05AA01	3487
B05AA01	3488
B05AA01	3489
R01AD08	3490
R05CB06	3491
A12BA01	3495
B05XA05	3504
A02BX13	3512
S01CA01	3525
D07XC03	3526
N01AF03	3528
C09BA03	3530
C08CA01	3531
C01CA07	3532
A02BC05	3539
C01CA04	3546
D07AC13	3559
J01DD15	3560
J01DD15	3561
C10AA05	3563
C10AA05	3564
R06AX13	3570
C10AA03	3571
J01DB01	3572
L01CD02	3576
L01CD01	3577
L01CD01	3578
C10AA03	3579
J02AC01	3588
J01DD08	3590
J01DD08	3591
R05X	3592
A02BC01	3593
J01MA01	3594
A06AD11	3595
M01AG01	3596
B05DB	3597
B05DB	3598
B05DA	3599
B05DA	3600
A11AA	3601
B02BX01	3603
B05AA01	3604
D08AG02	3605
R02AA15	3607
G01AX11	3610
D08AG02	3611
R03BA02	3621
M03AX01	3626
C08DB01	3631
N02AA01	3632
N02AA01	3633
N02AA01	3634
N02AA01	3635
M01AE11	3651
N03AE01	3658
A02BC01	3660
A10BB01	3677
A10BB08	3678
A10BD02	3679
A03AB06	3682
M02AA10	3683
A10BA02	3684
A10BA02	3685
C07AB12	3686
C08DB01	3692
D10AE01	3694
D10AE01	3695
D06BX01	3698
G01AA51	3711
B03AE10	3712
C01DA14	3714
C01DA14	3715
C08CA08	3717
S01EB02	3733
N02BE01	3740
M01AE01	3747
A03BB01	3748
A03BB01	3749
A07AA11	3754
A07AA11	3755
A02BC04	3757
A02BC04	3758
R05FA02	3774
R05FA02	3775
J01DD13	3777
S02AA15	3780
B01AC18	3781
V01AA	3790
V01AA	3791
V01AA	3792
V01AA	3793
V01AA	3794
V01AA	3795
C09AA01	3819
C09AA01	3820
A11JB	3829
A11	3830
B03A	3831
R05	3832
C01EB15	3838
R02AA20	3847
J01DD15	3851
R06AE07	3853
R06AE07	3854
N01BB03	3863
J01CA04	3881
J01CA01	3882
H02AB02	3885
N06BA09	3887
N06BA09	3888
N06BA09	3889
N06BA09	3890
N06BA09	3891
C10AA05	3894
C10AA05	3895
C10AA01	3898
C10AA01	3899
C10AA01	3900
D01AE14	3902
D01AE16	3903
G03GA04	3904
G03GA04	3905
L04AA06	3906
L04AA06	3907
N05CD08	3909
A07FA02	3915
A10BB09	3919
G03AC09	3920
B05XB02	3922
J07BC01	3928
A07FA51	3938
J01MA02	3939
N01AX10	3940
J01DB04	3943
J01CR02	3944
N06AB03	3949
J07BD52	3951
L01DB07	3952
J01MA02	3956
R06AX13	3959
R06AX13	3960
S01ED51	3961
S01CA02	3962
S01AE01	3963
A03FA09	3969
A03AX13	3970
J01CR02	3974
D10BA01	3976
D10BA01	3977
D10BA01	3978
A10AE05	3979
G04BD08	3980
G04BD08	3981
M01AB05	3984
M01AC06	3986
J01DD13	3987
C10AA07	3990
D03AX	3992
M01AB05	3993
R03AC02	3994
G04BE03	3996
M05BA08	3999
J05AF10	4015
J05AF10	4016
L01EA02	4017
L01EA02	4018
L01EA02	4019
N01BB01	4020
N01BB01	4021
N01BB01	4022
G03GA05	4025
L04AB02	4028
J06BB01	4029
L01EA01	4041
M05BA08	4043
B05AA01	4048
J01XA02	4057
A02BC01	4058
R07AA01	4061
D01AE14	4067
N05AX08	4070
N05AX08	4071
D10BA01	4075
C07AB07	4078
C07AB07	4079
R03DC03	4082
L01BA04	4083
R05X	4086
J01DB09	4092
L03AB08	4093
C10AA07	4094
N07X	4095
N07X	4097
S01EA05	4098
S01ED51	4100
B05XA07	4103
A12AA03	4104
B05ZA	4105
B05ZA	4106
B05ZA	4107
B05ZA	4108
B05ZA	4109
B05CX01	4110
B05CX01	4111
B05CX01	4112
B05CX01	4113
B05CX01	4114
B05CX01	4115
B05CX01	4117
B05CX01	4119
B05CX01	4122
B05CX01	4124
B05CX01	4126
B05CX01	4128
B05CX01	4130
B05BB02	4133
B05BB02	4134
B05BB02	4136
B05BB02	4138
B05BB02	4142
B05BB02	4144
B05BB02	4147
B05BB02	4149
B05BB02	4151
B05BB02	4153
B05BB02	4155
B05BB02	4157
B05BB02	4159
B05BB02	4163
B05BB02	4165
B05BB01	4166
B05BB01	4167
B05BB01	4169
B05BB02	4174
B05XA05	4175
B05XA05	4176
B05BC01	4177
B05BC01	4179
B05BB01	4181
B05BB01	4182
B05BB01	4184
B05BC01	4187
B05BC01	4189
B05D	4191
B05D	4192
B05XA01	4196
B05XA01	4197
B05XA01	4198
B05XA01	4199
B05XA01	4200
B05XA02	4201
B05XA02	4202
B05XA02	4203
B05XA03	4204
B05XA03	4205
B05XA03	4206
B05XA03	4207
B05XA03	4208
B05XA03	4209
B05XA03	4211
B05XA03	4212
A03BA01	4214
B05XA03	4215
B05XA03	4217
B05XA03	4219
B05XA03	4221
B05XA03	4223
B05XA03	4224
B05XA03	4225
V07AB01	4227
V07AB01	4229
V07AB01	4231
V07AB01	4235
A03BA01	4236
V07AB01	4237
V07AB01	4238
N05BA12	4239
M01AE53	4240
M01AE03	4241
N06AA09	4242
N06AA09	4243
S02AA30	4245
G04BD02	4246
C07AB03	4249
C08DB01	4250
C08DB01	4251
C08DB01	4252
C08DB01	4253
C08DB01	4254
J01FA10	4258
J01FA10	4259
C07AB03	4260
J01FA10	4261
N06AB03	4262
C09AA05	4263
C09AA05	4264
C09AA05	4265
C09AA05	4266
C03EA01	4267
C07BB03	4268
C07BB03	4269
R01BA53	4270
A02BC01	4271
A02BC01	4272
C09AA01	4275
C09AA01	4276
C09AA01	4277
C09BA01	4278
C05CX	4284
J05AB01	4285
J05AB01	4286
D06BB03	4287
R06AX	4288
A11AB	4289
R05D	4290
H02AB02	4291
H02AB02	4292
R05X	4293
R05X	4294
R05D	4295
R05X	4296
S02CA03	4297
A10BA02	4300
A10BA02	4301
A10BD02	4302
A10BD02	4303
C02AB02	4304
M01AB01	4305
M01AB01	4306
J01MA02	4309
J01MA02	4310
C08CA13	4311
C08CA13	4312
D01AC12	4313
C02AB02	4314
G01AF12	4315
G01AF12	4316
G01AF12	4317
D01AC12	4318
G01AF12	4319
A12AX	4320
C07DA06	4321
N05BA12	4322
J02AC01	4324
J02AC01	4325
J02AC01	4326
J01MA06	4327
R06AX02	4331
N05BA12	4332
R03DB04	4333
A03CB01	4336
N04BA02	4337
C10AA03	4338
C10AA03	4339
C10AA03	4340
M01AE03	4341
P01AB01	4345
R03DA55	4350
R03DA55	4351
R03AC02	4354
N06AB06	4355
J01RA	4357
D01BA02	4361
D01AE15	4362
N05BA08	4364
D10AD01	4367
D10AD01	4368
D10AD01	4369
R05DB13	4370
C10AA01	4371
C10AA01	4372
C10AA01	4373
N07CA01	4374
N04AA01	4376
P03AX01	4377
A03CA02	4378
R05X	4379
R05CB02	4380
R06AE07	4387
R06AE07	4388
N07CA02	4389
J01FA09	4390
J01EE01	4392
J01EE01	4393
R05X	4395
R05X	4396
D06BA02	4397
N05AX08	4398
N05AX08	4399
D06AX01	4400
N06AA01	4401
M01AB05	4402
N06AA12	4404
J05AB01	4405
N06AA12	4406
D07XB05	4411
J01FA01	4413
D10AF02	4414
A03CA02	4415
R03DA05	4416
D07AC04	4417
N05AB02	4418
J02AC02	4419
J02AC02	4420
A07AX03	4421
A10BB01	4422
D01BA01	4423
N05AD01	4424
N05AD01	4425
N05AD01	4427
N05AD01	4428
R06AB52	4429
D07AA02	4431
N03AX09	4433
J01MA12	4434
N05BA06	4435
N05BA06	4436
N02BE51	4438
D10AF02	4439
B03BB01	4440
A07AA02	4442
A04AA01	4446
A03FA03	4447
A11DB	4448
J01MA01	4450
S02AA16	4451
A02BC01	4452
M05BA04	4453
P03AB02	4454
N02BE01	4455
M01AE01	4456
N05AB03	4457
M01AC01	4458
H02AB07	4459
H02AB07	4460
H02AB07	4461
H02AB07	4462
R06AD02	4463
N06AB03	4464
J01AA02	4466
D10AD51	4467
C02LA51	4468
J01CA01	4469
D04AX	4481
D08AX01	4488
D08AX01	4490
D08AX01	4492
D08AX01	4494
A06AD04	4495
C03AA03	4497
D02AX	4499
A03AX	4501
A06AA01	4502
A06AB05	4503
A06AB05	4504
D07CA01	4505
J01CA04	4507
C03BA04	4508
A02AX	4509
S02CA02	4513
N06AA21	4516
N06AA21	4517
J01CA04	4518
N06AA21	4519
D06AA04	4523
S01AA09	4524
A03E	4525
D08AK04	4532
N02BE01	4535
N02BE01	4536
N02BE01	4537
R06AA52	4540
R05C	4541
B01AA07	4543
N02AA59	4545
P03AX01	4547
A06AX01	4548
A06AX01	4549
A06AX01	4551
N04BB01	4552
P02DA01	4554
D08AG03	4559
J01AA07	4560
J01CA01	4561
J01AA07	4562
R03DA04	4563
R05X	4564
N06AA02	4565
N06AA02	4566
D05AA	4567
D02AC	4568
P02CB01	4569
N02BE51	4572
J01CA01	4573
J01CA01	4574
J01CA01	4575
A11AA	4576
A11EA	4577
C09AA01	4578
J01BA01	4579
J01BA01	4580
N05AA01	4581
N07CA02	4582
R03DA05	4583
J01EE01	4584
J01EE01	4585
R06AD52	4586
R05X	4587
A11AA	4588
R06AB54	4589
D08AX02	4590
D08AX02	4591
D08AX02	4592
R03DA05	4593
D08AX02	4594
M01AB05	4595
G03XC01	4596
M01AE01	4597
P03AB02	4598
P03AB02	4599
D05AA	4600
M01AB01	4602
M01AB01	4603
J01CA04	4604
C01DA08	4605
R01AX	4607
G04BE30	4608
D02AF	4610
P01AB01	4611
S03CA04	4612
D07CA01	4613
J01EE01	4614
J01CA04	4615
N02BE01	4616
N02BE01	4617
D06AX	4618
P01AB01	4619
P02CB01	4620
D02AF	4621
R06AD02	4622
N05BA02	4623
N02BE71	4624
J01CA04	4626
R05C	4628
N02BE01	4629
N02BE01	4630
S03AA30	4631
D06BA05	4632
P02DA01	4633
D06AA04	4634
S01AA09	4635
R03DA04	4636
J01CA01	4637
R03DB05	4638
M03BB52	4639
A03CA02	4640
D02AC	4641
A10BA02	4642
J01CA01	4643
J01CA01	4644
C09DA01	4645
D01AC02	4646
A01AB09	4648
R05CB03	4649
R05CB03	4650
R05X	4651
M03BC51	4652
M03BC51	4653
A12AX	4658
R03AC02	4660
M02AA07	4661
M01AC01	4662
H02AB07	4664
H02AB07	4666
H02AB07	4667
H02AB07	4668
B01AC06	4673
C10AA01	4674
C10AA01	4675
C10AA01	4676
G04BE08	4677
B01AC06	4680
J05AH02	4682
D07AC01	4684
D07CC01	4688
C07AB07	4693
C07AB07	4694
C07AB07	4695
C07BB07	4696
C07BB07	4697
M01AB55	4698
A10BA02	4699
A10BA02	4700
A10BD02	4701
A10BD02	4702
A11DB	4703
A11DB	4704
H03BB02	4710
D01AE15	4714
D01BA02	4715
C10AA05	4718
C10AA05	4719
C10AA05	4720
N07CA01	4721
N07CA01	4722
M04AA01	4725
A10BB12	4728
A10BB12	4729
A10BB12	4730
A10BB12	4731
J02AC01	4735
J02AC01	4736
J02AC01	4737
C03CA01	4738
C09CA01	4745
B05CX01	4747
B05CX01	4748
B05CX01	4749
B05CX01	4750
B05CX01	4751
B05CX01	4752
B05CX01	4753
B05BB02	4754
B05BB02	4755
B05BB02	4756
B05BB02	4764
B05BB02	4765
B05BB02	4766
B05BB02	4767
B05BB02	4769
B05BB02	4770
B05BB02	4772
B05BB02	4773
B05BB01	4774
B05BB01	4775
B05BB01	4776
B05BB02	4777
B05BB02	4778
B05CX01	4779
B05BC01	4780
B05BC01	4781
B05BC01	4782
B05BC01	4783
B05BB01	4784
B05BB01	4785
B05BB01	4786
B05XA03	4787
B05XA03	4788
B05XA03	4789
B05CX01	4790
B05XA03	4792
B05XA03	4793
B05XA03	4794
B05XA03	4795
B05XA03	4796
B05ZA	4800
B05CX01	4801
B05ZA	4802
B05ZA	4803
B05ZA	4804
B05ZA	4805
B05ZA	4806
B05CX01	4808
B05CX01	4809
B05CX01	4810
A01AD11	4811
A02BC04	4830
A02BC04	4831
B05XA03	4857
B05ZA	4858
B05ZA	4859
B05ZA	4860
A03BA01	4864
C07AA05	4874
C07AA05	4875
D07AD01	4898
D08AC52	4903
D08AC52	4904
R05X	5021
D07AA02	5027
A02AF02	5036
A02AF02	5037
C07AB07	5039
N05AX08	5040
C07AB07	5041
N05AX08	5042
N02AX02	5043
J01CA04	5044
S02CA05	5045
B03AB09	5046
N02AF02	5047
N01AH01	5048
A12CX	5049
A03FA03	5056
A10AE01	5057
A10AB01	5060
A10AD01	5061
M01AB16	5065
L01CD01	5066
G01AX	5071
C08CA01	5074
C10AA05	5075
C10AA05	5076
C09CA07	5077
C09CA07	5078
A02BC04	5079
A02BC04	5080
A02BC04	5081
A02BC04	5082
A10BA02	5083
A10BA02	5084
A10BA02	5085
A10BD02	5086
G04CA02	5087
N06AX16	5088
N06AX16	5089
L04AA06	5090
L01BC05	5091
L01BC05	5092
J01CR02	5094
D10AD51	5095
A10BB12	5096
A10BB12	5097
A10BB12	5098
A10BB12	5099
S01ED51	5103
B03AD	5113
D10BA01	5114
A10BA02	5115
L04AA18	5116
L04AA18	5117
L01EA03	5120
R03BA02	5121
A10BB12	5122
A10BB12	5123
A10BB12	5124
A10BB12	5125
A10BD02	5126
J07CA	5134
G01AX12	5135
A10BA02	5136
A10BA02	5137
R05CB01	5143
A02BC03	5144
J02AC01	5146
L01XA03	5150
L01CA04	5152
L01CA04	5153
N06AB10	5155
G04BE08	5157
L02BB03	5158
R06AX27	5159
R03DC03	5161
A10BA02	5163
J05AR01	5164
C09AA01	5171
A10BB01	5172
C09AA01	5173
N07CA01	5174
N07CA01	5175
N03AX11	5177
A02BC02	5179
M01AB05	5180
C07AB07	5181
R06AX27	5182
J02AC03	5184
H01AC01	5185
B05D	5186
B05D	5187
B05D	5188
B05D	5189
B05D	5190
B05D	5191
C07AB07	5192
L01CE02	5193
R03DX05	5194
J01XD02	5195
B05CX01	5198
S01JA01	5199
J01DD04	5201
J01DD04	5202
D11AX01	5205
J01FA10	5206
J01FA10	5207
G02BA03	5208
S01LA04	5209
B03AC	5210
D03AX06	5211
C01CA03	5213
M01AB55	5216
P01AB07	5220
J01MA14	5222
N06AB05	5223
C10AA05	5224
C10AA05	5225
C10AA05	5226
C09AA04	5229
A03AA04	5233
R01AD11	5234
D10AF01	5235
C09AA04	5236
N01AB06	5237
N01AB08	5238
D07XC03	5239
S01AE06	5240
R06AA52	5241
A02BD	5243
C09CA01	5244
J01DD08	5245
N06AX16	5248
R03AK07	5250
C10AX09	5252
M05BA04	5253
A09AA02	5258
A10AB06	5262
A10AB06	5263
A10AE04	5264
C08CA01	5266
C10AA05	5267
C10AA05	5268
C10AA05	5269
J01MA12	5270
J01MA12	5271
N05AH03	5274
N06AB03	5275
J01DE01	5276
J01DE01	5277
C10AX09	5278
C09AA10	5282
C01BC03	5283
C01BC03	5284
C08DA01	5285
C08DA01	5286
N06AB06	5289
J05AB11	5291
R06AX26	5292
J05AF07	5293
B03AA07	5295
D06BB03	5298
A10BG03	5302
D03AX06	5303
N05AH02	5306
J02AC01	5309
J01MA02	5310
G02CA	5311
A04AA01	5312
C03CA01	5313
B01AE07	5314
B01AE07	5315
B01AE07	5316
B01AE07	5317
L01EX02	5319
M01AB55	5325
L01CD01	5326
L01BC01	5327
C09CA01	5329
J01FA09	5330
J01FA09	5331
G03DA04	5332
G03GA05	5334
N05AH03	5335
N06AB06	5336
A10BD02	5341
B03AA02	5342
L03AA02	5343
L03AA02	5344
A10BG03	5345
A10A	5346
R03AK06	5356
R03AK06	5357
R03AK06	5358
R03BA05	5359
R03BA05	5360
R03BA05	5361
S01BA14	5363
N03AX16	5364
N03AX16	5365
J01XA01	5366
C10AB04	5376
J02AC01	5381
J01DC02	5382
J01DD16	5383
J01CR02	5384
C01EB17	5385
C01EB17	5386
N03AX16	5387
R06AD08	5390
J07CA09	5394
C09AA05	5396
C07BB07	5397
A10BB12	5399
A10BB12	5400
A10BB12	5401
C09AA05	5404
C09AA05	5405
N05CF04	5416
N05CF04	5417
M01AX	5418
M01AX	5419
C01DX12	5420
C01DX12	5422
C03CA01	5427
C03CA01	5429
J01MA12	5432
J01MA12	5434
J01MA12	5436
J01MA01	5438
C04AD03	5439
C04AD03	5440
J05AH02	5449
M05BA04	5462
N06AB06	5464
G04CA02	5468
C09DA01	5475
N07CA01	5476
A07EC02	5478
R03AL02	5481
D10BA01	5482
D10BA01	5483
C10AA07	5484
C10AA07	5485
C10AA05	5486
C10AA05	5487
B01AC17	5489
B01AC04	5490
C02KX01	5492
C02KX01	5493
H02AB04	5497
H02AB04	5498
D06AX01	5499
D06AX01	5500
L01FE01	5502
D07XC01	5504
C07AB07	5506
C07AB07	5507
L01BA04	5513
C07FB07	5516
C07FB07	5518
R06AX27	5519
N05AX08	5520
N02AB03	5521
N05AX08	5522
N05AX08	5523
N05AX08	5524
N03AX16	5537
N03AX16	5538
B02BD08	5539
B02BD08	5540
B02BD08	5541
M05BA04	5542
B01AF01	5543
J01CR02	5545
G04CB01	5546
G04CB01	5547
N05AH03	5548
N05AH03	5549
L01FG01	5554
L01FG01	5555
L01EB02	5561
L01EB02	5562
C10AA07	5565
B05AA01	5567
C05BA53	5569
L01FA01	5573
L01FA01	5574
C09BA05	5576
C09BA05	5577
R05CB03	5580
G04BE08	5583
C08CA01	5585
C08CA01	5586
C10AA05	5587
C10AA05	5588
D01BA02	5589
J01FA10	5590
G03DA04	5593
G03GA05	5595
L04AX03	5596
L04AX03	5598
L04AX03	5599
L02AE04	5610
L02AE04	5611
G03GA02	5612
L02AE03	5613
L02BG03	5614
C09BA04	5615
C09BA04	5616
J01FA10	5617
N06AB10	5623
R01AD09	5624
R03BB04	5625
J01DH51	5626
R03BB04	5630
J01CR02	5633
G04CB01	5639
A04AA01	5644
R06AX	5647
R06AX	5648
J01DE01	5658
J01DE01	5659
N02AB03	5661
N02AB03	5662
A11CC05	5666
A12AX	5667
C09AA05	5669
C09AA05	5670
N01AB06	5671
N06AB06	5672
J07BC02	5673
L01BB05	5679
L01BC05	5680
L01BC05	5681
M03BX04	5683
N07BC01	5688
N07BC01	5689
N07BC01	5690
R06AX13	5691
A10BA02	5693
J01MA12	5694
C08CA01	5695
J01DD08	5696
J01DD08	5697
L02BB03	5704
L01XX02	5707
J01XA02	5709
N06DA03	5710
N06DA03	5711
A11DB	5712
J01DD04	5716
J01DD02	5717
J01CA04	5719
A01AD11	5724
S02DC	5725
C09BB02	5729
C09BB02	5730
J07CA02	5733
M01AE01	5734
M01AE01	5735
C04AD03	5739
H05AA02	5742
L01EA01	5754
A10BJ02	5758
J05AH02	5759
C10AA07	5761
J01DD08	5763
A11CC05	5764
L01BC06	5766
N02BE01	5768
N02BE01	5769
A10BD07	5770
A10BD07	5771
J01DC02	5774
B01AC04	5775
M05BB03	5776
L01BC05	5779
R05X	5781
J05AR10	5782
D06BB10	5783
N05AH03	5784
N05AH03	5785
M01AE01	5787
J06BA02	5788
J06BA02	5789
J06BA02	5790
M05BA07	5791
G04BD06	5792
N05AH04	5795
N05AH04	5797
L01BC05	5798
N06DX01	5801
N05AX08	5802
N04BC05	5806
N04BC05	5807
N04BC05	5808
A10BD02	5810
C10AB05	5811
C09DA07	5812
N06AB10	5823
N03AX09	5825
N03AX09	5826
N03AX09	5827
J01DC02	5828
J01MA12	5831
P01AB01	5833
L01XA03	5837
L01XA03	5838
A10AD04	5842
A10AD04	5843
A10AB04	5844
A10AD05	5846
A10BD02	5847
H01CB02	5848
H01CB02	5849
C10AB05	5856
R05CB06	5859
V01AA	5860
V01AA	5861
C10AA05	5863
L01CD02	5866
L01CD02	5867
N06AX16	5877
C05CA05	5878
R01BA52	5879
C09BB04	5880
C09BB04	5881
C09BB04	5882
C09BB04	5883
S01CA	5886
L01XA02	5888
L02BB03	5889
R03AC18	5891
M05BA08	5894
N03AX16	5896
L01EG02	5897
L04AC07	5900
L04AC07	5901
L04AC07	5902
J01CR02	5904
N02BE01	5905
L01BC05	5906
L01BC05	5907
A02BC02	5910
A02BC02	5911
R05CB01	5912
R05CB01	5913
M01AE01	5914
R01AB08	5915
J01XX01	5916
R03BA08	5924
R03BA08	5925
A10BB12	5927
A10BB12	5929
A10BB12	5930
J01MA02	5931
J01MA02	5938
N03AX09	5942
J01DC02	5944
A10BA02	5948
R03AC02	5949
J07BH01	5950
C07AB07	5951
D08AG02	5954
L01CX01	5956
C07AB07	5957
N05AX08	5958
A10BG03	5959
N01AH03	5962
N01AH03	5963
J01DC02	5966
J01FA09	5967
N06AB06	5968
N07CA01	5969
R03DC03	5970
R03DC03	5971
L02BB03	5974
G04BE08	5976
G04BD06	5979
R01AD12	5980
J01FA10	5981
B01AC04	5982
G04CA01	5983
R03AK07	5984
G03DA04	5986
J02AC01	5987
R06AX26	5988
C10AA05	5989
B02BD02	5990
B02BD02	5992
N06AX22	5996
A02BC02	5998
A03FA03	5999
N06AB05	6001
J07AL02	6002
N06AB05	6003
N03AX16	6007
N03AX16	6008
J01DC02	6012
R06AE07	6013
D07CC01	6014
C09DA06	6017
C09DA06	6018
J01CR02	6024
A02BC01	6025
A02BC01	6026
D07AC13	6027
H02AB06	6028
G04CA02	6029
J02AC01	6030
A10BA02	6031
J01FA09	6047
R05CB13	6048
M02AA31	6054
L04AX04	6055
L04AX04	6056
L04AX04	6057
L04AX04	6058
J01MA12	6059
N02BG06	6060
M01AH05	6064
M01AH05	6065
M01AH05	6066
B01AC04	6072
R03AK08	6073
R06AX26	6077
R06AX26	6078
R03CC02	6080
N06DA02	6088
N06DA02	6089
C10AA05	6092
C10AA05	6093
C10AA05	6094
L02BB03	6095
D11AX01	6096
R03AL02	6097
N03AX09	6099
C10AA08	6100
C10AA08	6101
N05AX08	6103
N05AX08	6104
N05AX08	6105
L01FG01	6109
L01FG01	6110
R06AB54	6113
M02AC	6118
M02AC	6119
R03BB01	6120
G04BE08	6121
J01DD08	6122
R03AK06	6123
R03AK06	6124
R03AK06	6125
R03AK06	6126
R03AK06	6127
C10AA05	6130
C10AA05	6131
C10AA05	6132
A10BB09	6133
J01CR05	6138
J01MA12	6143
D11AX01	6144
A02BC02	6149
A02BC02	6150
A02BC02	6151
A02BC02	6152
R03AK07	6157
R03BA02	6158
L01CA05	6161
L01CA05	6162
G04BE08	6163
N03AX16	6164
G01AA51	6169
J01GB06	6180
A02BC05	6181
G01AC05	6182
S01EE03	6187
C10AA05	6188
V06DD	6192
A11JC	6193
N06BX06	6197
L04AA24	6201
A03FA03	6204
L01BA01	6206
L01EA03	6207
B03XA01	6211
A02BC01	6212
G01AX	6213
J01XX08	6215
J01XX08	6216
R03BA02	6217
B01AC04	6218
A10BA02	6219
D03BA	6220
C09CA04	6222
C09CA04	6223
C09DA04	6224
C09DA04	6225
L02BX02	6231
L02BX02	6232
A02BC01	6233
L02BG04	6236
R06AX27	6237
L01EB01	6238
B03AC	6239
D10AF01	6240
N03AX12	6241
N03AX12	6242
R03DC03	6243
M01AE03	6248
R03AC13	6249
J01CR02	6251
M01AE03	6252
A07EC02	6253
J01DH51	6254
A08AB01	6255
N06AB10	6258
A11CC03	6260
C09BA04	6262
A02BC05	6264
A02BC05	6265
B01AC04	6267
A12BA02	6269
A10BA02	6270
N03AX11	6271
N03AX11	6272
J01DB04	6283
G03AA12	6284
A08AB01	6285
A08AB01	6286
J01CR05	6288
G04BC	6290
R03DC03	6293
N05AH03	6294
N05AH03	6295
J06BA02	6299
M01AB55	6300
C10AA07	6301
C10AA07	6302
C10AA07	6303
L03AA02	6304
L03AA02	6305
L04AA27	6306
J01MA02	6307
C07AB07	6308
C07AB07	6309
M01AE01	6310
N03AX12	6311
N03AX12	6312
M01AC06	6313
M01AC06	6314
L02AE02	6318
L02AE02	6319
M01AB05	6320
J01XA01	6322
J01XA01	6323
N03AX12	6324
L01XA03	6325
L01XA03	6326
N03AX12	6327
L03AB07	6335
D10AF01	6336
D10AF05	6337
C07BB12	6338
C07BB12	6339
C09AA05	6340
C10AA07	6342
C10AA07	6343
G04CA04	6344
G04CA04	6345
N02BE01	6347
J01CR02	6351
G04B	6352
A05AX	6353
C10AA05	6354
C10AA05	6355
C10AA05	6356
N06AB10	6358
N03AX11	6359
S01CA01	6360
J01XA01	6361
J01XA01	6362
V07AB01	6364
D02AC	6367
B03XA01	6368
B03XA01	6370
B03XA01	6372
N02AJ13	6374
A08AB01	6375
A04AA01	6380
L01XA03	6383
L01XA03	6384
D01AE15	6385
N07CA01	6387
R06AX27	6388
N06AB04	6389
D10AF01	6390
L01BC06	6393
N02BE01	6394
N02BE01	6395
N02BE01	6396
A02BC04	6398
D10AF05	6400
G04BD09	6401
D11AX01	6402
J01FF01	6404
L01XA02	6405
J01XA01	6406
C08CA01	6407
A02BC01	6408
C10AB04	6409
J01FA09	6410
L01CD02	6411
L01CD02	6412
L01CD02	6413
G01AX	6420
G01AX	6421
J01DC10	6422
N01BB01	6425
L01DB03	6426
P02CA03	6434
A10BB12	6437
A02BC04	6438
A02BC04	6439
C04AX21	6441
B03XA01	6442
J05AH01	6443
J05AR03	6445
J05AR06	6446
J07AJ51	6451
D01AC13	6453
L01XA03	6455
L01XA03	6456
J01CR02	6457
A06AB58	6459
J01XX08	6460
C09DB04	6461
C09DB04	6462
L01CE02	6463
L01CE02	6464
J01DD02	6465
J07AX	6466
J07AX	6467
L03AB07	6468
L01XA02	6469
G03GA30	6470
C08CA01	6471
J01MA17	6473
R03AK13	6474
J01CR05	6475
C09CA03	6477
C09DA03	6478
C09AA05	6480
C09AA05	6481
M02AA13	6483
N02AJ06	6484
N06BA04	6486
N06BA04	6487
N06BA04	6488
N06BA04	6489
A07FA02	6494
L01BC08	6497
J01DD02	6505
J01DD08	6512
J01DH02	6513
C07AB02	6516
B01AC24	6517
B01AE07	6523
N03AX09	6526
N03AX09	6527
N03AX09	6528
J01DC04	6529
J01DC04	6530
L01XA02	6531
V06DX	6532
V06DX	6533
V06DX	6534
N01AX10	6535
N01AX10	6536
N06AB05	6538
B02BD04	6539
J01DH02	6542
B01AC04	6544
L02BG04	6546
M05BA06	6549
C07BB07	6553
G04BE08	6557
G03AD02	6561
L01BB04	6562
L01DB01	6568
N03AX12	6569
N03AX12	6570
A02BC02	6571
C09DA03	6572
C09DA03	6573
C09DA03	6574
A08AB01	6575
C09CA08	6576
C09CA08	6577
C09CA08	6578
A12AX	6581
H01BB03	6583
J07AH08	6584
M01AB05	6586
M01AB05	6587
M01AB05	6588
N06AA04	6589
N06AA04	6590
M01AB05	6591
M01AB05	6592
M01AB05	6593
M01AB05	6594
M03BX01	6595
M03BX01	6596
N03AF01	6597
N03AF01	6598
C01DA02	6599
M01AB05	6600
J01DB01	6602
J01DB01	6603
J01DC04	6604
J01DC04	6605
N06AB05	6606
N06AB05	6607
N06AB05	6608
N03AF01	6615
N06AA04	6616
L01DB03	6618
N03AX12	6620
N03AX12	6621
N03AX12	6622
M03BB53	6623
B01AB12	6624
B01AB12	6625
B01AB12	6626
J06BA02	6631
J06BA02	6632
J07BH01	6634
N03AX12	6635
N02BE01	6636
N02BE01	6637
M01AB05	6638
M03AX01	6645
B01AC04	6649
L01CD01	6650
L01CD01	6651
L01CD01	6652
L01DB03	6653
L01DB03	6654
L01XA01	6655
L01XA01	6656
B03AD03	6657
B03BB01	6658
M05BA03	6661
M01AG01	6663
G03DB08	6664
A02BC03	6668
A02BC03	6669
S01GX08	6674
M03BX02	6675
M03BX02	6676
N03AF02	6677
N03AF02	6678
N03AF02	6679
N03AF02	6680
C08CA05	6681
C08CA05	6682
A01AB09	6687
N03AX12	6689
R06AB54	6691
S01AA26	6692
S01BA01	6694
B05XA	6695
D07AD01	6696
D07AD01	6697
R06AX26	6700
A10BB12	6702
A10BB12	6703
A10BB12	6704
A10BB12	6705
A06AG11	6712
P01AB01	6713
C09AA01	6714
C07BB07	6715
J01DC02	6719
N03AX14	6721
N03AX14	6722
J06BB01	6723
B03AB05	6724
R01AB01	6726
C10AA01	6727
C10AA01	6728
C10AA01	6729
J01DC02	6730
G03DA04	6738
G03DA04	6739
A03AX12	6740
M01AE01	6745
A02BC02	6746
S01CA01	6752
S03AA07	6753
S02AA30	6754
A10BH05	6755
M04AA03	6756
G03CA03	6757
M04AA03	6758
R06AA52	6762
R01AD09	6763
C09CA08	6764
C09CA08	6765
C09CA08	6766
G03DA04	6767
M01AE17	6768
L04AB05	6769
G04BE09	6772
B01AF01	6773
B01AF01	6775
J01DH51	6776
L01CB01	6779
J01CR05	6781
J01CR05	6782
J01DD04	6784
J01DD04	6785
J01DD04	6786
J01DD04	6787
B03XA01	6791
N05AX13	6797
N05AX13	6798
N05AX13	6799
N05AX13	6800
A06AX05	6805
A06AX05	6806
N01AX10	6812
A03A	6814
C09DB06	6817
C09DB06	6818
C09CA06	6822
C09CA06	6823
B03BA05	6824
R01AD08	6825
B05BA02	6830
B05BA01	6831
A11BA	6832
B05BA02	6833
R01AD09	6834
R05DB13	6835
C09BB06	6836
A10BB12	6837
A10BB12	6838
A10BB12	6839
A10BB12	6840
R06AX	6841
J01XX08	6844
C09CA01	6845
C09CA01	6846
C09DA01	6847
C09DA01	6848
C09DA01	6849
N05CD08	6850
J01DD08	6853
C09DA03	6854
C09CA03	6855
N03AX09	6858
B01AB12	6860
B01AB12	6861
C01CX08	6862
L02BA03	6863
J06BB01	6865
B03AB	6867
A01AB09	6868
A11A	6869
D05AX52	6872
N03AX16	6879
N03AX16	6880
A11CC05	6881
A08AB01	6883
N06AB05	6884
N06AB05	6885
N02AJ13	6886
N03AX14	6887
A07EC02	6890
J01DD04	6891
J01DD04	6892
J01DH02	6893
J01DH02	6894
N06AB04	6895
L01XA02	6903
H02AB04	6904
D07AC13	6905
L01CE02	6906
L01CE02	6907
J06BA02	6909
J01DD04	6912
H01BA02	6914
H01BA02	6915
J01MA14	6917
G03XC01	6918
N03AX14	6919
J02AC02	6922
A02BC05	6924
A02BC05	6925
A02BC03	6926
C05CA03	6927
L01EG02	6930
N05AH03	6934
N05AH03	6935
B01AC04	6938
A02BC01	6939
R03DC03	6940
R03DC03	6941
R03DC03	6942
A07BC05	6943
R01AC03	6946
J01FA10	6947
L01EC01	6951
N03AF01	6953
J01AA02	6955
B02BD04	6958
L01BB02	6962
J01FA09	6963
J02AX04	6965
J02AX04	6966
D01AE14	6968
L02BB03	6969
L01BC05	6970
L01BC05	6971
R01AD58	6975
L01EA01	6976
L02BG04	6977
D01AC52	6978
D10AF05	6979
J01XA02	6980
M05BA08	6982
L01CD01	6983
L01CD01	6984
L01CD01	6985
R06AX27	6986
J01CR02	6988
R03DC03	6991
R03DC03	6992
S01BA01	6993
N05CD08	6995
J01DH02	6997
J01CA04	6999
N01BB01	7000
N03AX09	7001
N05C	7003
B01AC06	7004
N03AX11	7010
N03AX11	7011
A02BC01	7012
N05AH03	7014
N05AH03	7015
C10AA05	7017
C10AA05	7018
J01DH51	7020
J01DH02	7021
B03AC	7023
J01CR02	7025
N01BB52	7026
N06AB10	7027
N06AB10	7028
N06AB10	7029
H01AC01	7032
N05AX08	7035
N05AX08	7036
C10AA07	7037
C10AA07	7038
H02AB06	7041
C10AA05	7042
C10AA05	7043
C10AA05	7044
C09CA03	7045
C09CA03	7046
R03DC03	7047
A10BG03	7048
C02CA04	7049
L01BC05	7050
L01BC05	7051
L01DB01	7052
L01DB01	7053
L01XA03	7054
S01AD09	7057
N03AX11	7058
N03AX11	7059
N03AX11	7060
N03AX11	7061
C09CA03	7063
C09CA03	7064
C09CA03	7065
L01BB04	7068
G03DA04	7069
J06BA02	7073
J06BA02	7074
J06BA02	7075
J06BA02	7076
H02AB08	7077
N07XX07	7078
C09DA01	7082
C03DA04	7087
C03DA04	7088
A07FA01	7091
J01MA02	7092
J01MA02	7093
D07AC13	7094
D06AX01	7095
L01CD02	7097
L01CD02	7098
L01CD02	7099
N01BB09	7101
C10AA05	7115
C10AA05	7116
L04AD02	7117
L04AD02	7118
L04AD02	7119
J05AB11	7120
N06DX01	7121
B05DB	7122
J01MA12	7123
B05BA10	7125
B05BA10	7126
B05BA10	7127
B05BA10	7129
B05BA10	7130
B05BA10	7131
B05BA10	7132
J01FA10	7136
J02AC01	7137
R03	7142
L01EB02	7145
L01BC06	7146
H01CB03	7147
H01CB03	7148
H01CB03	7149
L03AB07	7150
M03BB53	7152
S01EA05	7153
D01BA02	7155
D01AE15	7156
J01AA07	7158
H02AB02	7159
A07EA06	7160
M05BA07	7163
C08CA05	7167
J01FA09	7168
C10AA01	7169
C10AA01	7170
C09AA05	7171
C09AA05	7172
C09CA01	7173
C09DA01	7174
M01AH01	7176
C10AA05	7177
G03GA02	7178
G03GA02	7179
N02BE51	7180
G02AD02	7183
C10AB05	7184
V07AB01	7185
N01BB02	7187
J05AB14	7188
A10AB05	7190
B02BD01	7193
M05BA07	7194
J01MA12	7195
J01MA12	7196
A02BC02	7197
J01DH02	7198
C02CA04	7199
J02AC02	7204
J02AC02	7205
B05	7211
B05	7212
J02AC01	7214
J01MA12	7216
D03AX	7220
R06AE09	7221
R06AE09	7222
N06AB10	7223
N06AB10	7224
N06AB10	7225
C09DX	7226
C09DX	7227
N04BA02	7228
A02BC02	7232
J01MA12	7233
V03AE01	7234
G01AF02	7235
L01FE02	7237
L01FE02	7238
A10AE06	7239
J01DC10	7242
C08CA01	7243
C09AA05	7244
M01AH01	7246
J02AC01	7249
J01XA01	7250
V03AE03	7251
V03AE03	7252
G03DA04	7253
R06AX29	7257
C02CA04	7258
G04BE03	7261
A08AB01	7262
D07CC01	7263
D08AC52	7264
V03AE02	7265
L01BB06	7266
L03AX16	7267
L02BG04	7268
N03AX09	7269
N03AX09	7270
C08CA01	7273
C08CA01	7274
L03AX03	7276
L01BC05	7280
L01BC05	7281
B01AC04	7282
J06BB02	7283
J01AA04	7284
R05DA09	7285
J02AC01	7286
J02AC01	7287
P01BA02	7289
A10BD02	7290
G04BX14	7291
G04BX14	7292
L01EA01	7294
L01EA01	7296
J01MA12	7303
R06AX27	7304
M03BX	7305
L02BG04	7306
N02BE01	7307
L01EA01	7308
A11CC05	7309
V03AE02	7310
C09DB01	7311
C09DB01	7314
A15A	7315
G04CA02	7316
L02BG04	7317
J06BA02	7318
G03DA04	7319
A11CC05	7320
D06AX	7321
A03AX13	7322
L04AC05	7323
H03AA01	7327
M01AE01	7328
J01AA12	7329
C08CA01	7330
C08CA01	7331
D01AC03	7332
C09CA04	7333
C09CA04	7337
C09CA04	7338
J05AG01	7339
J05AR03	7340
J05AR01	7341
J05AF01	7342
J05AF05	7343
J05AR12	7344
M01AE51	7345
N03AX16	7346
C08CA01	7347
L04AA10	7348
J05AG03	7349
N03AX14	7350
N05AX08	7352
N05AX08	7353
N05AX08	7354
N05AX08	7355
N05AX08	7356
N05AX08	7357
J01FA10	7358
J01FA10	7359
N06DA02	7360
N06DA02	7361
N05AH03	7362
N05AH03	7363
L01DB01	7365
L01DB01	7366
L01CD01	7367
L01CD01	7368
L01CD01	7369
N06AB06	7371
N03AX14	7372
B03XA02	7373
B03XA02	7374
B03XA02	7375
B03XA02	7376
B03XA02	7377
B03XA02	7378
B03XA02	7379
B03XA02	7381
B03XA02	7383
C10AA07	7384
A11CC05	7385
C09DA04	7386
C09DA04	7387
C09DA04	7388
C09CA04	7389
C09CA04	7390
R05CA03	7393
N05AH03	7394
N05AH03	7395
L01EA01	7396
L01EA01	7397
M03AC09	7400
J01MA12	7401
J01MA12	7402
L04AX02	7404
N01AX10	7405
H02AB04	7406
C09DB02	7408
C09DB02	7409
C09DB02	7410
C09DA08	7411
C09DA08	7412
C09DA08	7413
C09DA08	7414
N02BE51	7415
M01AE51	7417
M05BA08	7419
S01LA05	7420
A12AX	7421
A11CC05	7422
A12AX	7423
H02AB09	7427
A12CX	7428
N05AX08	7429
H05BX01	7430
H05BX01	7431
H05BX01	7432
N02BE01	7434
L04AA06	7435
J01FA10	7436
R06AX27	7437
L02BG06	7440
L01BC05	7443
L01BC05	7444
R03AK13	7445
R03AK11	7446
R03AK11	7447
L01CA02	7452
A03FA03	7455
G03HB01	7465
N03AX18	7469
N03AX18	7470
N03AX18	7471
N03AX18	7472
C09DB05	7479
C09DB05	7481
C09DB05	7482
L01XA03	7483
L01XA03	7484
G04BE03	7485
R03DC03	7486
R03DC03	7487
N06AB05	7488
C10AA05	7490
L01EA01	7491
A11CC05	7492
A12AA04	7493
D10AD01	7494
L01XX05	7495
C10AA07	7496
C10AA07	7497
C10AA07	7498
N01BB58	7500
R07AA	7502
L04AX01	7506
C01AA05	7507
C01AA05	7508
R06AX27	7509
C10BA03	7510
A11CC05	7511
N06AB10	7512
N06AB10	7513
N06BA09	7514
N06BA09	7515
N06BA09	7516
N06BA09	7517
N06BA09	7518
B02BX04	7521
C10AA05	7525
C10AA05	7526
S01BC03	7527
R05CB06	7530
D06AX01	7531
D07CC01	7532
L04AC02	7533
R03BB06	7534
M01AC02	7535
G04BE03	7536
D07AC13	7539
D03AX	7543
A03AX12	7544
C09BA15	7547
A06AD15	7548
L01DC01	7551
A03DB04	7552
L01CE02	7554
S01HA02	7555
D02AF	7558
N06CA02	7559
D06BX01	7560
R06AX27	7562
C10AA05	7569
C08CA01	7570
A02BC05	7571
C07AB02	7573
M05BA07	7576
L01AX04	7579
A02BC06	7582
A02BC06	7583
N05AL05	7585
L01XX44	7586
L01AA09	7587
A11CC05	7589
J01XE01	7591
M01AB05	7594
M01AB05	7595
V03AE07	7596
A11DB	7597
J01CA04	7598
G04BE08	7600
M03BC51	7602
C09CA04	7603
C09DA04	7604
A02BC05	7605
A02BC05	7606
N06AB10	7609
A11CC05	7610
N02BE51	7611
D11AX18	7612
A02BC03	7613
N02BE01	7614
J01XA01	7615
J01DD04	7617
J01DD04	7618
A02BC04	7622
M01AB55	7624
C01DX12	7626
B02BB01	7628
L01FD02	7629
D11AH02	7630
L01EB02	7631
L01EB02	7632
B01AB01	7633
N02BA01	7635
A07FA01	7637
L01XX44	7638
L04AD02	7639
L04AD02	7640
L04AD02	7641
L04AD02	7642
L01BA04	7643
L04AA06	7644
N01BB53	7645
M03AX01	7646
N05AX12	7647
N05AX12	7648
L02BG03	7650
A07DA03	7651
H01CB05	7653
H01CB05	7654
H01CB05	7655
L04AA29	7658
M01AB55	7659
D10AD51	7660
D10AD51	7661
S01AA12	7662
A02BC07	7663
M01AB05	7664
M01AB05	7665
A11DB	7666
M01AC06	7668
J01CA04	7669
L01XA02	7670
L01XA02	7671
C09DA04	7674
C09CA04	7675
C09DA04	7676
J01DD08	7677
A04AA01	7678
A04AA01	7679
N05AH03	7680
G01AF	7681
A01AB03	7685
D07CC02	7687
L02BG06	7688
N05AH02	7689
L02BG04	7694
D11AX16	7697
G04BE08	7698
C05AA01	7703
M01AC56	7706
N03AX18	7707
N03AX18	7708
N02BA51	7709
C09AA05	7710
C09AA05	7711
C09AA05	7712
A03FA01	7713
L01CD01	7715
L01CD01	7716
L01CD01	7717
D08AC52	7718
C10AA07	7724
L01DB01	7726
C10AB05	7727
N02CC03	7728
D01AC01	7729
R03DA11	7730
R03DA11	7731
N03AX16	7732
G04BD12	7733
A02BC04	7734
A12AA03	7735
M03BA53	7738
N01BB02	7742
N01BB54	7743
R02AA05	7744
M01AB05	7745
C08CA01	7746
M01AE01	7748
A02BC01	7750
B03AD03	7752
L01FD03	7753
L01FD03	7754
G04BE08	7755
A11CC05	7760
G01AF05	7761
C09DX03	7762
C09DX03	7763
C09DX03	7764
C09DX03	7765
C09DX03	7766
C10AA07	7767
C10AA07	7768
C10AA07	7769
R03DC03	7770
R03DC03	7771
R03DC03	7772
A02BC05	7773
A02BC05	7774
A02BC04	7775
A02BC04	7776
B03AA07	7777
A02BC04	7778
J01DD04	7779
A02BC01	7781
C01CA06	7787
M01AB05	7788
M01AB05	7789
N06AX21	7790
N06AX21	7791
N07CA01	7792
A02BC02	7793
G04BE08	7798
R01AD09	7806
C01CA24	7809
L01EB03	7811
L01EB03	7812
R05X	7817
J01DD04	7818
J01DD04	7819
B01AC04	7820
J01AA12	7824
D10AF01	7825
G02CB03	7826
G02CB03	7827
A10BH02	7832
A02BC05	7836
J01DD08	7837
C07AB07	7838
S01AA23	7839
A02BC05	7840
C09CA09	7841
C09CA09	7842
C09DA09	7843
C09DA09	7844
A07EC02	7846
J01MA12	7847
L04AA31	7849
A04AA01	7850
A04AA01	7851
G03AD01	7852
N06AB05	7853
N05AH04	7855
N05AH04	7856
N03AX16	7857
N03AX16	7858
C10AA07	7861
C10AA07	7862
R03DC03	7864
L01AX04	7865
L01AX04	7866
L01AX04	7867
H02AB04	7868
D01AC01	7869
B01AF01	7870
A10BH01	7871
M01AH05	7872
D10AF02	7875
R01AC03	7877
N06CA02	7878
A12CC	7879
B03AB02	7882
L01EA01	7884
C09CA03	7889
C09CA03	7890
C09CA03	7891
C09DA03	7892
C09DA03	7893
C09DA03	7894
C09DA03	7895
C09DA03	7896
D07AC13	7897
J01MA02	7898
R03AK10	7907
R03AK10	7908
R05DB13	7909
J01DD15	7910
N02AJ06	7911
N02AJ13	7913
N02AX02	7918
M01AE02	7919
M01AE02	7920
V03AE02	7921
R06AX	7922
J01DD04	7923
A10BH04	7926
N03AX16	7928
N03AX16	7929
A03BB01	7930
S01AE01	7932
S01FA04	7933
C09CA03	7934
C09DA03	7935
C09DA03	7936
L01FX04	7938
R05CA12	7940
N02AA05	7941
N02AA05	7942
N02AA05	7943
C10BA05	7947
N02AX02	7949
N02AX02	7950
N02AX02	7951
J01MA02	7952
M03AX01	7956
M03AX01	7957
S01FA06	7959
L02BB04	7960
A10AD06	7961
L03AA02	7964
L03AA02	7965
L03AA13	7966
A10BD13	7967
A10BD13	7968
D07CB01	7969
L01FX05	7970
C09CA03	7972
A06AB58	7973
B03AC	7974
N01AB08	7976
L01BA05	7978
B02BD02	7980
N05AH04	7982
J01XA02	7985
J01XA02	7986
S01GX07	7987
R03AL04	7989
M05BA08	7990
A10BD07	7991
A10BD07	7992
A10BD07	7993
L04AX07	7994
L04AX07	7995
N06AX26	7996
N06AX26	7997
N06AX26	7998
L01EJ01	7999
L01EJ01	8000
L01EJ01	8001
C02KX05	8002
C02KX05	8003
C02KX05	8004
C02KX05	8005
C02KX05	8006
J01RA	8010
N02AX02	8011
N02AX02	8013
D10AF51	8014
M05BA08	8015
L01BC06	8016
D07AC14	8017
G03AC08	8018
A11CC05	8024
A11CC05	8025
A11CC05	8026
D07CA01	8030
C05CX	8031
C09DB01	8032
C09DB01	8033
C10BX03	8034
C10BX03	8035
G04BE08	8036
G03GA01	8048
L02BG03	8049
L02BG04	8050
D07AC18	8052
L01FD01	8053
S02CA07	8059
R06AX27	8060
L04AX03	8062
L04AX03	8063
L04AX03	8064
L04AX03	8065
L04AX03	8066
J05AR10	8067
M02AA15	8068
M01AB05	8069
G04CB01	8070
B05BA10	8075
B05BA10	8076
D05AA	8081
B01AC17	8082
A10BJ05	8083
A10BJ05	8084
A10AD05	8085
A10AB05	8087
A10AD01	8088
A10AE05	8089
J01DE01	8090
N02BE01	8092
J07BD54	8093
N05BA12	8094
N05BA12	8095
N06DA02	8096
G01AF02	8098
A11EA	8099
A04AA01	8100
N01AH06	8101
N01AH06	8102
C01EB18	8103
C01EB18	8104
C01EB18	8105
N05CM09	8106
N02AA05	8107
A10AD05	8111
A10AE05	8112
A10AB05	8113
C10AA07	8118
C10AA07	8119
H02AB13	8120
H02AB13	8121
A02BC02	8125
A02BC06	8127
A02BC06	8128
C09BX01	8130
C09BX01	8131
C09BX01	8132
C09BX01	8133
N03AG01	8138
B03BB01	8141
J01DH02	8142
J01DH02	8143
R02A	8144
C03CA01	8145
R03AK11	8147
R03AK11	8148
R03AK11	8149
V03AB35	8155
D07XC01	8156
C05BX01	8157
C05BX01	8158
N03AG01	8159
N06BX06	8165
A02AC10	8169
M05BA07	8173
M05BA07	8174
M05BA07	8175
C02CA06	8176
N06DA02	8177
J01DH03	8181
V03AE02	8183
B02BD04	8186
B02BD04	8187
B02BD02	8188
B02BD02	8189
D06AX01	8191
D06AX01	8192
D07CC01	8193
L04AD02	8194
L04AD02	8195
L04AD02	8196
L01FA03	8201
L04AC07	8202
A10BK03	8203
A10BK03	8204
L01EA01	8210
M05BA04	8214
M05BA04	8215
M05BA04	8216
M05BA04	8217
M01AG01	8222
N03AX16	8223
C03CA01	8224
G03CA03	8225
G03DA04	8226
J01DD15	8227
B05XA07	8230
G04BX06	8231
C09DX01	8232
C09DX01	8233
C09DX01	8234
C09DX01	8235
M01AB55	8236
M01AB55	8237
L01FF02	8239
A02BC01	8240
A02BC01	8241
N05AH04	8242
N05AH04	8243
N05AH04	8244
N05AH04	8245
A13A	8246
C03CA01	8249
D08AG02	8250
D08AG02	8251
N01BB02	8252
A10BK01	8253
H02AB09	8254
J05AB09	8255
J05AB09	8256
N05AX08	8260
N05AX08	8261
N05AX08	8262
N05AX08	8263
N05AX08	8264
G03FB01	8269
G03BB01	8270
G03DA03	8272
D01AC05	8273
D11AX01	8274
D11AX01	8275
B03BB51	8278
H02AB02	8279
A16AB07	8281
R06AE07	8284
H01AB01	8285
A04AA05	8286
A07XA04	8287
A07XA04	8288
L04AA23	8289
C05CA53	8290
G03GB02	8292
N06AX16	8299
N06AX16	8300
G03HB01	8301
A02BC01	8302
J05AX12	8304
G04CA01	8306
C10AA05	8307
A02BC05	8308
A02BC05	8309
C10BA05	8312
C10BA05	8313
M02AA10	8314
B02BD06	8315
A10BD09	8316
A10BD09	8317
A10BD09	8318
A07EC02	8319
A07EC02	8320
A07EC02	8321
J01CR02	8322
S01AA13	8323
A01AD11	8324
C01DA02	8325
C01DA02	8326
R06AX27	8329
L01FF01	8331
L01FF01	8332
A10BG03	8333
L01XJ01	8338
A10BD11	8339
J01DD15	8340
D01BA02	8341
N06AX21	8342
N06AX21	8343
N05CM09	8345
N05CM09	8346
N03AX22	8347
N03AX22	8348
N03AX22	8349
N03AX22	8350
N03AX22	8351
N03AX22	8352
C09DA03	8353
C09DA03	8354
C09DA03	8357
G03CA04	8360
R01AD09	8362
S01CA01	8363
C08DB01	8364
D08AF01	8365
M04AC01	8366
C01BG11	8368
N02BE01	8372
C01DX12	8373
R03BB01	8374
N06AB06	8377
J01FF01	8378
J01FF01	8379
D10AF01	8380
D10AF01	8381
N05AH04	8382
N05AH04	8383
N05AH04	8384
N05AH04	8385
N05AH04	8386
N05AH04	8387
N03AX16	8388
N03AX16	8389
N03AX16	8390
R03AK06	8394
R03AK06	8395
R03AK06	8396
J01RA	8397
L04AA33	8398
J01GB06	8399
P01AB01	8402
C10AB04	8403
R06AX	8404
R06AX13	8405
R06AX13	8406
R03DC03	8407
B01AC06	8408
B05BA01	8409
A03CA02	8410
D11AX18	8411
J01CR02	8412
A10AE04	8413
A10AE04	8414
D01AC07	8418
N06DX01	8419
N06DX01	8420
C01DA02	8421
A12AX	8422
A13A	8423
R05CA12	8424
A02BC01	8425
B05AA01	8428
M01AH01	8433
R03AL02	8435
A04AA02	8436
A04AA02	8437
A12CC	8438
L04AC10	8441
R01AA05	8443
C10AC01	8444
L02BG03	8445
H01CC01	8446
C09DX04	8447
C09DX04	8448
C09DX04	8449
D11AX01	8451
J07BC01	8452
J07BC01	8453
J07CA11	8454
J07BD52	8455
R07AA	8456
R07AA	8457
J01MA02	8458
N07AA02	8459
L04AA24	8460
M02AA15	8461
C10AA07	8462
M01AH01	8463
M01AH01	8464
N06DA02	8466
N06DA02	8467
N06AB10	8468
N06AB10	8469
N06AB10	8470
N06AB10	8471
A02BC04	8472
A02BC04	8473
A02BC04	8474
A02BC04	8475
A07FA02	8477
M05BA08	8478
L01BC06	8479
G03AD02	8480
N03AX14	8481
N03AX14	8482
N03AX14	8483
N03AX11	8484
C10AA05	8485
C10AA05	8486
L01XA03	8487
L01XA03	8488
A10BD11	8489
N06DA03	8491
L01FG02	8492
L01FG02	8493
A10AE01	8496
A10AB01	8497
L01FX07	8498
L01XG02	8499
S01GX08	8502
V03AF03	8503
V03AF03	8504
B01AC06	8506
A02BC01	8507
M01AE17	8508
C10AA05	8509
C10AA05	8510
C09DA04	8512
C09DA04	8513
C09DA04	8514
N05AH04	8515
N05AH04	8516
N05AH04	8517
J01DD04	8518
J01DD04	8519
L01EF01	8520
L01EF01	8521
L01EF01	8522
L01EX09	8524
L01EX09	8525
M01AH01	8526
M05BA08	8527
S02CA06	8528
C01CE02	8529
L02BG03	8530
G04BE03	8531
G04BE03	8532
N02AA55	8534
N02AA55	8535
C10AX13	8541
C10AX13	8542
R03AL06	8543
G04CA01	8544
A13A	8546
A03FA	8547
A03FA	8548
A04AA55	8551
A02BC05	8553
N06AX11	8556
B02BD02	8558
C01AA05	8559
D07AC01	8560
N03AX14	8561
N03AX14	8562
D07XC01	8563
H02AB01	8565
C01CA04	8566
J07CA	8569
C08CA01	8570
A10BH03	8571
A10BH03	8572
M03BC51	8573
N05AL07	8575
G02AX	8577
N07AA01	8578
A10BA02	8579
A10BA02	8580
A10BA02	8581
A10BA02	8582
C09DB01	8584
A11CC05	8585
A11CC05	8586
N05CD08	8587
G04CB01	8588
G04CA02	8589
C01CA03	8590
D10BA01	8593
D01AE16	8594
C05AD	8596
C05AD	8597
A06AB07	8603
L04AX03	8605
L04AX03	8606
L04AX03	8607
A03AB02	8608
J01CR05	8609
M01AB05	8610
J02AC01	8613
G03DA04	8616
J01DD13	8617
J01DB05	8620
J01DB05	8621
G03AA10	8622
N06DX01	8628
R06AE07	8633
R06AE07	8634
R06AE07	8635
R06AX26	8637
R06AX26	8638
J01CE01	8639
J01CE01	8640
N01AX03	8641
A04AA01	8643
A02BC03	8644
M01AX	8649
A12AX	8650
N02BE01	8651
D10AD03	8652
N02BE51	8653
N02BE51	8654
N02BE01	8655
B03AD	8656
R06AE09	8657
N02BE01	8658
N02BE01	8659
C10AA05	8660
N01BB02	8661
N01BB02	8662
N01BB02	8663
G03CC06	8664
C01DX16	8669
C01DX16	8670
A02BC01	8671
S01GX08	8672
M03AX01	8673
M03AX01	8674
J07CA09	8675
A10BD20	8680
A10BD20	8681
A10BD20	8682
A10BD20	8683
G03AA10	8684
N02BE51	8685
C10BA05	8686
C10BA05	8687
C10BA05	8688
A04AA01	8689
A04AA01	8690
M04AC01	8692
G04BE08	8695
L01CD04	8701
N03AX12	8704
N03AX12	8705
J01CR05	8706
M01AB05	8707
R05X	8708
R05X	8709
A11DB	8710
N02BE51	8711
A11CC05	8712
L01AX03	8713
L01AX03	8714
L01AX03	8715
L01EX08	8719
L01EX08	8720
C10BX06	8721
C10BX06	8722
C10BX06	8723
D10BA01	8724
D10BA01	8725
M01AC01	8726
B03AC	8728
B03AC	8729
L02AE02	8731
L02AE02	8732
L01BC02	8733
L01CD02	8734
L01CD02	8735
J01CR02	8736
J07BM03	8737
N03AX16	8738
J01MA12	8739
J01MA12	8740
G04BE08	8741
M02AA12	8742
N01BB03	8743
H02AB04	8744
J01GB06	8745
G03GA01	8746
G03GA01	8747
R06AB02	8748
J01FF01	8751
N06AB10	8753
N06AB10	8754
R02AA15	8756
D08AG02	8757
B05XA05	8758
A07XA04	8759
A07XA04	8760
G03CA03	8761
J05AB11	8763
N03AX09	8764
N03AX09	8765
N03AX09	8766
C07AB07	8767
C07AB07	8768
C07BB07	8769
A02BC01	8773
J01XA01	8774
A07EC02	8775
G04BX14	8777
G04BX14	8778
G03BA03	8779
R03BA02	8782
N05AG02	8783
M05BA07	8785
J01XA01	8786
J01XA01	8787
L04AC05	8788
B02BX05	8789
B02BX05	8790
L01EX03	8791
L01EX03	8792
N05BA12	8793
C03DA01	8794
N06DX01	8796
N06DX01	8797
R03BA02	8800
L01CD02	8804
L01XA02	8805
L01XA02	8806
D06AX09	8807
N03AX14	8809
N03AX14	8810
N03AX14	8811
M01AE51	8812
L01BC02	8814
C09CA03	8815
C09CA03	8816
C09DA03	8817
C09DA03	8818
C09DA03	8819
J01CR02	8820
M03BA03	8822
N06AX16	8823
N06AX16	8824
A02BB01	8825
B05XA31	8826
N06AX16	8827
N06AX16	8828
N06AX16	8829
N05AH03	8830
N05AH03	8831
B01AX05	8832
R06AE09	8833
L01CD02	8834
L01CD02	8835
L01EB04	8836
J01CR02	8838
J01DD15	8839
J01DD15	8840
J01DD15	8841
C02KX01	8842
C02KX01	8843
A07AA02	8844
R05CA12	8847
J07AL01	8848
B02BD02	8849
B02BD02	8850
B02BD02	8851
B02BD02	8852
V03AB37	8853
A10BJ02	8854
N01AH01	8856
N01AH01	8857
A02BC01	8858
J01XX08	8859
L01CE01	8862
N05CD08	8863
N05CD08	8864
N01AH01	8865
A02BC02	8868
M02AA31	8869
D06BB53	8870
A03FA01	8871
J01DD07	8876
J01DD08	8877
J01DD08	8879
J01DD08	8880
L02BB03	8881
N03AX16	8882
N03AX16	8883
C05CA54	8886
S01BA14	8887
N06AX21	8888
N06AX21	8889
L04AA29	8892
A02BX13	8893
N05AX13	8894
N05AX13	8895
N05AX13	8896
N05AX13	8897
C02KX04	8898
L01FC01	8899
L01FC01	8900
L01FF05	8901
H03BB02	8903
H03BB02	8904
H03BB02	8905
C01CA06	8906
A10AE04	8907
G03GA06	8908
G03GA06	8909
B02BD02	8910
B02BD02	8911
J01DI54	8912
S01EC03	8913
S01EE05	8914
S01ED51	8915
A04AA01	8918
J01CR02	8919
R02A	8920
M05BX04	8921
N01AH01	8922
A02BC01	8923
C01EX	8924
M05BA08	8925
J02AC01	8926
S01AE08	8927
D10AD04	8928
G03DA04	8929
D07AB02	8931
D07AB02	8932
D07AB02	8933
J02AC03	8938
J02AC03	8939
L01AA09	8942
L01AA09	8943
L04AC13	8944
J07BK01	8947
A10AB04	8948
N06DA03	8949
N06DA03	8950
N06DA03	8951
R05CA12	8952
D11AX01	8953
S01AA23	8957
A04AA01	8958
A04AA01	8959
N06DA02	8960
N06DA02	8961
A04AA01	8962
C01CA24	8963
C01CA24	8964
A07EA06	8965
A10BK02	8971
A10BK02	8972
C05A	8973
R01AB06	8975
R01AB06	8976
R01AB06	8978
L02BG06	8979
A02BC05	8980
J01MA12	8981
J06BB02	8982
B02BD06	8983
B02BD06	8984
B02BD06	8985
B02BD02	8986
B02BD02	8987
B02BD02	8988
B05AA01	8989
A10BB12	8990
J01MA02	8991
B01AC04	8992
A10BD10	8993
A10BD10	8994
D07AB02	8996
N05AH03	8998
N05AH03	8999
L04AA32	9000
L04AA32	9001
L03AB07	9002
L03AB07	9003
J07BF03	9004
C10AA03	9005
C10AA03	9006
N06BA07	9007
M05BA07	9008
J01DD13	9009
J05AB11	9010
A10BA02	9011
A10BA02	9012
A04AA01	9013
H02AB02	9014
A04AA02	9015
L01XA02	9016
D11AH01	9017
R03AC02	9019
V03AB15	9020
V03AB15	9021
D06AX	9022
C01DX16	9023
C01DX16	9024
C03DA04	9025
C03DA04	9026
D08AG02	9029
J06BB04	9031
J06BB04	9032
M05BA08	9033
A11DB	9034
A11DB	9035
G04BD08	9036
G04BD08	9037
V07AB01	9038
J01DD08	9039
M04AA01	9040
M04AA01	9041
G03AC09	9042
J05AP08	9043
D04AA32	9045
L03AX03	9046
A11CC05	9048
S01FB01	9050
L01BC59	9051
L01BC59	9052
L01AX03	9053
L01AX03	9054
L01AX03	9055
L01AX03	9056
N02AB03	9058
N02AB03	9059
D10AD53	9061
C10AX09	9063
C10BA02	9064
C10BA02	9065
A16AX	9066
C03DA04	9067
C03DA04	9068
J05AB14	9069
C09CA04	9070
C09CA04	9071
G04CA02	9072
J07BC02	9073
G04CB01	9081
G01AX	9083
A03BB01	9086
A03FA01	9087
A04AA01	9090
G03FA14	9092
N06AX21	9093
N06AX21	9094
B01AC23	9095
G03AA12	9096
M01AH05	9097
M01AH05	9098
M01AH05	9099
J02AC01	9100
J02AC01	9101
A04AD12	9102
L01AA09	9103
L01AA09	9104
N02BE01	9105
B03AE02	9106
G03AA12	9108
J07AH08	9109
A03AX12	9110
J02AC03	9111
G03AA12	9112
G03XC01	9114
A10BA02	9115
A04AA01	9116
A04AA01	9117
G03DA04	9118
C05AE01	9120
N04BA03	9122
N04BA03	9123
N04BA03	9124
A11CC05	9125
N03AG01	9126
J01DD04	9127
A02BC01	9128
J01DD02	9129
J01DH51	9130
J01DD01	9132
C03CA01	9133
J01DH02	9134
J01RA	9139
J01RA	9140
A11CC05	9141
J01DD04	9144
J01CA04	9146
J01CA04	9147
M03C	9148
A03FA08	9149
L04AC05	9150
G04BE03	9151
L01XX52	9152
L01XX52	9153
B03AD	9154
B03AD04	9155
B03AD04	9156
D01AE16	9157
C10BA04	9160
C10BA04	9161
N05AX13	9162
N05AX13	9163
N05AX13	9164
A10AE56	9165
D01AE22	9166
J05AR13	9167
V03AC03	9169
V03AC03	9170
L01XG03	9172
L01XG03	9173
L01XG03	9174
L01XX52	9175
L01XX52	9176
D06BA01	9179
D06BA01	9180
A02BC01	9181
S02AA15	9182
R05CA12	9183
J06BA02	9184
J06BA02	9185
J06BA02	9186
B05XA03	9189
B05XA03	9190
A07EC02	9191
R06AX	9196
B05BB01	9198
C10AA05	9199
C10AA05	9200
N06CA02	9201
L01XA03	9202
L01XA03	9203
R05CB01	9204
N02AB02	9205
A11CC05	9206
A11CC05	9207
L01CE02	9209
L01XA03	9210
L01BC05	9211
L01CA04	9212
C01CA26	9214
D10AD01	9215
M01AE03	9216
J05AB11	9217
J05AB11	9218
A11DB	9220
J01MA14	9221
A12CC	9222
J01MA12	9223
C03BA11	9224
N01BB58	9227
J01XB01	9228
A02BC05	9230
C10AA05	9234
A10BX02	9235
A10BX02	9236
A10BX02	9237
R03BA02	9238
R03BA02	9239
J01DC02	9240
A08AB01	9241
N04BC07	9242
G03AA16	9243
G04BE08	9244
R03BB04	9245
R03AK06	9246
R03AK06	9247
R03AK06	9248
B01AC27	9249
B01AC27	9250
B01AC27	9251
B01AC27	9252
B01AC27	9253
B01AC27	9254
B01AC27	9255
B01AC27	9256
B01AC27	9257
G04BE08	9259
G04BE08	9260
D07AC13	9261
A12AX	9262
M01AB16	9263
A02BC05	9264
C09CA04	9265
C09CA04	9266
C09DA04	9267
C09DA04	9268
G03GA02	9269
G03GA02	9270
N02CC03	9271
L03AX13	9272
B05BA02	9275
A11CC06	9276
A11CC05	9277
A11CC05	9278
N05AH03	9279
N05AH03	9280
M01AH05	9281
M01AH05	9282
M01AH05	9283
N06DX01	9284
N06DX01	9285
C09DA01	9286
C09DA01	9287
M01AB05	9288
H02AB02	9289
A12AX	9290
C09CA04	9294
C09CA04	9295
N03AX16	9296
N03AX16	9297
N03AX16	9298
G03DA04	9299
L01XX02	9300
J06BD01	9302
J06BD01	9303
V03AC03	9313
V03AC03	9314
N03AB02	9315
G04CB01	9317
G04CA53	9318
D06BA51	9320
J05AP07	9321
J05AP08	9322
J05AF07	9323
J05AP08	9324
N05AX12	9325
L01BC06	9326
J05AF13	9327
J05AX14	9328
D11AH01	9329
D10AF05	9330
L01XX41	9331
J01DE01	9332
L01AA09	9333
A10BD15	9337
A10BD15	9339
G04BE08	9340
A11CC05	9341
A02BC01	9342
D10AE51	9343
S01CA01	9344
S01CA01	9345
C05BB02	9346
C05BB02	9347
C05BB02	9348
C09DA04	9349
A07BC05	9350
D07AD01	9351
D07AD01	9352
C10AX06	9353
M01AB55	9354
N06AB06	9355
G03GA02	9356
G03GA02	9357
R05CA12	9358
B01AX05	9359
R02A	9360
R02A	9361
N07BB03	9362
C09DB01	9363
C09DB01	9364
L02BX03	9365
C01CA03	9366
J01CR02	9367
V03AE01	9368
N02BE01	9369
B05BB02	9370
B05BB02	9371
B05BB02	9372
B05BB02	9373
B05XA03	9374
B05XA03	9375
B05BB01	9376
B05BB01	9377
B05	9378
B05CX01	9379
B05XA03	9380
A11CC06	9382
L01FA01	9383
L01FA01	9384
L01FA01	9385
L01XG01	9386
G04BE03	9387
N02AA01	9389
A12CC05	9390
R05CB06	9391
L01FD01	9394
H01AC01	9395
J02AC01	9396
J01MA02	9397
J01XB01	9399
D01AE14	9400
P02CA01	9406
L04AA37	9407
L04AA37	9408
D11AX22	9409
D11AX22	9410
H02AB04	9411
J01XX08	9412
V03AE02	9413
G04CB02	9414
M01AB55	9416
R01BA52	9419
G04BD07	9420
N01AH06	9422
N01AH06	9423
J01MA12	9426
J01MA12	9427
B02AA02	9432
G04BE08	9433
M01AB16	9436
G04CA01	9437
C05CA53	9438
M01AB05	9439
A11DB	9440
D07AC16	9441
M01AE51	9442
J01DE01	9443
L01BA04	9444
D06AX08	9445
A07AA12	9446
J05AB01	9448
A08AB01	9449
N04BC09	9450
N04BC09	9451
N04BC09	9452
N04BC09	9453
R05CA12	9454
G03CA03	9455
A10AB05	9456
A10AB05	9457
L01FD01	9458
L01ED03	9459
M04AA03	9460
M04AA03	9461
C01DX12	9462
C01DX12	9463
C01DX12	9464
C07AG02	9465
C07AG02	9466
C07AG02	9467
C02KX01	9468
C02KX01	9469
J02AX04	9470
J02AX04	9471
C01BC04	9472
A11CC05	9473
J05AB01	9474
J05AB01	9475
L01XG01	9477
A03CA02	9478
M01AB05	9479
B01AC06	9480
B03AA02	9481
N02BE01	9482
B05BB02	9483
B05BB02	9484
M01AH01	9485
H05BX01	9486
H05BX01	9487
D07AC16	9488
M03AC11	9489
A04AA01	9491
N02CX01	9492
A02BC05	9493
N05BA01	9494
A07AA02	9495
D01AC08	9496
L01XG01	9497
L01XG01	9498
N06AX21	9499
N06AX21	9500
A03BB01	9501
A03BB01	9502
D03AX03	9504
R05CA12	9505
B02BC30-V03AK	9506
B02BC30-V03AK	9507
B02BC30-V03AK	9508
N01BB01	9509
N01BB01	9510
V03AC03	9511
J01FA10	9513
J01FA10	9514
N05AH03	9515
N05AH03	9516
N03AX14	9519
N03AX14	9520
A11CC05	9522
M01AE01	9523
A12AA03	9526
M01AE01	9527
J01XB01	9528
N03AB02	9529
D07AC13	9530
R01AX	9531
R06AX28	9532
A01AD11	9534
R06AX	9535
B03BA51	9536
R05CA	9537
L01BB04	9538
L01BB04	9539
L01BB04	9540
N05AH03	9541
N02CC04	9542
B01AB01	9543
M01AC02	9544
G04BE08	9545
A04AA02	9546
R03DX07	9547
L01FD01	9548
L04AA36	9549
L04AC16	9550
C03CA01	9552
N07BC51	9553
N07BC51	9554
B05BC01	9555
B05XA03	9556
B05XA03	9557
B05CX01	9558
B05CX01	9559
B05XA03	9560
B05XA03	9561
B05BB02	9562
B05BB02	9563
B05XA03	9564
B05XA03	9565
C09CA09	9567
C09CA09	9568
N02BE01	9570
J01MA12	9571
A11CC05	9572
A11CC05	9573
A02BC01	9574
P01AB01	9575
N01AB08	9577
J01FA09	9578
J01FA09	9579
J01FA09	9580
J01FA09	9581
J01FA09	9582
L01AX03	9583
B05BB01	9584
B05BB01	9585
B05CX01	9586
B05BC01	9587
B05BB01	9588
C09CA07	9589
M04AA03	9590
A04AA01	9591
M03AC11	9592
J01FA10	9593
A02AF02	9595
L04AB04	9597
L04AB04	9598
A11EA	9599
R01AD09	9600
G03AA09	9601
M04AA03	9602
J01DD52	9603
B05AA01	9604
A03FA01	9605
A11GA01	9606
S02CA06	9607
C05CA05	9608
C10AA07	9609
C10AA07	9610
A11CC05	9611
N03AX16	9612
N03AX16	9613
N03AX16	9614
N03AX16	9615
L04AB04	9616
L04AB04	9617
L04AB04	9618
S01ED01	9619
S01GX09	9621
N01BB02	9622
N01BB02	9623
R05DB21	9624
J01DH02	9625
L02BB05	9626
M01AC06	9627
M01AC06	9628
L01EX07	9629
L01EX07	9630
L01EX07	9631
J01DC02	9632
J01DC02	9633
N03AX14	9634
M05BA08	9635
M02AA15	9638
N05AE04	9639
N05AE04	9640
N05AE04	9641
J01XB01	9644
A06AD65	9645
A06AD65	9646
N05AX12	9648
N05AX12	9649
N05AX12	9650
N05AX12	9651
A02BC06	9652
A02BC06	9653
A02BC06	9654
A02BC06	9655
J01MA14	9656
R06AX13	9657
S01ED51	9658
L01EX10	9659
S01AE03	9660
S01EC04	9661
S01GX09	9662
N03AX16	9663
N03AX16	9664
J01MA14	9666
R03AK12	9667
R03AK12	9668
J01XA01	9669
L01CE02	9671
L01CE02	9672
L01EF03	9673
L01EF03	9674
L01EF03	9675
L01EF03	9676
S01GX09	9677
C09BX02	9678
C09BX02	9679
M01AH05	9682
M01AH05	9683
M01AH05	9684
R06AA02	9685
D06BB10	9686
D11AX18	9687
L01FB01	9688
N01BB03	9689
A02BC	9690
N02BG06	9691
A02BC01	9692
H02AB02	9693
H02AB02	9694
N01BB02	9695
J01DD04	9696
J01DD04	9697
N02AJ13	9698
N07BC51	9699
A02BD08	9700
R03BA08	9701
R03BA08	9702
N02CC01	9703
N02CC01	9704
A10BD05	9705
A10BD06	9706
A10BD06	9707
B05CX01	9708
B05XA03	9709
B05BB02	9710
B05BB02	9711
B05BB02	9712
B05BB02	9713
B05BB01	9714
B05BB01	9715
J06BA02	9716
J06BA02	9717
J06BA02	9718
S01AE07	9723
S01EE04	9724
S01EC54	9725
S01BC10	9726
L01ED01	9727
L01ED01	9728
H02AB09	9729
A16AB02	9730
M05BX04	9731
H02AB06	9732
A03FA01	9733
G04BE03	9734
A06AB02	9735
A06AB02	9738
R05CB06	9739
R05CB06	9740
R05CB06	9741
M01AH05	9742
M01AH05	9743
M01AH05	9744
C10AA08	9745
R06AX27	9746
R06AX27	9747
L04AB04	9748
L04AB04	9749
A10BD16	9751
A10BD16	9752
A10BD16	9753
A10BD16	9754
L04AB01	9755
L04AB01	9756
L04AB01	9757
A11CC05	9758
A11CC05	9759
A11CC05	9760
G03AD01	9761
B02BD08	9762
B02BD02	9763
S01BA15	9764
L01BA01	9765
M03AC11	9766
N04BD02	9767
M05BB03	9768
G01AA51	9769
S01ED01	9770
L01EA05	9771
B05CX01	9772
B05CX01	9773
B05XA03	9774
B05XA03	9775
M02AX10	9776
J02AC01	9777
J02AC01	9778
J02AC01	9779
B05AA06	9780
C05AA01	9781
V03AE02	9782
L04AA27	9783
B05BB01	9784
B05BC01	9785
B05XA03	9786
B05XA03	9787
B05XA03	9788
B05XA03	9789
B05CX01	9790
B05CX01	9791
B05CX01	9792
B05CX01	9793
C09CA08	9794
C09CA08	9795
C09CA08	9796
S01EE01	9797
N03AX12	9798
N03AX12	9799
A11CC05	9800
C09DB01	9801
A11CC05	9802
C09DA09	9803
C09DA09	9804
L04AD02	9805
L04AD02	9806
L04AD02	9807
B02BX01	9808
J07BB01	9809
N03AX09	9810
A10BK04	9811
A10BK04	9812
A10BD24	9813
A10BD24	9814
A10BD23	9815
A10BD23	9816
J02AC04	9817
M05BA08	9818
J05AB14	9819
S01ED51	9820
J05AF07	9821
N03AX14	9822
M01AE02	9823
A10AE54	9825
A10BD19	9826
A10BD19	9827
A10AE54	9828
S01AE07	9829
B03XA01	9830
L01XK04	9831
L01XK04	9832
N02CD01	9833
N01BB01	9834
N01BB01	9835
C01EB10	9836
H01AC01	9837
M02AA31	9839
M02AA31	9841
R03AC02	9842
D04AB01	9843
N03AX23	9845
N03AX23	9846
N03AX23	9847
N03AX23	9848
J01CR02	9849
C09AA15	9850
B02BA01	9851
A04AA02	9852
C07AG02	9853
N05AH02	9854
N05AH02	9855
N01BB54	9856
M05BA04	9857
H03CA	9858
L04AB02	9859
R05CA12	9860
B05DB	9861
B05DB	9862
B05DB	9863
B05DB	9864
B05DB	9865
B05DB	9866
B05DB	9867
B05DB	9868
B05DB	9869
D07XA01	9870
N05AD01	9871
N05AD01	9872
P02CA01	9873
P02CA01	9874
A03FA03	9875
A01AB09	9876
D01AC02	9877
D01AC08	9878
N05AX08	9879
N01BB02	9880
B05XA03	9881
B05XA03	9882
B05BC01	9883
H02AB04	9884
H02AB04	9885
J01DH51	9886
N02BE01	9887
N02BE01	9888
M01AB05	9889
A05AA04	9890
A05AA04	9891
B05XA03	9892
B05XA03	9893
B05XA03	9894
B05XA03	9895
B05XA03	9896
B05BB01	9897
C03DA04	9898
C03DA04	9899
J05AR20	9900
C07AG01	9901
B02BX06 	9902
B02BX06 	9903
B02BX06 	9904
B02BX06 	9905
N02BE01	9906
D04AA32	9907
N07BA03	9908
N07BA03	9909
L01EA04	9910
L01EA04	9911
L01EA04	9912
N05AD01	9913
M01AE01	9914
M01AE01	9915
J01MA02	9916
L04AA04	9917
S01AE01	9918
D06BA05	9919
G03GA08	9920
C01DA02	9921
N02CD02	9922
N02CC04	9923
J01XX09	9924
C07AB03	9925
C07AB03	9926
R06AB52	9927
A04AA01	9928
B01AB01	9929
J05AR03	9930
J05AR18	9931
J05AP08	9932
J05AF07	9933
J05AP56	9934
J05AP55	9935
G04BE08	9936
J01AA02	9938
A08AA01	9939
R06AX29	9940
N02BE01	9941
N02BE51	9942
N02BE51	9943
N02BE01	9945
N02BE01	9946
N02BE01	9947
N02BE01	9948
B01AB05	9949
B01AB05	9950
B01AB05	9951
B01AB05	9952
D04AB01	9953
B05CX01	9954
B05CX01	9955
B05CX01	9956
B05CX01	9957
B05CX01	9958
B05CX01	9959
M01AH07	9960
C09DB02	9961
C09DB02	9962
C09DB02	9963
C09DA08	9964
C09DA08	9965
C09DA08	9966
C09DA08	9967
C07AG02	9968
M05BA06	9970
M05BA06	9971
M05BA06	9972
H05BA01	9973
A02BX13	9974
B01AC04	9975
N02BE01	9976
N02BE01	9977
N02BE01	9978
N02BE01	9979
N02BE01	9980
N02BE01	9981
J01CR05	9982
L04AA10	9983
L03AA02	9984
J02AA01	9985
A04AA01	9987
A04AA01	9988
R05X	9989
R05X	9990
R05X	9991
R05X	9992
L01EF02	9993
G04BE08	9994
N01AB08	9996
B05BB01	9997
B05CX01	9998
B05CX01	9999
N02AB03	10001
N02AB03	10002
M02AA06	10004
M02AA06	10005
M01AE01	10006
L01EX05	10007
N01BB58	10008
B01AB11	10009
M01AE51	10010
G04BE03	10011
G04BE03	10012
R05CB10	10013
S01GA04	10014
M01AH05	10015
S01EB09	10016
J05AR01	10018
N02AX02	10019
G04BE03	10020
N05CM18	10021
N05CM18	10022
N05CM18	10023
M01AH05	10024
M01AH05	10025
G03DC02	10026
H05BA01	10027
L01FA01	10029
L01FA01	10030
L01EB02	10031
L01EB02	10032
L01FF03	10033
L01FF03	10034
L01ED05	10035
L01ED05	10036
A02BC02	10037
N02AJ14	10038
J05AF05	10039
M01AE01	10040
A10BJ06	10041
A10BJ06	10042
A10BJ06	10043
L01FD01	10044
L01FD01	10045
N03AA02	10046
A13A	10047
A11DB	10048
R06AX	10055
P03AB02	10056
J05AP51	10057
R06AD08	10058
S01AE01	10059
R05CB01	10060
S01ED51	10061
J06BA02	10062
J06BA02	10063
J06BA02	10064
J06BA02	10065
R01AA07	10067
R01AA07	10068
R01AA07	10069
M01AH05	10070
J01DI02	10071
M01AE03	10073
J05AF05	10074
J01DD04	10075
B05BB02	10076
B05BB02	10077
B05BB02	10078
M05BA04	10079
M03BX01	10080
M03BX01	10081
A02BC02	10082
B02BD08	10083
L03AB07	10084
L04AB04	10085
G03GA05	10086
G03GA05	10087
L03AB07	10088
S01EA05	10089
D11AX01	10090
M01AB05	10091
V03AE02	10092
D06BB03	10093
A07DA03	10094
A08AA62	10095
J01DI01	10096
J01DH02	10097
M04AA03	10098
M04AA03	10099
J05AF07	10100
N05BA25	10105
G04BD06	10106
R03BA05	10107
N01AX10	10108
C09CA06	10109
C09CA06	10110
C09CA06	10111
C09DA06	10112
C09DA06	10113
C01CA03	10114
R03AK08	10115
J02AX05	10116
M01AH05	10117
M01AH05	10118
N03AF04	10119
D04AA13	10120
D01AE15	10122
R01AA07	10123
R05DB13	10124
R05DB13	10125
N02BE01	10126
N02BE01	10127
J01XA01	10128
B05BB01	10129
B05BB01	10130
B05BB02	10131
C07AA07	10132
J05AF10	10133
J05AF10	10134
L01EB01	10135
D07AC13	10136
J01XB01	10137
R05X	10138
C09BB07	10139
C09BB07	10140
C09BB07	10141
C09BB07	10142
G04BC	10143
R03DX10	10144
R03AL03	10145
A11CC05	10146
A02BC01	10147
N03AX14	10148
N01BB09	10152
R01AB06	10153
L01BC07	10154
A16AB04	10155
M03BA53	10156
M05BA06	10157
C05CX	10158
L01XG01	10159
J05AG06	10160
J05AR24	10161
R03BA02	10162
M04AA03	10163
J07BD52	10164
L01EA05	10165
L01CD01	10166
L01BC07	10167
D02AF	10168
R06AX26	10169
R06AX26	10170
R06AX26	10171
M01AB05	10172
M01AB05	10173
C10AA05	10174
C10AA05	10175
R06AX22	10176
C07AA07	10177
B03AC	10178
R03BA05	10179
R03BA05	10180
G04CB02	10181
L04AX04	10182
L04AX04	10183
L04AX04	10184
L04AX04	10185
C03CA02	10186
J01DH02	10187
G04BE08	10188
J01DH02	10189
C10BA05	10190
C10BA05	10191
C10BA05	10192
M01AE02	10193
A10BH01	10194
L04AC18	10195
J05AB14	10196
N02BE01	10197
N02BE01	10198
M02AA15	10200
M02AA15	10201
D01AE15	10202
R01AB06	10203
C03CA02	10204
H01BA02	10205
H02AB02	10206
A02AF02	10207
L01EB07	10208
L01EB07	10209
L01EB07	10210
L01FD01	10211
L01FD01	10212
M01AH05	10213
M01AH05	10214
M01AH05	10215
L01CE02	10216
L01CE02	10217
A11CC05	10218
A11CC03	10219
S01AA13	10220
A03AB06	10221
J01MA14	10222
C09DB01	10223
B03AC	10224
N01AH06	10225
L01FX02	10226
N07XX08	10227
C05AE03	10236
J04AB02	10238
M03BX01	10239
M03BX01	10240
M03BX01	10241
M03BX01	10242
G04BE03	10243
G04BE03	10244
C09DB07	10245
C09DB07	10246
C09DB07	10247
C05AX05	10248
L01FG01	10249
A11CC05	10251
R01BA52	10252
J05AB06	10253
D11AH05	10255
B01AC	10256
A16AA05	10259
M01AB15	10260
S01XA18	10261
L01AX03	10262
L01AX03	10263
C01DX16	10264
C01DX16	10265
L04AB02	10266
J05AX18	10268
N02BE01	10269
N02BE51	10270
J01CR02	10271
J01CR02	10272
A11CC03	10273
A11CC03	10274
N01BB09	10275
L04AA34	10276
J07BB01	10277
C08DA51	10278
C08DA51	10279
J01CR02	10280
L04AB06	10281
L04AB06	10282
L01AC01	10283
B02BD04	10284
B02BD04	10285
B02BD04	10286
L01FG01	10287
L03AX13	10288
G01AF05	10289
G01AA10	10290
R01AA07	10291
A10AE04	10292
L01EX10	10293
M01AE01	10294
M01AE01	10295
R05FB02	10296
C05AA01	10297
C05AA01	10298
L04AX06	10299
L04AX06	10300
L04AX06	10301
L04AX06	10302
J05AX18	10303
N02BE51	10304
N02BE51	10305
B02BD04	10306
B02BD04	10307
B02BD04	10308
B02BD04	10309
J07AL02	10310
M01AH04	10311
N02CD02	10312
G03XX01	10313
A10BD07	10314
A10BD07	10315
A10BD07	10316
L01EK01	10317
L01EK01	10318
N06AB06	10319
A06AB58	10320
M03BA53	10321
H05AA02	10323
L01FG01	10324
L01FG01	10325
L01FD01	10326
L01FD01	10327
L01XG01	10328
D11AX	10329
N04BD02	10330
N04BD02	10331
S01BC04	10332
G04BD08	10333
G04BD08	10334
G04BE08	10335
A04AA01	10336
A04AA01	10337
M01AE01	10338
A07EC02	10339
B01AF02	10340
B01AF02	10341
A04AD12	10342
A04AD12	10343
B06AX01	10344
M01AH05	10348
C09DB01	10349
C09DB01	10350
J05AR06	10351
J05AF10	10352
J05AF10	10353
G04BE08	10354
L03AA02	10355
L03AA02	10356
C10AA08	10357
L01FF04	10358
B01AF01	10359
B01AF01	10360
B01AF01	10361
B01AC06	10362
D07AC14	10363
D07AC14	10364
D10AX03	10365
D07XC04	10366
B02BD02	10367
B02BD02	10368
D11AH06	10369
D11AH06	10370
L01XK01	10371
L01XK01	10372
L04AA27	10373
L04AA44	10374
P01BA02	10375
M01AE51	10376
L04AB01	10377
J05AH02	10380
L01FF05	10381
B01AB05	10382
B01AB05	10383
B01AB05	10384
B01AB05	10385
B01AB05	10386
B01AB05	10387
B01AB05	10388
B01AB05	10389
B01AB05	10390
B01AB05	10391
B01AB05	10392
B01AB05	10393
A02BB01	10394
A02BB01	10395
C03DA01	10396
L04AB01	10397
L04AB01	10398
L04AB01	10399
N02AJ06	10400
N02BE01	10401
B01AC27	10402
B01AC27	10403
B01AC27	10404
B01AC27	10405
B01AC27	10406
B01AC27	10407
B01AC27	10408
B01AC27	10409
L04AB01	10410
B01AF01	10411
B01AF01	10412
B01AF01	10413
B02BB01	10415
N06DA03	10416
N06DA03	10417
N06DA03	10418
N06DA02	10419
N06DA02	10420
J01CR02	10421
J01CR05	10422
M01AB05	10423
R05	10424
C05AX	10425
J01FF02	10426
M01AH01	10427
N02CD01	10428
G04BE08	10429
N05AX12	10430
N05AX16	10431
N05AX16	10432
N05AX16	10433
N05AX16	10434
A04AA01	10435
S01LA06	10436
C07BB07	10437
N02BE51	10438
A02AC10	10439
B03BA01	10440
N02BE01	10441
L01ED04	10442
L01ED04	10443
L01ED04	10444
L01FF05	10445
A03AX08	10446
P02CF01	10447
L03AA13	10448
L02BA03	10449
L02BA01	10450
D10BA01	10451
D10BA01	10452
D10BA01	10453
D10BA01	10454
N03AX11	10455
N03AX11	10456
A06AX05	10457
A06AX05	10458
N07CA02	10460
A03FA03	10461
A10BD20	10462
A10BD20	10463
A10BD20	10464
N06BA04	10465
N06BA04	10466
N06BA04	10467
N06BA04	10468
A10BD20	10469
B03XA01	10470
B03XA01	10471
B03XA01	10472
B03XA01	10473
G04BD06	10474
J01XX08	10475
J06BA02	10476
J06BA02	10477
J06BA02	10478
J06BA02	10479
M01AH05	10480
L01EG02	10481
L01EG02	10482
L01EG02	10483
C10AA05	10484
N01AB07	10485
L01EX01	10486
L01EX01	10487
L01EX01	10488
B02BB01	10489
D07AD01	10490
D07AD01	10491
N02CC08	10492
N02CC08	10493
L01BA04	10494
L01BA04	10495
J07BC02	10496
J07AP03	10497
J07CA06	10498
L04AA13	10499
L04AA13	10500
A10BD07	10501
A10BD07	10502
M01AH05	10503
M01AH05	10504
M01AH05	10505
M01AH05	10506
G03GA06	10507
G03GA06	10508
N03AX11	10509
S01GX08	10510
A03AX12	10511
A07BA01	10512
P02CF01	10514
P02CF01	10515
J02AC05 	10516
J02AC05 	10517
L04AA06	10518
L01FG01	10519
L01FG01	10520
N05AX08	10521
N05AX08	10522
N05AX08	10523
N06AX27	10524
J02AC03	10525
L04AA29	10526
N02CC05	10527
C09DA04	10528
C09DA04	10529
A11CC05	10530
N07CA01	10531
N04BA03	10532
N04BA03	10533
N04BA03	10534
N03AX14	10535
N03AX14	10536
N03AX14	10537
N03AX09	10538
N03AX09	10539
L04AA32	10540
L04AA32	10541
S01EE01	10542
A07EC02	10543
N02BE51	10544
L01XX35	10545
J02AC01	10546
C10AB05	10547
B01AC06	10548
B01AF02	10550
B01AF02	10551
B01AF01	10552
B01AF01	10553
B01AF01	10554
B01AF01	10555
N02BE01	10556
A03BA01	10557
A03BA01	10558
A10AE54	10559
A10AE54	10560
J02AC01	10561
G04BE08	10562
G04BE08	10563
L01EB02	10564
L01EB02	10565
B05CX01	10566
B05CX01	10567
B05CX01	10568
B05CX01	10569
B05XA03	10570
B05XA03	10571
B05XA03	10572
B05XA03	10573
B05XA03	10574
B05XA03	10575
C10AA05	10576
C10AA05	10577
C10AA05	10578
C10AA05	10579
C10AB05	10580
A03AA04	10581
R05CB06	10582
L01XX24	10583
J07BC01	10584
A10BH05	10585
C09CA04	10586
C09CA04	10587
C09DA04	10588
C09DA04	10589
C09DA04	10590
J05AF07	10591
A10AB04	10592
N06AX16	10593
N06AX16	10594
J02AX06	10595
L01EL01	10596
L01EL01	10597
L01XG01	10598
L02BG06	10599
G04BE08	10600
V01AA	10601
V01AA	10602
V01AA	10603
V01AA	10604
G04BE03	10605
G04BE03	10606
G04BE09	10607
G04BE03	10608
N05BA08	10609
N05BA08	10610
B05BB02	10611
B05BB02	10612
B05BB02	10613
B05CX01	10614
B05CX01	10615
B05CX01	10616
B01AC06	10617
N06BX06	10618
A10AB04	10619
B03AB02	10620
B03AB02	10621
M05BX06	10622
D11AH05	10623
B03BA01	10624
L04AC16	10625
B06AC05	10626
L04AA33	10627
L04AA33	10628
L04AA42	10629
L04AA42	10630
L04AA42	10631
L04AC10	10632
J05AF10	10633
J05AF10	10634
C10BA06	10635
C10BA06	10636
A02BX13	10637
L03AX03	10638
H04AA01	10639
J05AX18	10640
R05	10643
L02BB06	10645
D01AE16	10646
J01DD08	10647
R05CA12	10648
R05CA12	10649
J05AX27	10650
R01AA07	10651
L01FD01	10652
L01FD01	10653
L01CE02	10654
L01CD01	10655
L01CD01	10656
L01CD01	10657
B01AC27	10658
A11CC05	10659
L01XA03	10660
L01XA03	10661
M01AE17	10662
L01EF01	10663
L01EF01	10664
L01EF01	10665
M01AH05	10666
M01AH05	10667
M01AH05	10668
N02BE01	10669
J02AC01	10670
D10AD53	10671
L01CD04	10672
L01FA01	10673
L01FA01	10674
N05CD08	10675
N03AB02	10676
L04AA52	10677
M04AA03	10678
M04AA03	10679
M04AA03	10680
R05DA20	10681
A07EC02	10682
L01BC07	10683
L01DB01	10684
L01DB01	10685
N05AH04	10686
L01XG01	10687
J05AF10	10688
J05AF10	10689
M04AA03	10690
M04AA03	10691
G04CB02	10692
C01EB17	10693
C01EB17	10694
G04BD08	10695
G04BD08	10696
A11CC05	10697
N05AX12	10698
N05AX12	10699
N05AH04	10702
N05AH04	10703
N05AH04	10706
B05XA31	10707
L01EX01	10708
L01EX01	10709
V03AC03	10710
J05AF10	10711
J05AF10	10712
C02KX01	10713
C02KX01	10714
L01CX01	10715
N07BC01	10716
N07BC01	10717
N07BC01	10718
N07BC01	10719
N07BC01	10720
N07BC01	10721
N07BC01	10722
L03AB07	10723
L03AB07	10724
L04AX04	10725
L04AX04	10726
L04AX04	10727
L01EB01	10728
L04AX07	10729
L04AX07	10730
L04AA23	10731
B01AB05	10732
B01AB05	10733
B01AB05	10734
B01AB05	10735
B01AB05	10736
B01AB05	10737
B01AB05	10738
B01AB05	10739
A10BD08	10740
A10BD08	10741
R06AX	10742
R06AX27	10743
R06AX27	10744
J01MA12	10745
J01MA12	10746
J01MA12	10747
N02BG09	10748
H01BB03	10749
N02BE01	10750
B01AC04	10751
H02B	10752
R05X	10753
N02BE01	10754
N01BB01	10755
A16AX04	10756
A10BH04	10757
A10BD09	10758
L01EA02	10759
L01EA02	10760
L01EA02	10761
R03DX10	10762
C02AC05	10763
C02AC05	10764
C02AC05	10765
A10BD11	10766
A10BD11	10767
R05	10768
V07AB01	10771
J05AB16	10772
C08CA05	10773
B03XA01	10774
B03XA01	10775
L03AA02	10776
L03AA02	10777
C07AB12	10778
C08CA01	10779
C08CA01	10780
A10BK03	10781
A10BK03	10782
B01AC24	10783
B01AC24	10784
L01AC01	10785
L01AC01	10786
N04BA02	10788
N04BA02	10789
N03AX14	10790
C03CA01	10791
R06AE09	10792
M04AC01	10793
L01FG01	10794
L01FG01	10795
L02BX03	10796
N02BE01	10797
G04BE08	10798
G04BE08	10799
M03BA03	10800
S01AA12	10801
N03AB02	10802
R03AK06	10803
R03AK06	10804
R03AK06	10805
A07EC02	10806
A07EC02	10807
A07EC02	10808
L01FA01	10809
L01FA01	10810
N06AB10	10811
N06AB10	10812
N06AB10	10813
C10AX09	10814
C01BC04	10815
C01BC04	10816
R03DX05	10817
R03DX05	10818
L01XG01	10819
L01EB02	10820
L01EB02	10821
J05AF10	10822
L01EB01	10823
L01EH01	10824
M05BA08	10825
C01BG11	10826
A04AA01	10827
M03AC09	10828
A11DB	10829
H02AB08	10830
S01EA05	10831
S01EE06	10832
A07EA06	10833
A07EA06	10834
C08CA04	10835
G04BD08	10836
G04BD08	10837
G02AX	10838
G02AX	10839
N05AX15	10840
N05AX15	10841
N05AX15	10842
N05AX15	10843
N05CF02	10844
G04BE08	10845
M01AB05	10846
N03AX18	10847
N03AX18	10848
N03AX18	10849
J01XB01	10850
A06AB02	10851
G01AF02	10852
J01GB06	10853
A02BX13	10854
N06BX03	10855
S01XA20	10856
N02BA51	10857
N02AJ06	10858
M01AB55	10859
J01CR02	10860
G03AC10	10861
R03BB08	10862
H01AC01	10863
H01AC01	10864
R06AA59	10865
H05AA02	10866
L03AB07	10867
L03AB07	10868
N02BE51	10869
B01AC04	10870
C09CA04	10871
C09CA04	10872
C09DA04	10873
C09DA04	10874
J01MA12	10875
J01MA12	10876
C03CA01	10877
C03CA01	10878
A10BB12	10879
A10BB12	10880
A10BB12	10881
A10BB12	10882
C09AA05	10883
C09AA05	10884
C09AA05	10885
J07AL02	10886
M01AE51	10887
M01AE01	10889
M01AE51	10890
M01AE01	10891
M01AE01	10892
R01AD08	10893
R01AB06	10894
A12AA04	10895
N02AJ08	10896
R03BA01	10897
R03AK06	10898
J07BH01	10899
N05AN01	10900
R06AX27	10901
A04AA01	10902
J01DH02	10903
J01DH02	10904
L01FC01	10905
N05AX12	10906
N05AX12	10907
B02BD02	10908
B02BD02	10909
J02AC03	10910
S01GX08	10911
N02AX02	10912
G04CA52	10913
M01AE01	10914
V03AE01	10915
L02BG03	10916
A10BJ05	10918
N05CM18	10919
L01BC07	10920
N01AX10	10921
J01CR02	10922
M04AA03	10923
M04AA03	10924
A02BC02	10925
J01DH02	10926
J01DH02	10927
J01DD04	10928
J01DD04	10929
J01DD04	10930
J01DD04	10931
J01DD04	10932
N06BX06	10933
B03XA01	10934
B03XA01	10935
B05BC01	10936
N01BB01	10937
D10AD03	10938
D10AD03	10939
N01BB58	10940
B03BA01	10941
S01ED51	10942
C09CA01	10943
C09CA01	10944
C09DA01	10945
C09DA01	10946
N05BA08	10947
G04CA04	10948
G04CA04	10949
J07AP03	10950
L01EA01	10951
L01EA01	10952
L01XA03	10953
L01XA03	10954
L01BC05	10955
L01EA01	10956
L01EA01	10957
L01EA01	10958
L01CD01	10959
L01CD01	10960
L01EA02	10961
L01EA02	10962
L01EA02	10963
L01EA02	10964
L01EA02	10965
L02BX03	10966
D07AC13	10967
C05CX	10968
C05CX	10969
C07AB04	10970
C07AB04	10971
S01EC03	10972
C07AB12	10973
L01BC05	10974
G03GA08	10975
C01DA02	10976
L01BB04	10977
N04BC07	10978
V03AE03	10979
V03AE03	10980
A10AB04	10981
B01AC04	10982
A10AB04	10983
A04AA01	10984
J02AX05	10985
J02AX05	10986
A10BJ05	10987
L02BA03	10988
L01BA04	10989
L01BA04	10990
A10BD20	10991
A10BD20	10992
L02BX03	10993
J01DH03	10994
L01BA04	10995
L01DB02	10996
L04AX04	10997
L04AX04	10998
L04AX04	10999
L04AX04	11000
L01CD01	11001
L01EM03	11002
L01EM03	11003
L01EA02	11004
L01EA02	11005
L01EA02	11006
L01BA04	11007
A04AA02	11008
L01BA04	11009
L01BC05	11010
L01BC05	11011
L01BB05	11012
L02BG04	11013
L01EM03	11014
N06DA02	11015
L02BB03	11016
L02BG03	11017
N06DA02	11018
L02BG04	11019
L01DB01	11020
G03GA09	11021
G03GA09	11022
N06AB06	11023
N06AB06	11024
C01CA24	11025
C01CA06	11026
A03BA01	11027
N06DA52	11028
N06DA52	11029
C07AB12	11030
M01AE01	11031
S01AE02	11032
L04AX05	11033
J01DD04	11034
G01AF20	11035
R06AX	11036
R06AX	11037
R06AX	11038
H01CC01	11039
A10BB12	11040
A10BB12	11041
A10BB12	11042
A10BH02	11043
L04AA31	11044
C07AB05	11045
B02AA02	11046
A10BD11	11047
A10BD11	11048
A02BC04	11049
A02BC04	11050
H02AB09	11051
L04AX04	11052
L04AX04	11053
L04AX04	11054
L04AX04	11055
J07BC02	11056