MoPHCode,DFSequence
28,C22C24C23C21
30,C22C24C23C21
31,C221C24
32,C22C24C23C21
33,C22C24C23C21
34,C222C24
49,S22S72
52,S1S2S7
53,L9
54,S1S2S7
55,S1S2S7
57,C22C24C23C21
59,S21S71
92,S1S2S7
96,L4
103,S1S2S7
117,S1S2S7
133,S1S2S7
138,S1S2S7
141,S1S2S7
164,G2
168,L1
169,S1S2S7
196,S1S2S7
197,S1S2S7
253,L1
259,L3
272,C22C24C23C21
274,LW
275,LW
276,LW
285,C22C24C23C21
291,C22C24C23C21
292,C22C24C23C21
319,S1S2S7
321,S1S2S7
322,S1S2S7
363,C22C24C23C21
369,L1
411,S1S2S7
412,S1S2S7
416,C22C24C23C21
417,C22C24C23C21
437,C221C24
439,C22C24C23C21
441,C22C24C23C21
442,C22C24C23C21
449,C22C24C23C21
465,S21S71
480,S1S2S7
481,S1S2S7
482,S1S2S7
484,S1S2S7
490,S1S2S7
491,C22C24C23C21
508,L7
509,C22C24C23C21
511,S3S5L8
513,C22C24C23C21
515,C22C24C23C21
516,C22C24C23C21
518,C22C24C23C21
519,G14G24
521,C221C24
522,C221C24
528,S22S72
529,L9
530,S22S72
531,S22S72
542,C22C24C23C21
544,S1S2S7
545,S1S2S7
550,S1S2S7
554,C22C24C23C21
557,C22C24C23C21
570,C22C24C23C21
571,D1
572,C22C24C23C21
573,S1S2S7
579,L1
585,D1
603,L9
611,D1
612,D5
618,S1S2S7
622,S3S5L8
624,G2
637,S23S53G18G11G12L71L8
638,S23S53G18G11G12L71L8
639,S23S53G18G11G12L71L8
688,C221C24
730,S1S2S7
731,S3S5L8
733,S3S5L8
753,S3S5L8
754,S3S5L8
755,C22C24C23C21
759,D1
760,S1S2S7
761,S3S5L8
765,O4
767,S3S5L8
771,D1
772,O2
786,S1S2S7
790,S3S5L8
792,S1S2S7
793,S1S2S7
794,S21S71
796,S1S2S7
797,S21S71
798,S22S72
803,S1S2S7
804,L9
806,S3S5L8
808,S1S2S7
845,C22C24C23C21
850,C22C24C23C21
856,S1S2S7
867,S1S2S7
868,S1S2S7
869,S1S2S7
870,L9
885,S1S2S7
889,S23S53G18G11G12L71L8
890,S1S2S7
893,S1S2S7
897,S1S2S7
899,S1S2S7
955,C22C24C23C21
956,C22C24C23C21
957,L9
958,C22C24C23C21
966,C22C24C23C21
968,S1S2S7
969,S1S2S7
973,S1S2S7
974,S1S2S7
975,S1S2S7
978,S1S2S7
983,S1S2S7
988,S1S2S7
993,S1S2S7
998,S1S2S7
1001,S1S2S7
1002,S1S2S7
1007,S1S2S7
1008,S21S71
1009,S6
1025,S21S71
1026,S21S71
1028,C22C24C23C21
1037,C22C24C23C21
1038,C22C24C23C21
1039,C22C24C23C21
1057,S1S2S7
1058,S1S2S7
1062,S3S5L8
1068,C22C24C23C21
1069,C22C24C23C21
1083,S1S2S7
1084,S1S2S7
1086,L1
1087,D1
1088,D5
1089,D1
1095,C221C24
1096,C221C24
1097,C22C24C23C21
1099,C221C24
1104,S1S2S7
1105,S3S5L8
1106,S3S5L8
1121,C22C24C23C21
1122,S1S2S7
1123,S1S2S7
1124,S3S5L8
1129,S3S5L8
1130,S3S5L8
1131,S1S2S7
1132,S1S2S7
1134,S1S2S7
1137,S1S2S7
1139,S1S2S7
1141,S1S2S7
1151,O1
1157,S1S2S7
1161,S3S5L8
1162,S3S5L8
1163,D1
1164,D1
1167,S1S2S7
1169,D3
1177,S1S2S7
1179,S23S53G18G11G12L71L8
1191,C22C24C23C21
1192,C22C24C23C21
1193,C22C24C23C21
1194,G2
1204,S1S2S7
1205,S21S71
1210,S1S2S7
1211,L9
1239,L9
1240,S1S2S7
1241,S1S2S7
1248,S1S2S7
1253,C22C24C23C21
1255,C22C24C23C21
1256,S1S2S7
1260,S6
1263,C22C24C23C21
1271,S1S2S7
1274,S1S2S7
1277,S22S72
1278,S21S71
1290,C221C24
1292,L1
1301,S1S2S7
1302,S1S2S7
1309,S1S2S7
1310,S1S2S7
1311,S1S2S7
1312,S1S2S7
1337,S1S2S7
1338,C22C24C23C21
1340,S1S2S7
1341,S3S5L8
1342,S1S2S7
1343,S1S2S7
1350,S1S2S7
1351,S3S5L8
1352,L9
1356,S1S2S7
1362,S3S5L8
1363,S1S2S7
1369,S1S2S7
1372,D5
1373,D1
1381,S1S2S7
1382,S1S2S7
1383,L9
1384,G14G24
1385,S1S2S7
1386,S1S2S7
1394,C221C24
1395,S1S2S7
1402,C22C24C23C21
1403,D3
1415,S1S2S7
1416,S3S5L8
1433,C22C24C23C21
1434,C22C24C23C21
1440,D1
1453,L9
1454,S1S2S7
1455,S6
1459,S6
1460,S6
1475,S1S2S7
1478,S1S2S7
1479,S1S2S7
1490,L9
1491,S1S2S7
1492,C22C24C23C21
1493,C22C24C23C21
1494,S1S2S7
1497,S1S2S7
1498,S3S5L8
1499,D5
1503,S1S2S7
1510,S21S71
1511,S21S71
1523,L1
1525,S1S2S7
1527,D1
1531,S1S2S7
1542,D3
1543,S1S2S7
1544,S21S71
1548,D1
1551,S1S2S7
1552,S21S71
1553,S21S71
1554,S21S71
1555,C221C24
1556,S1S2S7
1557,S1S2S7
1559,S1S2S7
1564,S1S2S7
1570,C221C24
1571,C221C24
1575,S1S2S7
1579,C22C24C23C21
1580,S1S2S7
1581,S1S2S7
1589,L9
1591,S3S5L8
1595,S23S53G18G11G12L71L8
1602,S1S2S7
1606,S1S2S7
1610,S1S2S7
1617,C22C24C23C21
1618,C22C24C23C21
1629,S1S2S7
1630,C221C24
1636,G2
1641,S1S2S7
1642,S1S2S7
1643,S1S2S7
1644,S1S2S7
1646,C22C24C23C21
1651,S1S2S7
1652,S1S2S7
1658,S1S2S7
1659,S3S5L8
1660,C221C24
1662,S1S2S7
1664,S1S2S7
1665,S1S2S7
1668,S21S71
1671,S1S2S7
1679,S3S5L8
1681,S1S2S7
1682,S3S5L8
1685,S1S2S7
1686,S1S2S7
1689,S1S2S7
1705,C22C24C23C21
1709,S1S2S7
1710,S1S2S7
1711,S1S2S7
1712,S1S2S7
1713,S1S2S7
1720,S1S2S7
1721,S3S5L8
1722,S3S5L8
1725,D3
1726,S3S5L8
1727,S1S2S7
1728,S21S71
1731,C22C24C23C21
1732,C22C24C23C21
1735,S1S2S7
1736,C22C24C23C21
1746,S1S2S7
1747,S1S2S7
1752,C22C24C23C21
1757,C22C24C23C21
1758,C22C24C23C21
1759,C22C24C23C21
1765,S1S2S7
1766,S1S2S7
1770,S6
1772,S6
1779,C22C24C23C21
1780,C22C24C23C21
1781,G2
1800,S1S2S7
1801,S3S5L8
1808,S1S2S7
1809,S1S2S7
1811,S21S71
1812,S6
1819,S1S2S7
1820,S3S5L8
1822,S21S71
1823,S22S72
1832,D3
1835,S1S2S7
1837,S1S2S7
1839,S1S2S7
1840,S1S2S7
1842,C221C24
1846,S21S71
1847,S1S2S7
1848,S3S5L8
1849,S21S71
1850,C221C24
1852,S1S2S7
1853,S1S2S7
1854,S3S5L8
1855,S1S2S7
1857,S1S2S7
1858,S1S2S7
1859,S21S71
1860,S1S2S7
1861,S1S2S7
1862,S1S2S7
1864,S1S2S7
1865,S1S2S7
1867,S21S71
1869,S21S71
1870,S22S72
1872,S1S2S7
1877,L9
1878,S23S53G18G11G12L71L8
1879,S23S53G18G11G12L71L8
2010,S1S2S7
2012,S1S2S7
2014,C22C24C23C21
2015,C22C24C23C21
2016,C22C24C23C21
2017,C22C24C23C21
2018,C22C24C23C21
2019,C22C24C23C21
2023,C22C24C23C21
2025,C22C24C23C21
2028,C22C24C23C21
2029,C22C24C23C21
2036,S1S2S7
2038,S1S2S7
2041,S1S2S7
2043,S1S2S7
2045,S1S2S7
2085,C22C24C23C21
2096,C22C24C23C21
2097,C22C24C23C21
2124,C22C24C23C21
2127,C22C24C23C21
2137,C22C24C23C21
2139,C22C24C23C21
2140,C22C24C23C21
2156,S1S2S7
2157,S1S2S7
2177,C22C24C23C21
2179,C22C24C23C21
2198,S1S2S7
2199,S1S2S7
2217,C22C24C23C21
2219,C22C24C23C21
2220,C22C24C23C21
2222,S22S72
2224,C221C24
2226,G14G24
2227,G14G24
2241,S1S2S7
2248,S1S2S7
2249,S1S2S7
2250,C22C24C23C21
2251,S1S2S7
2263,C22C24C23C21
2265,S1S2S7
2266,C221C24
2267,C22C24C23C21
2268,C22C24C23C21
2271,C22C24C23C21
2272,C221C24
2273,C221C24
2277,L1
2279,C22C24C23C21
2280,C22C24C23C21
2281,C22C24C23C21
2282,C22C24C23C21
2283,C22C24C23C21
2284,C22C24C23C21
2285,C22C24C23C21
2287,C22C24C23C21
2288,S3S5L8
2289,S1S2S7
2293,C22C24C23C21
2295,S1S2S7
2308,S1S2S7
2322,S1S2S7
2326,S1S2S7
2332,C221C24
2334,C221C24
2344,S1S2S7
2345,S1S2S7
2349,S1S2S7
2350,S1S2S7
2361,S1S2S7
2365,S1S2S7
2366,S1S2S7
2370,S23S53G18G11G12L71L8
2381,S1S2S7
2382,L1
2417,C22C24C23C21
2418,C22C24C23C21
2419,C22C24C23C21
2420,C22C24C23C21
2421,C22C24C23C21
2423,C22C24C23C21
2426,C22C24C23C21
2427,C22C24C23C21
2429,C22C24C23C21
2451,L1
2462,C221C24
2465,S1S2S7
2469,C221C24
2473,C22C24C23C21
2476,S1S2S7
2479,C22C24C23C21
2480,C22C24C23C21
2481,S1S2S7
2491,LW
2492,LW
2497,C22C24C23C21
2498,C22C24C23C21
2503,S1S2S7
2504,C221C24
2511,C22C24C23C21
2512,S1S2S7
2520,S3S5L8
2521,L9
2543,L9
2548,S22S72
2555,S3S5L8
2557,S3S5L8
2566,C22C24C23C21
2570,C22C24C23C21
2573,C22C24C23C21
2576,G2
2579,S6
2581,S6
2593,S1S2S7
2595,C22C24C23C21
2596,C22C24C23C21
2610,C22C24C23C21
2611,C22C24C23C21
2612,D1
2626,C22C24C23C21
2630,S1S2S7
2634,G2
2638,D1
2639,D3
2640,C22C24C23C21
2645,S1S2S7
2647,C221C24
2650,S1S2S7
2652,L2
2661,C22C24C23C21
2662,C22C24C23C21
2669,L9
2688,S1S2S7
2695,S1S2S7
2700,C221C24
2705,D2
2708,S1S2S7
2714,S3S5L8
2719,S21S71
2731,S1S2S7
2735,C22C24C23C21
2736,C22C24C23C21
2739,C22C24C23C21
2747,D5
2748,D1
2753,S3S5L8
2755,L7
2767,D4
2768,S1S2S7
2771,C22C24C23C21
2793,C22C24C23C21
2800,D1
2801,L7
2802,S3S5L8
2803,C22C24C23C21
2805,S1S2S7
2806,C221C24
2810,C22C24C23C21
2811,C22C24C23C21
2813,S1S2S7
2815,S1S2S7
2827,C22C24C23C21
2855,C22C24C23C21
2869,C22C24C23C21
2871,C22C24C23C21
2886,D1
2904,S1S2S7
2905,S1S2S7
2909,S1S2S7
2910,S3S5L8
2924,S3S5L8
2936,O5
2937,C22C24C23C21
2938,S1S2S7
2941,C22C24C23C21
2942,C22C24C23C21
2968,S22S72
2969,S22S72
2974,S1S2S7
2975,S1S2S7
2976,C22C24C23C21
2977,S21S71
2978,C22C24C23C21
2979,S21S71
2980,L9
2985,L9
2986,C221C24
2987,S22S72
3027,S1S2S7
3028,S1S2S7
3038,C22C24C23C21
3045,S22S72
3046,S1S2S7
3047,S1S2S7
3054,L1
3055,S22S72
3058,S1S2S7
3059,S1S2S7
3069,L9
3070,L9
3074,L1
3077,S1S2S7
3079,S1S2S7
3086,S1S2S7
3094,S22S72
3110,S22S72
3115,S21S71
3116,S6
3119,C22C24C23C21
3121,S1S2S7
3156,C22C24C23C21
3161,D3
3168,L9
3172,S1S2S7
3180,S1S2S7
3188,C22C24C23C21
3195,L1
3196,S1S2S7
3203,C221C24
3206,S1S2S7
3247,L1
3263,C221C24
3265,S1S2S7
3267,C22C24C23C21
3268,S6
3272,C22C24C23C21
3273,C22C24C23C21
3274,C22C24C23C21
3279,C221C24
3280,C221C24
3281,C221C24
3340,S1S2S7
3345,S1S2S7
3351,C22C24C23C21
3353,C22C24C23C21
3354,C221C24
3356,C22C24C23C21
3358,C22C24C23C21
3367,S1S2S7
3371,S6
3376,C22C24C23C21
3382,L1
3385,S1S2S7
3388,S1S2S7
3392,S1S2S7
3393,S23S53G18G11G12L71L8
3400,C22C24C23C21
3401,C22C24C23C21
3404,C22C24C23C21
3411,C22C24C23C21
3412,C22C24C23C21
3413,C22C24C23C21
3414,D1
3415,D3
3426,C22C24C23C21
3427,S1S2S7
3434,S6
3435,S1S2S7
3436,S6
3444,D1
3447,C22C24C23C21
3464,S1S2S7
3472,C22C24C23C21
3483,S1S2S7
3486,S1S2S7
3487,C22C24C23C21
3488,C22C24C23C21
3489,C22C24C23C21
3490,G2
3491,L9
3495,S22S72
3504,C22C24C23C21
3512,L9
3525,L1
3526,D1
3528,C22C24C23C21
3530,S1S2S7
3531,S1S2S7
3532,C22C24C23C21
3539,C22C24C23C21
3546,C22C24C23C21
3559,D1
3560,S3S5L8
3561,S3S5L8
3563,S1S2S7
3564,S1S2S7
3570,S1S2S7
3571,S1S2S7
3572,S1S2S7
3576,C22C24C23C21
3577,C22C24C23C21
3578,C22C24C23C21
3579,S1S2S7
3588,S1S2S7
3590,S1S2S7
3591,S3S5L8
3592,L9
3593,S21S71
3594,S1S2S7
3595,L9
3596,S1S2S7
3597,C22C24C23C21
3598,C22C24C23C21
3599,C22C24C23C21
3600,C22C24C23C21
3601,S1S2S7
3603,S1S2S7
3604,C22C24C23C21
3605,L7
3607,L5L6
3610,L7
3611,D5
3621,S23S53G18G11G12L71L8
3626,C22C24C23C21
3631,S22S72
3632,S22S72
3633,S22S72
3634,S22S72
3635,S22S72
3651,S1S2S7
3658,S1S2S7
3660,S21S71
3677,S1S2S7
3678,S1S2S7
3679,S1S2S7
3682,S1S2S7
3683,D3
3684,S1S2S7
3685,S1S2S7
3686,S1S2S7
3692,S22S72
3694,D3
3695,D3
3698,D3
3711,S1S2S7
3712,L9
3714,S22S72
3715,S1S2S7
3717,S1S2S7
3733,C22C24C23C21
3740,S1S2S7
3747,S1S2S7
3748,S1S2S7
3749,L9
3754,S1S2S7
3755,S3S5L8
3757,S21S71
3758,S21S71
3774,S6
3775,S6
3777,S3S5L8
3780,L1
3781,S1S2S7
3790,L7
3791,L7
3792,L7
3793,L7
3794,C22C24C23C21
3795,C22C24C23C21
3819,S1S2S7
3820,S1S2S7
3829,S1S2S7
3830,L9
3831,S1S2S7
3832,L9
3838,S22S72
3847,S4
3851,S1S2S7
3853,S1S2S7
3854,L9
3863,C22C24C23C21
3881,S1S2S7
3882,S1S2S7
3885,C22C24C23C21
3887,S1S2S7
3888,S1S2S7
3889,S1S2S7
3890,S1S2S7
3891,S1S2S7
3894,S1S2S7
3895,S1S2S7
3898,S1S2S7
3899,S1S2S7
3900,S1S2S7
3902,D2
3903,L72
3904,C221C24
3905,C221C24
3906,S1S2S7
3907,S1S2S7
3909,C22C24C23C21
3915,S1S2S7
3919,S1S2S7
3920,S1S2S7
3922,C22C24C23C21
3928,C22C24C23C21
3938,S1S2S7
3939,C22C24C23C21
3940,C22C24C23C21
3943,C22C24C23C21
3944,C22C24C23C21
3949,S1S2S7
3951,C221C24
3952,C22C24C23C21
3956,S1S2S7
3959,S1S2S7
3960,L9
3961,L1
3962,L1
3963,L1
3969,S1S2S7
3970,S1S2S7
3974,S3S5L8
3976,S1S2S7
3977,S1S2S7
3978,S1S2S7
3979,C22C24C23C21
3980,S1S2S7
3981,S1S2S7
3984,C22C24C23C21
3986,S1S2S7
3987,S1S2S7
3990,S1S2S7
3992,D1
3993,S22S722
3994,L9
3996,S1S2S7
3999,C22C24C23C21
4015,S1S2S7
4016,S1S2S7
4017,S1S2S7
4018,S1S2S7
4019,S1S2S7
4020,C22C24C23C21
4021,C22C24C23C21
4022,C22C24C23C21
4025,C22C24C23C21
4028,C22C24C23C21
4029,C22C24C23C21
4041,S1S2S7
4043,C22C24C23C21
4048,C22C24C23C21
4057,C221C24
4058,C221C24
4061,S3S5L8
4067,D1
4070,S1S2S7
4071,S1S2S7
4075,S1S2S7
4078,S1S2S7
4079,S1S2S7
4082,S1S2S7
4083,C22C24C23C21
4086,S22S72
4092,C22C24C23C21
4093,C221C24
4094,S1S2S7
4095,C22C24C23C21
4097,C22C24C23C21
4098,L1
4100,L1
4103,C22C24C23C21
4104,C22C24C23C21
4105,C22C24C23C21
4106,C22C24C23C21
4107,C22C24C23C21
4108,C22C24C23C21
4109,C22C24C23C21
4110,C22C24C23C21
4111,C22C24C23C21
4112,C22C24C23C21
4113,C22C24C23C21
4114,C22C24C23C21
4115,C22C24C23C21
4117,C22C24C23C21
4119,C22C24C23C21
4122,C22C24C23C21
4124,C22C24C23C21
4126,C22C24C23C21
4128,C22C24C23C21
4130,C22C24C23C21
4133,C22C24C23C21
4134,C22C24C23C21
4136,C22C24C23C21
4138,C22C24C23C21
4142,C22C24C23C21
4144,C22C24C23C21
4147,C22C24C23C21
4149,C22C24C23C21
4151,C22C24C23C21
4153,C22C24C23C21
4155,C22C24C23C21
4157,C22C24C23C21
4159,C22C24C23C21
4163,C22C24C23C21
4165,C22C24C23C21
4166,C22C24C23C21
4167,C22C24C23C21
4169,C22C24C23C21
4174,C22C24C23C21
4175,C22C24C23C21
4176,C22C24C23C21
4177,C22C24C23C21
4179,C22C24C23C21
4181,C22C24C23C21
4182,C22C24C23C21
4184,C22C24C23C21
4187,C22C24C23C21
4189,C22C24C23C21
4191,C22C24C23C21
4192,C22C24C23C21
4196,C22C24C23C21
4197,C22C24C23C21
4198,C22C24C23C21
4199,C22C24C23C21
4200,C22C24C23C21
4201,C22C24C23C21
4202,C22C24C23C21
4203,C22C24C23C21
4204,C22C24C23C21
4205,C22C24C23C21
4206,C22C24C23C21
4207,C22C24C23C21
4208,C22C24C23C21
4209,C22C24C23C21
4211,C22C24C23C21
4212,C22C24C23C21
4214,C22C24C23C21
4215,C22C24C23C21
4217,C22C24C23C21
4219,C22C24C23C21
4221,C22C24C23C21
4223,C22C24C23C21
4224,C22C24C23C21
4225,C22C24C23C21
4227,LW
4229,LW
4231,LW
4235,LW
4236,C22C24C23C21
4237,LW
4238,LW
4239,S1S2S7
4240,S6
4241,S22S72
4242,S1S2S7
4243,S1S2S7
4245,L1
4246,S1S2S7
4249,S1S2S7
4250,S22S72
4251,S22S72
4252,S22S72
4253,S22S72
4254,S22S72
4258,S1S2S7
4259,S3S5L8
4260,S1S2S7
4261,S3S5L8
4262,S1S2S7
4263,S1S2S7
4264,S1S2S7
4265,S1S2S7
4266,S1S2S7
4267,S1S2S7
4268,S1S2S7
4269,S1S2S7
4270,L9
4271,S21S71
4272,S21S71
4275,S1S2S7
4276,S1S2S7
4277,S1S2S7
4278,S1S2S7
4284,S1S2S7
4285,S1S2S7
4286,S1S2S7
4287,D1
4288,L9
4289,S1S2S7
4290,S1S2S7
4291,L2
4292,S1S2S7
4293,L9
4294,L9
4295,L9
4296,L9
4297,L1
4300,S1S2S7
4301,S1S2S7
4302,S1S2S7
4303,S1S2S7
4304,S1S2S7
4305,S1S2S7
4306,S6
4309,S1S2S7
4310,S1S2S7
4311,S1S2S7
4312,S1S2S7
4313,D1
4314,S1S2S7
4315,D1
4316,S6
4317,S6
4318,G2
4319,S6
4320,S1S2S7
4321,S1S2S7
4322,S1S2S7
4324,S1S2S7
4325,S1S2S7
4326,S3S5L8
4327,S1S2S7
4331,S1S2S7
4332,S1S2S7
4333,L2
4336,L1
4337,S1S2S7
4338,S1S2S7
4339,S1S2S7
4340,S1S2S7
4341,S1S2S7
4345,L9
4350,S6
4351,S6
4354,S1S2S7
4355,S1S2S7
4357,S1S2S7
4361,S1S2S7
4362,D1
4364,S1S2S7
4367,L7
4368,L7
4369,L7
4370,L9
4371,S1S2S7
4372,S1S2S7
4373,S1S2S7
4374,S1S2S7
4376,S1S2S7
4377,D4
4378,S1S2S7
4379,L2
4380,L2
4387,S1S2S7
4388,L9
4389,S1S2S7
4390,S1S2S7
4392,S1S2S7
4393,S3S5L8
4395,S1S2S7
4396,L9
4397,D1
4398,S1S2S7
4399,S1S2S7
4400,D1
4401,S1S2S7
4402,S22S72
4404,S1S2S7
4405,S1S2S7
4406,S1S2S7
4411,D1
4413,S1S2S7
4414,L7
4415,S1S2S7
4416,S1S2S7
4417,D1
4418,S1S2S7
4419,S1S2S7
4420,S1S2S7
4421,S1S2S7
4422,S1S2S7
4423,S1S2S7
4424,S1S2S7
4425,S1S2S7
4427,S1S2S7
4428,S1S2S7
4429,L9
4431,D1
4433,S1S2S7
4434,S1S2S7
4435,S1S2S7
4436,S1S2S7
4438,S1S2S7
4439,L7
4440,S1S2S7
4442,S3S5L8
4446,S1S2S7
4447,S1S2S7
4448,S1S2S7
4450,S1S2S7
4451,L1
4452,S21S71
4453,S1S2S7
4454,D6
4455,L9
4456,S3S5L8
4457,S1S2S7
4458,S1S2S7
4459,S1S2S7
4460,S1S2S7
4461,S1S2S7
4462,S1S2S7
4463,L9
4464,S1S2S7
4466,S1S2S7
4467,D3
4468,S1S2S7
4469,S1S2S7
4481,D4
4488,L7
4490,L7
4492,L7
4494,L7
4495,S3S5L8
4497,S1S2S7
4499,L7
4501,L9
4502,L9
4503,L9
4504,L9
4505,D1
4507,S3S5L8
4508,S1S2S7
4509,S1S2S7
4513,L1
4516,S1S2S7
4517,S1S2S7
4518,S3S5L8
4519,S1S2S7
4523,D5
4524,D5
4525,S1S2S7
4532,L7
4535,S1S2S7
4536,L2
4537,S1S2S7
4540,L9
4541,L9
4543,S1S2S7
4545,S6
4547,D4
4548,S6
4549,S6
4551,S6
4552,S1S2S7
4554,S1S2S7
4559,L7
4560,S1S2S7
4561,S1S2S7
4562,S1S2S7
4563,L2
4564,S1S2S7
4565,S1S2S7
4566,S1S2S7
4567,D5
4568,D5
4569,L9
4572,S6
4573,S1S2S7
4574,S3S5L8
4575,S3S5L8
4576,L9
4577,S1S2S7
4578,S1S2S7
4579,S1S2S7
4580,S3S5L8
4581,S1S2S7
4582,S1S2S7
4583,S6
4584,S1S2S7
4585,S1S2S7
4586,L9
4587,L9
4588,L9
4589,S1S2S7
4590,L7
4591,L7
4592,L7
4593,S6
4594,L7
4595,S21S71
4596,S1S2S7
4597,L2
4598,D6
4599,D4
4600,D5
4602,S1S2S7
4603,S6
4604,S3S5L8
4605,S1S2S7
4607,G2
4608,S1S2S7
4610,D5
4611,S1S2S7
4612,L1
4613,D5
4614,S3S5L8
4615,S1S2S7
4616,L2
4617,S1S2S7
4618,D5
4619,S3S5L8
4620,L2
4621,D5
4622,S1S2S7
4623,S1S2S7
4624,S6
4626,S3S5L8
4628,L9
4629,S6
4630,S6
4631,L1
4632,S3S5L8
4633,S1S2S7
4634,D5
4635,D5
4636,L2
4637,S3S5L8
4638,S1S2S7
4639,S1S2S7
4640,S1S2S7
4641,D5
4642,S1S2S7
4643,S3S5L8
4644,S1S2S7
4645,S1S2S7
4646,D3
4648,D3
4649,L9
4650,L9
4651,L9
4652,S1S2S7
4653,S1S2S7
4658,S1S2S7
4660,L9
4661,D3
4662,S1S2S7
4664,S1S2S7
4666,S1S2S7
4667,S1S2S7
4668,S1S2S7
4673,S21S71
4674,S1S2S7
4675,S1S2S7
4676,S1S2S7
4677,S1S2S7
4680,S21S71
4682,S1S2S7
4684,D1
4688,D1
4693,S1S2S7
4694,S1S2S7
4695,S1S2S7
4696,S1S2S7
4697,S1S2S7
4698,S1S2S7
4699,S1S2S7
4700,S1S2S7
4701,S1S2S7
4702,S1S2S7
4703,S1S2S7
4704,C22C24C23C21
4710,S1S2S7
4714,D1
4715,S1S2S7
4718,S1S2S7
4719,S1S2S7
4720,S1S2S7
4721,S1S2S7
4722,S1S2S7
4725,S1S2S7
4728,S1S2S7
4729,S1S2S7
4730,S1S2S7
4731,S1S2S7
4735,S1S2S7
4736,S1S2S7
4737,S3S5L8
4738,S1S2S7
4745,S1S2S7
4747,C22C24C23C21
4748,C22C24C23C21
4749,C22C24C23C21
4750,C22C24C23C21
4751,C22C24C23C21
4752,C22C24C23C21
4753,C22C24C23C21
4754,C22C24C23C21
4755,C22C24C23C21
4756,C22C24C23C21
4764,C22C24C23C21
4765,C22C24C23C21
4766,C22C24C23C21
4767,C22C24C23C21
4769,C22C24C23C21
4770,C22C24C23C21
4772,C22C24C23C21
4773,C22C24C23C21
4774,C22C24C23C21
4775,C22C24C23C21
4776,C22C24C23C21
4777,C22C24C23C21
4778,C22C24C23C21
4779,C22C24C23C21
4780,C22C24C23C21
4781,C22C24C23C21
4782,C22C24C23C21
4783,C22C24C23C21
4784,C22C24C23C21
4785,C22C24C23C21
4786,C22C24C23C21
4787,C22C24C23C21
4788,C22C24C23C21
4789,C22C24C23C21
4790,C22C24C23C21
4792,C22C24C23C21
4793,C22C24C23C21
4794,C22C24C23C21
4795,C22C24C23C21
4796,C22C24C23C21
4800,C22C24C23C21
4801,C22C24C23C21
4802,C22C24C23C21
4803,C22C24C23C21
4804,C22C24C23C21
4805,C22C24C23C21
4806,C22C24C23C21
4808,C22C24C23C21
4809,C22C24C23C21
4810,C22C24C23C21
4811,L5L6
4830,S21S71
4831,S21S71
4857,C22C24C23C21
4858,C22C24C23C21
4859,C22C24C23C21
4860,C22C24C23C21
4864,C22C24C23C21
4874,S1S2S7
4875,S1S2S7
4898,D1
4903,L7
4904,L7
5021,L9
5027,D1
5036,S1S2S7
5037,S3S5L8
5039,S1S2S7
5040,S1S2S7
5041,S1S2S7
5042,S1S2S7
5043,C22C24C23C21
5044,C221C24
5045,L1
5046,L9
5047,C22C24C23C21
5048,C22C24C23C21
5049,C22C24C23C21
5056,S1S2S7
5057,C22C24C23C21
5060,C22C24C23C21
5061,C22C24C23C21
5065,S1S2S7
5066,C22C24C23C21
5071,S6
5074,S1S2S7
5075,S1S2S7
5076,S1S2S7
5077,S1S2S7
5078,S1S2S7
5079,S21S71
5080,S21S71
5081,S21S71
5082,S21S71
5083,S1S2S7
5084,S22S72
5085,S22S72
5086,S1S2S7
5087,S22S72
5088,S22S72
5089,S22S72
5090,S1S2S7
5091,C221C24
5092,C221C24
5094,S3S5L8
5095,D3
5096,S1S2S7
5097,S1S2S7
5098,S1S2S7
5099,S1S2S7
5103,L1
5113,S1S2S7
5114,S1S2S7
5115,S22S72
5116,S1S2S7
5117,S1S2S7
5120,S1S2S7
5121,S23S53G18G11G12L71L8
5122,S1S2S7
5123,S1S2S7
5124,S1S2S7
5125,S1S2S7
5126,S1S2S7
5134,L1
5135,S6
5136,S1S2S7
5137,S1S2S7
5143,S1S2S7
5144,S21S71
5146,S1S2S7
5150,C22C24C23C21
5152,C22C24C23C21
5153,C22C24C23C21
5155,S1S2S7
5157,S1S2S7
5158,S1S2S7
5159,S1S2S7
5161,S1S2S7
5163,S1S2S7
5164,S1S2S7
5171,S1S2S7
5172,S1S2S7
5173,S1S2S7
5174,S1S2S7
5175,S1S2S7
5177,S1S2S7
5179,S21S71
5180,S1S2S7
5181,S1S2S7
5182,L9
5184,S1S2S7
5185,C22C24C23C21
5186,C22C24C23C21
5187,C22C24C23C21
5188,C22C24C23C21
5189,C22C24C23C21
5190,C22C24C23C21
5191,C22C24C23C21
5192,S1S2S7
5193,C22C24C23C21
5194,C221C24
5195,S1S2S7
5198,C22C24C23C21
5199,C22C24C23C21
5201,C22C24C23C21
5202,C22C24C23C21
5205,L7
5206,S1S2S7
5207,S3S5L8
5208,O3
5209,C22C24C23C21
5210,C22C24C23C21
5211,D3
5213,C22C24C23C21
5216,S1S2S7
5220,S3S5L8
5222,C22C24C23C21
5223,S1S2S7
5224,S1S2S7
5225,S1S2S7
5226,S1S2S7
5229,S1S2S7
5233,S22S72
5234,G2
5235,D3
5236,S1S2S7
5237,G17
5238,G17
5239,D5
5240,L1
5241,L9
5243,S1S2S7
5244,S1S2S7
5245,S3S5L8
5248,S22S72
5250,S23S53G18G11G12L71L8
5252,S1S2S7
5253,S1S2S7
5258,S1S2S7
5262,C22C24C23C21
5263,C22C24C23C21
5264,C22C24C23C21
5266,S1S2S7
5267,S1S2S7
5268,S1S2S7
5269,S1S2S7
5270,S1S2S7
5271,S1S2S7
5274,S1S2S7
5275,S1S2S7
5276,C22C24C23C21
5277,C22C24C23C21
5278,S1S2S7
5282,S1S2S7
5283,S1S2S7
5284,S1S2S7
5285,S1S2S7
5286,S22S72
5289,S1S2S7
5291,S1S2S7
5292,S1S2S7
5293,S1S2S7
5295,L1
5298,D1
5302,S1S2S7
5303,D3
5306,S1S2S7
5309,C22C24C23C21
5310,C22C24C23C21
5311,C22C24C23C21
5312,C22C24C23C21
5313,C22C24C23C21
5314,S1S2S7
5315,S1S2S7
5316,S1S2S7
5317,S1S2S7
5319,S1S2S7
5325,S1S2S7
5326,C22C24C23C21
5327,C22C24C23C21
5329,S1S2S7
5330,S1S2S7
5331,S1S2S7
5332,D3
5334,C22C24C23C21
5335,S1S2S7
5336,S1S2S7
5341,S1S2S7
5342,S3S5L8
5343,C22C24C23C21
5344,C22C24C23C21
5345,S1S2S7
5346,G2
5356,S23S53G18G11G12L71L8
5357,S23S53G18G11G12L71L8
5358,S23S53G18G11G12L71L8
5359,S23S53G18G11G12L71L8
5360,S23S53G18G11G12L71L8
5361,S23S53G18G11G12L71L8
5363,L1
5364,S1S2S7
5365,S1S2S7
5366,C221C24
5376,S1S2S7
5381,S1S2S7
5382,S1S2S7
5383,S1S2S7
5384,S3S5L8
5385,S1S2S7
5386,S1S2S7
5387,S1S2S7
5390,L9
5394,C22C24C23C21
5396,S1S2S7
5397,S1S2S7
5399,S1S2S7
5400,S1S2S7
5401,S1S2S7
5404,S1S2S7
5405,S1S2S7
5416,S1S2S7
5417,S1S2S7
5418,S1S2S7
5419,S1S2S7
5420,S1S2S7
5422,S1S2S7
5427,S1S2S7
5429,S1S2S7
5432,S1S2S7
5434,C22C24C23C21
5436,S1S2S7
5438,S1S2S7
5439,S22S72
5440,S22S72
5449,S1S2S7
5462,S1S2S7
5464,S1S2S7
5468,S22S72
5475,S1S2S7
5476,S1S2S7
5478,S1S2S7
5481,G14G24
5482,S1S2S7
5483,S1S2S7
5484,S1S2S7
5485,S1S2S7
5486,S1S2S7
5487,S1S2S7
5489,C22C24C23C21
5490,S1S2S7
5492,S1S2S7
5493,S1S2S7
5497,C221C24
5498,C221C24
5499,D5
5500,D1
5502,C22C24C23C21
5504,D1
5506,S1S2S7
5507,S1S2S7
5513,C22C24C23C21
5516,S1S2S7
5518,S1S2S7
5519,L9
5520,L9
5521,O4
5522,L9
5523,S1S2S7
5524,S1S2S7
5537,S1S2S7
5538,S1S2S7
5539,C22C24C23C21
5540,C22C24C23C21
5541,C22C24C23C21
5542,S1S2S7
5543,S1S2S7
5545,S1S2S7
5546,S1S2S7
5547,S1S2S7
5548,S1S2S7
5549,S1S2S7
5554,C22C24C23C21
5555,C22C24C23C21
5561,S1S2S7
5562,S1S2S7
5565,S1S2S7
5567,C22C24C23C21
5569,D3
5573,C22C24C23C21
5574,C22C24C23C21
5576,S1S2S7
5577,S1S2S7
5580,L9
5583,S1S2S7
5585,S1S2S7
5586,S1S2S7
5587,S1S2S7
5588,S1S2S7
5589,S1S2S7
5590,S3S5L8
5593,S1S2S7
5595,C22C24C23C21
5596,S1S2S7
5598,C22C24C23C21
5599,C22C24C23C21
5610,C22C24C23C21
5611,C22C24C23C21
5612,C22C24C23C21
5613,C22C24C23C21
5614,S1S2S7
5615,S1S2S7
5616,S1S2S7
5617,S1S2S7
5623,S1S2S7
5624,G2
5625,S23S53G18G11G12L71L8
5626,C22C24C23C21
5630,S23S53G18G11G12L71L8
5633,C22C24C23C21
5639,S1S2S7
5644,C22C24C23C21
5647,L9
5648,S1S2S7
5658,C22C24C23C21
5659,C22C24C23C21
5661,O4
5662,O4
5666,
5667,S1S2S7
5669,S1S2S7
5670,S1S2S7
5671,G17
5672,S1S2S7
5673,C22C24C23C21
5679,C22C24C23C21
5680,C22C24C23C21
5681,C22C24C23C21
5683,S1S2S7
5688,S1S2S7
5689,S1S2S7
5690,S1S2S7
5691,S1S2S7
5693,S22S72
5694,C22C24C23C21
5695,S1S2S7
5696,S1S2S7
5697,S1S2S7
5704,S1S2S7
5707,C221C24
5709,C221C24
5710,O4
5711,O4
5712,S1S2S7
5716,C22C24C23C21
5717,C221C24
5719,S1S2S7
5724,L7
5725,L1
5729,S1S2S7
5730,S1S2S7
5733,C22C24C23C21
5734,S1S2S7
5735,S1S2S7
5739,S22S72
5742,C22C24C23C21
5754,S1S2S7
5758,C22C24C23C21
5759,S3S5L8
5761,S1S2S7
5763,S1S2S7
5764,S1S2S7
5766,S1S2S7
5768,C22C24C23C21
5769,C22C24C23C21
5770,S1S2S7
5771,S1S2S7
5774,S1S2S7
5775,S1S2S7
5776,S1S2S7
5779,C22C24C23C21
5781,G2
5782,S1S2S7
5783,D1
5784,S1S2S7
5785,S1S2S7
5787,S1S2S7
5788,C22C24C23C21
5789,C22C24C23C21
5790,C22C24C23C21
5791,S1S2S7
5792,S22S72
5795,S22S72
5797,S22S72
5798,C22C24C23C21
5801,S1S2S7
5802,S1S2S7
5806,S22S72
5807,S22S72
5808,S22S72
5810,S1S2S7
5811,S1S2S7
5812,S1S2S7
5823,S1S2S7
5825,S1S2S7
5826,S1S2S7
5827,S1S2S7
5828,S1S2S7
5831,C22C24C23C21
5833,C22C24C23C21
5837,C22C24C23C21
5838,C22C24C23C21
5842,C22C24C23C21
5843,C22C24C23C21
5844,C22C24C23C21
5846,C22C24C23C21
5847,S1S2S7
5848,C22C24C23C21
5849,C22C24C23C21
5856,S1S2S7
5859,L9
5860,L7
5861,L7
5863,S1S2S7
5866,C22C24C23C21
5867,C22C24C23C21
5877,S22S72
5878,S1S2S7
5879,S1S2S7
5880,S1S2S7
5881,S1S2S7
5882,S1S2S7
5883,S1S2S7
5886,L1
5888,C22C24C23C21
5889,S1S2S7
5891,S23S53G18G11G12L71L8
5894,C22C24C23C21
5896,S1S2S7
5897,S1S2S7
5900,C22C24C23C21
5901,C22C24C23C21
5902,C22C24C23C21
5904,C22C24C23C21
5905,C22C24C23C21
5906,C22C24C23C21
5907,C22C24C23C21
5910,S21S71
5911,S21S71
5912,S1S2S7
5913,L9
5914,S1S2S7
5915,G2
5916,S3S5L8
5924,G14G24
5925,G14G24
5927,S1S2S7
5929,S1S2S7
5930,S1S2S7
5931,C22C24C23C21
5938,C22C24C23C21
5942,S1S2S7
5944,S1S2S7
5948,S1S2S7
5949,S23S53G18G11G12L71L8
5950,S3S5L8
5951,S1S2S7
5954,L7
5956,C22C24C23C21
5957,S1S2S7
5958,S1S2S7
5959,S1S2S7
5962,C22C24C23C21
5963,C22C24C23C21
5966,C22C24C23C21
5967,S3S5L8
5968,S1S2S7
5969,S1S2S7
5970,S1S2S7
5971,S1S2S7
5974,S1S2S7
5976,S1S2S7
5979,S22S72
5980,S3S5L8
5981,S1S2S7
5982,S1S2S7
5983,S22S72
5984,S23S53G18G11G12L71L8
5986,D3
5987,S1S2S7
5988,S1S2S7
5989,S1S2S7
5990,C22C24C23C21
5992,C22C24C23C21
5996,S1S2S7
5998,S21S71
5999,S3S5L8
6001,S1S2S7
6002,C22C24C23C21
6003,S1S2S7
6007,S1S2S7
6008,S1S2S7
6012,S3S5L8
6013,S1S2S7
6014,D1
6017,S1S2S7
6018,S1S2S7
6024,C22C24C23C21
6025,S21S71
6026,S3S5L8
6027,D1
6028,L9
6029,S22S72
6030,S1S2S7
6031,S22S72
6047,S3S5L8
6048,S23S53G18G11G12L71L8
6054,S1S2S7
6055,S1S2S7
6056,S1S2S7
6057,S1S2S7
6058,S1S2S7
6059,S1S2S7
6060,C22C24C23C21
6064,S1S2S7
6065,S1S2S7
6066,S1S2S7
6072,S1S2S7
6073,S23S53G18G11G12L71L8
6077,S1S2S7
6078,S1S2S7
6080,G14G24
6088,S1S2S7
6089,S1S2S7
6092,S1S2S7
6093,S1S2S7
6094,S1S2S7
6095,S1S2S7
6096,L7
6097,S23S53G18G11G12L71L8
6099,S1S2S7
6100,S1S2S7
6101,S1S2S7
6103,S1S2S7
6104,S1S2S7
6105,S1S2S7
6109,C22C24C23C21
6110,C22C24C23C21
6113,S1S2S7
6118,D3
6119,D1
6120,S23S53G18G11G12L71L8
6121,S1S2S7
6122,S3S5L8
6123,S23S53G18G11G12L71L8
6124,S23S53G18G11G12L71L8
6125,S23S53G18G11G12L71L8
6126,S23S53G18G11G12L71L8
6127,S23S53G18G11G12L71L8
6130,S1S2S7
6131,S1S2S7
6132,S1S2S7
6133,S22S72
6138,C22C24C23C21
6143,S1S2S7
6144,L7
6149,S21S71
6150,S21S71
6151,S21S71
6152,S21S71
6157,G14G24
6158,G14G24
6161,C22C24C23C21
6162,C22C24C23C21
6163,S1S2S7
6164,S1S2S7
6169,S1S2S7
6180,C22C24C23C21
6181,S31S5L81
6182,S1S2S7
6187,L1
6188,S1S2S7
6192,S1S2S7
6193,S1S2S7
6197,C22C24C23C21
6201,C221C24
6204,S1S2S7
6206,C22C24C23C21
6207,S1S2S7
6211,C221C24
6212,S21S71
6213,S3S5L8
6215,C22C24C23C21
6216,C22C24C23C21
6217,G15
6218,S1S2S7
6219,S22S72
6220,S21S71
6222,S1S2S7
6223,S1S2S7
6224,S1S2S7
6225,S1S2S7
6231,C22C24C23C21
6232,C22C24C23C21
6233,S21S71
6236,S1S2S7
6237,S1S2S7
6238,S1S2S7
6239,C22C24C23C21
6240,D3
6241,S1S2S7
6242,S1S2S7
6243,S1S2S7
6248,S22S72
6249,S23S53G18G11G12L71L8
6251,S3S5L8
6252,S1S2S7
6253,L4
6254,C22C24C23C21
6255,S1S2S7
6258,S1S2S7
6260,S1S2S7
6262,S1S2S7
6264,S21S71
6265,S21S71
6267,S1S2S7
6269,S3S5L8
6270,S1S2S7
6271,S1S2S7
6272,S1S2S7
6283,C22C24C23C21
6284,S1S2S7
6285,S1S2S7
6286,S1S2S7
6288,C22C24C23C21
6290,S3S5L8
6293,S1S2S7
6294,S1S2S7
6295,S1S2S7
6299,C22C24C23C21
6300,C22C24C23C21
6301,S1S2S7
6302,S1S2S7
6303,S1S2S7
6304,C22C24C23C21
6305,C22C24C23C21
6306,S1S2S7
6307,S1S2S7
6308,S1S2S7
6309,S1S2S7
6310,S1S2S7
6311,S1S2S7
6312,S1S2S7
6313,S1S2S7
6314,S1S2S7
6318,O3
6319,O3
6320,S21S71
6322,C22C24C23C21
6323,C22C24C23C21
6324,S1S2S7
6325,C221C24
6326,C221C24
6327,S1S2S7
6335,C22C24C23C21
6336,L7
6337,D1
6338,S1S2S7
6339,S1S2S7
6340,S1S2S7
6342,S1S2S7
6343,S1S2S7
6344,S1S2S7
6345,S1S2S7
6347,S1S2S7
6351,S1S2S7
6352,S3S5L8
6353,S1S2S7
6354,S1S2S7
6355,S1S2S7
6356,S1S2S7
6358,S1S2S7
6359,S1S2S7
6360,L1
6361,C22C24C23C21
6362,C22C24C23C21
6364,LW
6367,D1
6368,C22C24C23C21
6370,C22C24C23C21
6372,C22C24C23C21
6374,S1S2S7
6375,S1S2S7
6380,C22C24C23C21
6383,C22C24C23C21
6384,C22C24C23C21
6385,G2
6387,S1S2S7
6388,S1S2S7
6389,S1S2S7
6390,D3
6393,S1S2S7
6394,S6
6395,S6
6396,S6
6398,S21S71
6400,D1
6401,S1S2S7
6402,L7
6404,C22C24C23C21
6405,C22C24C23C21
6406,C22C24C23C21
6407,S1S2S7
6408,S21S71
6409,S1S2S7
6410,S1S2S7
6411,C22C24C23C21
6412,C22C24C23C21
6413,C22C24C23C21
6420,S3S5L8
6421,S1S2S7
6422,S3S5L8
6425,C22C24C23C21
6426,C22C24C23C21
6434,S1S2S7
6437,S1S2S7
6438,S21S71
6439,S21S71
6441,S1S2S7
6442,C22C24C23C21
6443,S23S53G18G11G12L71L8
6445,S1S2S7
6446,S1S2S7
6451,C22C24C23C21
6453,D1
6455,C22C24C23C21
6456,C22C24C23C21
6457,S1S2S7
6459,S3S5L8
6460,C22C24C23C21
6461,S1S2S7
6462,S1S2S7
6463,C22C24C23C21
6464,C22C24C23C21
6465,C221C24
6466,S1S2S7
6467,S1S2S7
6468,C22C24C23C21
6469,C22C24C23C21
6470,C22C24C23C21
6471,S1S2S7
6473,S1S2S7
6474,G14G24
6475,C22C24C23C21
6477,S1S2S7
6478,S1S2S7
6480,S1S2S7
6481,S1S2S7
6483,D3
6484,S1S2S7
6486,S22S72
6487,S22S72
6488,S22S72
6489,S22S72
6494,S1S2S7
6497,C221C24
6505,C22C24C23C21
6512,S3S5L8
6513,C22C24C23C21
6516,S22S72
6517,S1S2S7
6523,S1S2S7
6526,S1S2S7
6527,S1S2S7
6528,S1S2S7
6529,S3S5L8
6530,S3S5L8
6531,C22C24C23C21
6532,C22C24C23C21
6533,C22C24C23C21
6534,C22C24C23C21
6535,C22C24C23C21
6536,C22C24C23C21
6538,S1S2S7
6539,C221C24
6542,C22C24C23C21
6544,S1S2S7
6546,S1S2S7
6549,S1S2S7
6553,S1S2S7
6557,S1S2S7
6561,S1S2S7
6562,C22C24C23C21
6568,C22C24C23C21
6569,S1S2S7
6570,S1S2S7
6571,S21S71
6572,S1S2S7
6573,S1S2S7
6574,S1S2S7
6575,S1S2S7
6576,S1S2S7
6577,S1S2S7
6578,S1S2S7
6581,S1S2S7
6583,C22C24C23C21
6584,C22C24C23C21
6586,S6
6587,C22C24C23C21
6588,S1S2S7
6589,S22S72
6590,S1S2S7
6591,S21S71
6592,S6
6593,S21S71
6594,S22S72
6595,S1S2S7
6596,S1S2S7
6597,S22S72
6598,S22S72
6599,O4
6600,S1S2S7
6602,S3S5L8
6603,S1S2S7
6604,S22S72
6605,S22S72
6606,S1S2S7
6607,S22S72
6608,S22S72
6615,S1S2S7
6616,S1S2S7
6618,C22C24C23C21
6620,S1S2S7
6621,S1S2S7
6622,S1S2S7
6623,S1S2S7
6624,C22C24C23C21
6625,C22C24C23C21
6626,C22C24C23C21
6631,C22C24C23C21
6632,C22C24C23C21
6634,S3S5L8
6635,S1S2S7
6636,C22C24C23C21
6637,C22C24C23C21
6638,S3S5L8
6645,C221C24
6649,S1S2S7
6650,C22C24C23C21
6651,C22C24C23C21
6652,C22C24C23C21
6653,C22C24C23C21
6654,C22C24C23C21
6655,C22C24C23C21
6656,C22C24C23C21
6657,S1S2S7
6658,S1S2S7
6661,C22C24C23C21
6663,S1S2S7
6664,S1S2S7
6668,S21S71
6669,S21S71
6674,L1
6675,S1S2S7
6676,S1S2S7
6677,L9
6678,S1S2S7
6679,S1S2S7
6680,S1S2S7
6681,S22S72
6682,S22S72
6687,D3
6689,S1S2S7
6691,L9
6692,L1
6694,L1
6695,C22C24C23C21
6696,D5
6697,D1
6700,S1S2S7
6702,S1S2S7
6703,S1S2S7
6704,S1S2S7
6705,S1S2S7
6712,L4
6713,S1S2S7
6714,S1S2S7
6715,S1S2S7
6719,S1S2S7
6721,S1S2S7
6722,S1S2S7
6723,C22C24C23C21
6724,L1
6726,G2
6727,S1S2S7
6728,S1S2S7
6729,S1S2S7
6730,S3S5L8
6738,D3
6739,S1S2S7
6740,C22C24C23C21
6745,S3S5L8
6746,S21S71
6752,L1
6753,L1
6754,L1
6755,S1S2S7
6756,S1S2S7
6757,S1S2S7
6758,S1S2S7
6762,L9
6763,G2
6764,S1S2S7
6765,S1S2S7
6766,S1S2S7
6767,S1S2S7
6768,C22C24C23C21
6769,C22C24C23C21
6772,S1S2S7
6773,S1S2S7
6775,S1S2S7
6776,C22C24C23C21
6779,C22C24C23C21
6781,C22C24C23C21
6782,C22C24C23C21
6784,C22C24C23C21
6785,C22C24C23C21
6786,C22C24C23C21
6787,C22C24C23C21
6791,C22C24C23C21
6797,C222C242
6798,C222C242
6799,C222C242
6800,C222C242
6805,S1S2S7
6806,S1S2S7
6812,C22C24C23C21
6814,S1S2S7
6817,S1S2S7
6818,S1S2S7
6822,S1S2S7
6823,S1S2S7
6824,C22C24C23C21
6825,G2
6830,C22C24C23C21
6831,C22C24C23C21
6832,C22C24C23C21
6833,C22C24C23C21
6834,G2
6835,L9
6836,S1S2S7
6837,S1S2S7
6838,S1S2S7
6839,S1S2S7
6840,S1S2S7
6841,S1S2S7
6844,S1S2S7
6845,S1S2S7
6846,S1S2S7
6847,S1S2S7
6848,S1S2S7
6849,S1S2S7
6850,C22C24C23C21
6853,S1S2S7
6854,S1S2S7
6855,S1S2S7
6858,S1S2S7
6860,C22C24C23C21
6861,C22C24C23C21
6862,C22C24C23C21
6863,C22C24C23C21
6865,C22C24C23C21
6867,L9
6868,D3
6869,L1
6872,D3
6879,S1S2S7
6880,S1S2S7
6881,S1S2S7
6883,S1S2S7
6884,S1S2S7
6885,S1S2S7
6886,S1S2S7
6887,L9
6890,S22S72
6891,C22C24C23C21
6892,C22C24C23C21
6893,C22C24C23C21
6894,C22C24C23C21
6895,S1S2S7
6903,C22C24C23C21
6904,C221C24
6905,D1
6906,C22C24C23C21
6907,C22C24C23C21
6909,C22C24C23C21
6912,C22C24C23C21
6914,S1S2S7
6915,S1S2S7
6917,S1S2S7
6918,S1S2S7
6919,S1S2S7
6922,S1S2S7
6924,S21S71
6925,S21S71
6926,S21S71
6927,S1S2S7
6930,S1S2S7
6934,S1S2S7
6935,S1S2S7
6938,S1S2S7
6939,C221C24
6940,S1S2S7
6941,S1S2S7
6942,S1S2S7
6943,S3S5L8
6946,G2
6947,S1S2S7
6951,S1S2S7
6953,S3S5L8
6955,S1S2S7
6958,C221C24
6962,S1S2S7
6963,S22S72
6965,C22C24C23C21
6966,C22C24C23C21
6968,L72
6969,S1S2S7
6970,C22C24C23C21
6971,C22C24C23C21
6975,G14G24
6976,S1S2S7
6977,S1S2S7
6978,D1
6979,D1
6980,C22C24C23C21
6982,C22C24C23C21
6983,C22C24C23C21
6984,C22C24C23C21
6985,C22C24C23C21
6986,L9
6988,S3S5L8
6991,S1S2S7
6992,S1S2S7
6993,O3
6995,C22C24C23C21
6997,C22C24C23C21
6999,S3S5L8
7000,C22C24C23C21
7001,S1S2S7
7003,S1S2S7
7004,S21S71
7010,S1S2S7
7011,S1S2S7
7012,S21S71
7014,S1S2S7
7015,S1S2S7
7017,S1S2S7
7018,S1S2S7
7020,C22C24C23C21
7021,C22C24C23C21
7023,C22C24C23C21
7025,S3S5L8
7026,C22C24C23C21
7027,S1S2S7
7028,S1S2S7
7029,S1S2S7
7032,C22C24C23C21
7035,S1S2S7
7036,S1S2S7
7037,S1S2S7
7038,S1S2S7
7041,L9
7042,S1S2S7
7043,S1S2S7
7044,S1S2S7
7045,S1S2S7
7046,S1S2S7
7047,S1S2S7
7048,S1S2S7
7049,S1S2S7
7050,C22C24C23C21
7051,C22C24C23C21
7052,C22C24C23C21
7053,C22C24C23C21
7054,C22C24C23C21
7057,D3
7058,S1S2S7
7059,S1S2S7
7060,S1S2S7
7061,S1S2S7
7063,S1S2S7
7064,S1S2S7
7065,S1S2S7
7068,C22C24C23C21
7069,C22C24C23C21
7073,C22C24C23C21
7074,C22C24C23C21
7075,C22C24C23C21
7076,C22C24C23C21
7077,C22C24C23C21
7078,S22S72
7082,S1S2S7
7087,S1S2S7
7088,S1S2S7
7091,S1S2S7
7092,C22C24C23C21
7093,C22C24C23C21
7094,D4
7095,D5
7097,C22C24C23C21
7098,C22C24C23C21
7099,C22C24C23C21
7101,C22C24C23C21
7115,S1S2S7
7116,S1S2S7
7117,S1S2S7
7118,S1S2S7
7119,S1S2S7
7120,S1S2S7
7121,S1S2S7
7122,C22C24C23C21
7123,C22C24C23C21
7125,C22C24C23C21
7126,C22C24C23C21
7127,C22C24C23C21
7129,C22C24C23C21
7130,C22C24C23C21
7131,C22C24C23C21
7132,C22C24C23C21
7136,S3S5L8
7137,S1S2S7
7142,G14G24
7145,S1S2S7
7146,S1S2S7
7147,C22C24C23C21
7148,C22C24C23C21
7149,C22C24C23C21
7150,C22C24C23C21
7152,S1S2S7
7153,L1
7155,S1S2S7
7156,D1
7158,S1S2S7
7159,L2
7160,S22S72
7163,S1S2S7
7167,S22S72
7168,S1S2S7
7169,S1S2S7
7170,S1S2S7
7171,S1S2S7
7172,S1S2S7
7173,S1S2S7
7174,S1S2S7
7176,S1S2S7
7177,S1S2S7
7178,C22C24C23C21
7179,C22C24C23C21
7180,S1S2S7
7183,S6
7184,S1S2S7
7185,LW
7187,C22C24C23C21
7188,S1S2S7
7190,C22C24C23C21
7193,C22C24C23C21
7194,S1S2S7
7195,S1S2S7
7196,S1S2S7
7197,C22C24C23C21
7198,C22C24C23C21
7199,S1S2S7
7204,S1S2S7
7205,S1S2S7
7211,C22C24C23C21
7212,C22C24C23C21
7214,S1S2S7
7216,C22C24C23C21
7220,D5
7221,L9
7222,S1S2S7
7223,S1S2S7
7224,S1S2S7
7225,S1S2S7
7226,S1S2S7
7227,S1S2S7
7228,S1S2S7
7232,S21S71
7233,S1S2S7
7234,S3S5L8
7235,S1S2S7
7237,C22C24C23C21
7238,C22C24C23C21
7239,C22C24C23C21
7242,S3S5L8
7243,S1S2S7
7244,S1S2S7
7246,S1S2S7
7249,C22C24C23C21
7250,C22C24C23C21
7251,S1S2S7
7252,S1S2S7
7253,S6
7257,S1S2S7
7258,S1S2S7
7261,S1S2S7
7262,S1S2S7
7263,D5
7264,L7
7265,S1S2S7
7266,C22C24C23C21
7267,C22C24C23C21
7268,S1S2S7
7269,S1S2S7
7270,S1S2S7
7273,S1S2S7
7274,S1S2S7
7276,C22C24C23C21
7280,C221C24
7281,C221C24
7282,S1S2S7
7283,C22C24C23C21
7284,S1S2S7
7285,L9
7286,S1S2S7
7287,S1S2S7
7289,S1S2S7
7290,S1S2S7
7291,S1S2S7
7292,S1S2S7
7294,S1S2S7
7296,S1S2S7
7303,S1S2S7
7304,S1S2S7
7305,S1S2S7
7306,S1S2S7
7307,S1S2S7
7308,S1S2S7
7309,S1S2S7
7310,S1S2S7
7311,S1S2S7
7314,S1S2S7
7315,L9
7316,S22S72
7317,S1S2S7
7318,C22C24C23C21
7319,S6
7320,L1
7321,S3S5L8
7322,L3
7323,C22C24C23C21
7327,S1S2S7
7328,L9
7329,C221C24
7330,S1S2S7
7331,S1S2S7
7332,D1
7333,S1S2S7
7337,S1S2S7
7338,S1S2S7
7339,S1S2S7
7340,S1S2S7
7341,S1S2S7
7342,S1S2S7
7343,S1S2S7
7344,S1S2S7
7345,S1S2S7
7346,S1S2S7
7347,S1S2S7
7348,S1S2S7
7349,S1S2S7
7350,S1S2S7
7352,S1S2S7
7353,S1S2S7
7354,S1S2S7
7355,S1S2S7
7356,S1S2S7
7357,S1S2S7
7358,S1S2S7
7359,S1S2S7
7360,S1S2S7
7361,S1S2S7
7362,S1S2S7
7363,S1S2S7
7365,C22C24C23C21
7366,C22C24C23C21
7367,C22C24C23C21
7368,C22C24C23C21
7369,C22C24C23C21
7371,S1S2S7
7372,S1S2S7
7373,C22C24C23C21
7374,C22C24C23C21
7375,C22C24C23C21
7376,C22C24C23C21
7377,C22C24C23C21
7378,C22C24C23C21
7379,C22C24C23C21
7381,C22C24C23C21
7383,C22C24C23C21
7384,S1S2S7
7385,S1S2S7
7386,S1S2S7
7387,S1S2S7
7388,S1S2S7
7389,S1S2S7
7390,S1S2S7
7393,S22S72
7394,S1S2S7
7395,S1S2S7
7396,S1S2S7
7397,S1S2S7
7400,C22C24C23C21
7401,C22C24C23C21
7402,C22C24C23C21
7404,S1S2S7
7405,C22C24C23C21
7406,C22C24C23C21
7408,S1S2S7
7409,S1S2S7
7410,S1S2S7
7411,S1S2S7
7412,S1S2S7
7413,S1S2S7
7414,S1S2S7
7415,S3S5L8
7417,S1S2S7
7419,C22C24C23C21
7420,C22C24C23C21
7421,S1S2S7
7422,L9
7423,S1S2S7
7427,C221C24
7428,S1S2S7
7429,L9
7430,S1S2S7
7431,S1S2S7
7432,S1S2S7
7434,S1S2S7
7435,S1S2S7
7436,S1S2S7
7437,L9
7440,S1S2S7
7443,C22C24C23C21
7444,C22C24C23C21
7445,G14G24
7446,G14G24
7447,G14G24
7452,C22C24C23C21
7455,S1S2S7
7465,S1S2S7
7469,S1S2S7
7470,S1S2S7
7471,S1S2S7
7472,S1S2S7
7479,S1S2S7
7481,S1S2S7
7482,S1S2S7
7483,C22C24C23C21
7484,C22C24C23C21
7485,D2
7486,S1S2S7
7487,S1S2S7
7488,S1S2S7
7490,S1S2S7
7491,S1S2S7
7492,S1S2S7
7493,S1S2S7
7494,D1
7495,S1S2S7
7496,S1S2S7
7497,S1S2S7
7498,S1S2S7
7500,C22C24C23C21
7502,S3S5L8
7506,S1S2S7
7507,L2
7508,S1S2S7
7509,S1S2S7
7510,S1S2S7
7511,L9
7512,S1S2S7
7513,S1S2S7
7514,S1S2S7
7515,S1S2S7
7516,S1S2S7
7517,S1S2S7
7518,S1S2S7
7521,C22C24C23C21
7525,S1S2S7
7526,S1S2S7
7527,L1
7530,L9
7531,D1
7532,D1
7533,C22C24C23C21
7534,S23S53G18G11G12L71L8
7535,S1S2S7
7536,S1S2S7
7539,D1
7543,D5
7544,S1S2S7
7547,S1S2S7
7548,S3S5L8
7551,C22C24C23C21
7552,S1S2S7
7554,C22C24C23C21
7555,L1
7558,L7
7559,S1S2S7
7560,D3
7562,S1S2S7
7569,S1S2S7
7570,S1S2S7
7571,S21S71
7573,S22S72
7576,S1S2S7
7579,C221C24
7582,S21S71
7583,S21S71
7585,S1S2S7
7586,C22C24C23C21
7587,C22C24C23C21
7589,S1S2S7
7591,S1S2S7
7594,C22C24C23C21
7595,S22S72
7596,S1S2S7
7597,C22C24C23C21
7598,C22C24C23C21
7600,S1S2S7
7602,S1S2S7
7603,S1S2S7
7604,S1S2S7
7605,S21S71
7606,S21S71
7609,S1S2S7
7610,S1S2S7
7611,S1S2S7
7612,D3
7613,S21S71
7614,C22C24C23C21
7615,C221C24
7617,C22C24C23C21
7618,C22C24C23C21
7622,S21S71
7624,C22C24C23C21
7626,S1S2S7
7628,C22C24C23C21
7629,C22C24C23C21
7630,D1
7631,S1S2S7
7632,S1S2S7
7633,C22C24C23C21
7635,S1S2S7
7637,S1S2S7
7638,C22C24C23C21
7639,S22S72
7640,S22S72
7641,S22S72
7642,S22S72
7643,C221C24
7644,S1S2S7
7645,C22C24C23C21
7646,C22C24C23C21
7647,S1S2S7
7648,S1S2S7
7650,S1S2S7
7651,S1S2S7
7653,C22C24C23C21
7654,C22C24C23C21
7655,C22C24C23C21
7658,S1S2S7
7659,C22C24C23C21
7660,D3
7661,D3
7662,L1
7663,S21S71
7664,S21S71
7665,S22S72
7666,S1S2S7
7668,S1S2S7
7669,S1S2S7
7670,C22C24C23C21
7671,C22C24C23C21
7674,S1S2S7
7675,S1S2S7
7676,S1S2S7
7677,S1S2S7
7678,C22C24C23C21
7679,C22C24C23C21
7680,S1S2S7
7681,S6
7685,L5L6
7687,D1
7688,S1S2S7
7689,S1S2S7
7694,S1S2S7
7697,D1
7698,S1S2S7
7703,D1
7706,S1S2S7
7707,C22C24C23C21
7708,L9
7709,S1S2S7
7710,S1S2S7
7711,S1S2S7
7712,S1S2S7
7713,C22C24C23C21
7715,C22C24C23C21
7716,C22C24C23C21
7717,C22C24C23C21
7718,L7
7724,S1S2S7
7726,C22C24C23C21
7727,S1S2S7
7728,S1S2S7
7729,L7
7730,L9
7731,S1S2S7
7732,S1S2S7
7733,S22S72
7734,S21S71
7735,C22C24C23C21
7738,S1S2S7
7742,G2
7743,D1
7744,S1S2S7
7745,L5L6
7746,S1S2S7
7748,C22C24C23C21
7750,C221C24
7752,S1S2S7
7753,C22C24C23C21
7754,C22C24C23C21
7755,S1S2S7
7760,L9
7761,S6
7762,S1S2S7
7763,S1S2S7
7764,S1S2S7
7765,S1S2S7
7766,S1S2S7
7767,S1S2S7
7768,S1S2S7
7769,S1S2S7
7770,S1S2S7
7771,S1S2S7
7772,S1S2S7
7773,S21S71
7774,S21S71
7775,S21S71
7776,S21S71
7777,S1S2S7
7778,S21S71
7779,C22C24C23C21
7781,S21S71
7787,C22C24C23C21
7788,S1S2S7
7789,S1S2S7
7790,S21S71
7791,S21S71
7792,S1S2S7
7793,C221C24
7798,S1S2S7
7806,G2
7809,C22C24C23C21
7811,S1S2S7
7812,S1S2S7
7817,S1S2S7
7818,C22C24C23C21
7819,C22C24C23C21
7820,S1S2S7
7824,C221C24
7825,D3
7826,S1S2S7
7827,S1S2S7
7832,S1S2S7
7836,C22C24C23C21
7837,S1S2S7
7838,S1S2S7
7839,L1
7840,S21S71
7841,S1S2S7
7842,S1S2S7
7843,S1S2S7
7844,S1S2S7
7846,S6
7847,S1S2S7
7849,S1S2S7
7850,C22C24C23C21
7851,C22C24C23C21
7852,S1S2S7
7853,S1S2S7
7855,S22S72
7856,S22S72
7857,S1S2S7
7858,S1S2S7
7861,S1S2S7
7862,S1S2S7
7864,S1S2S7
7865,C22C24C23C21
7866,C22C24C23C21
7867,C22C24C23C21
7868,C22C24C23C21
7869,D1
7870,S1S2S7
7871,S1S2S7
7872,S1S2S7
7875,D3
7877,G2
7878,S1S2S7
7879,S1S2S7
7882,S1S2S7
7884,S1S2S7
7889,S1S2S7
7890,S1S2S7
7891,S1S2S7
7892,S1S2S7
7893,S1S2S7
7894,S1S2S7
7895,S1S2S7
7896,S1S2S7
7897,L7
7898,C22C24C23C21
7907,S23S53G18G11G12L71L8
7908,S23S53G18G11G12L71L8
7909,L9
7910,S3S5L8
7911,S1S2S7
7913,S1S2S7
7918,S1S2S7
7919,S1S2S7
7920,S1S2S7
7921,S3S5L8
7922,S1S2S7
7923,C22C24C23C21
7926,S1S2S7
7928,S1S2S7
7929,S1S2S7
7930,C22C24C23C21
7932,D3
7933,L1
7934,S1S2S7
7935,S1S2S7
7936,S1S2S7
7938,C22C24C23C21
7940,S6
7941,S1S2S7
7942,S1S2S7
7943,S1S2S7
7947,S1S2S7
7949,S22S72
7950,S22S72
7951,S22S72
7952,S1S2S7
7956,C221C24
7957,C221C24
7959,L1
7960,S1S2S7
7961,C22C24C23C21
7964,C22C24C23C21
7965,C22C24C23C21
7966,C22C24C23C21
7967,S1S2S7
7968,S1S2S7
7969,D1
7970,C22C24C23C21
7972,S1S2S7
7973,S3S5L8
7974,C22C24C23C21
7976,S23S53G18G11G12L71L8
7978,C22C24C23C21
7980,C22C24C23C21
7982,S22S72
7985,C221C24
7986,C221C24
7987,L1
7989,S23S53G18G11G12L71L8
7990,C22C24C23C21
7991,S1S2S7
7992,S1S2S7
7993,S1S2S7
7994,S21S71
7995,S21S71
7996,S1S2S7
7997,S1S2S7
7998,S1S2S7
7999,S1S2S7
8000,S1S2S7
8001,S1S2S7
8002,S1S2S7
8003,S1S2S7
8004,S1S2S7
8005,S1S2S7
8006,S1S2S7
8010,S1S2S7
8011,C22C24C23C21
8013,S1S2S7
8014,D3
8015,C22C24C23C21
8016,S1S2S7
8017,D1
8018,O3
8024,S1S2S7
8025,S1S2S7
8026,S1S2S7
8030,D1
8031,S1S2S7
8032,S1S2S7
8033,S1S2S7
8034,S1S2S7
8035,S1S2S7
8036,S1S2S7
8048,C221C24
8049,S1S2S7
8050,S1S2S7
8052,D1
8053,C22C24C23C21
8059,L1
8060,S1S2S7
8062,C22C24C23C21
8063,C22C24C23C21
8064,C22C24C23C21
8065,C22C24C23C21
8066,C22C24C23C21
8067,S1S2S7
8068,D3
8069,S6
8070,S1S2S7
8075,C22C24C23C21
8076,C22C24C23C21
8081,D5
8082,C22C24C23C21
8083,C22C24C23C21
8084,C22C24C23C21
8085,C22C24C23C21
8087,C22C24C23C21
8088,C22C24C23C21
8089,C22C24C23C21
8090,C22C24C23C21
8092,C22C24C23C21
8093,C221C24
8094,S1S2S7
8095,S1S2S7
8096,S1S2S7
8098,S1S2S7
8099,C22C24C23C21
8100,C22C24C23C21
8101,C22C24C23C21
8102,C22C24C23C21
8103,S22S72
8104,S22S72
8105,S22S72
8106,S1S2S7
8107,C22C24C23C21
8111,C22C24C23C21
8112,C22C24C23C21
8113,C22C24C23C21
8118,S1S2S7
8119,S1S2S7
8120,S1S2S7
8121,S1S2S7
8125,S21S71
8127,S21S71
8128,S21S71
8130,S1S2S7
8131,S1S2S7
8132,S1S2S7
8133,S1S2S7
8138,C22C24C23C21
8141,S1S2S7
8142,C22C24C23C21
8143,C22C24C23C21
8144,S4
8145,C22C24C23C21
8147,S23S53G18G11G12L71L8
8148,S23S53G18G11G12L71L8
8149,S23S53G18G11G12L71L8
8155,C22C24C23C21
8156,D1
8157,S1S2S7
8158,S1S2S7
8159,S22S72
8165,L9
8169,S1S2S7
8173,S1S2S7
8174,S1S2S7
8175,S1S2S7
8176,C22C24C23C21
8177,S1S2S7
8181,C22C24C23C21
8183,S1S2S7
8186,C22C24C23C21
8187,C22C24C23C21
8188,C22C24C23C21
8189,C22C24C23C21
8191,D5
8192,D1
8193,D1
8194,S1S2S7
8195,S1S2S7
8196,S1S2S7
8201,C22C24C23C21
8202,C22C24C23C21
8203,S1S2S7
8204,S1S2S7
8210,S1S2S7
8214,S1S2S7
8215,S1S2S7
8216,S1S2S7
8217,S1S2S7
8222,S1S2S7
8223,S1S2S7
8224,C22C24C23C21
8225,D3
8226,S1S2S7
8227,S3S5L8
8230,C22C24C23C21
8231,S1S2S7
8232,S1S2S7
8233,S1S2S7
8234,S1S2S7
8235,S1S2S7
8236,C22C24C23C21
8237,S1S2S7
8239,C22C24C23C21
8240,S21S71
8241,S21S71
8242,S1S2S7
8243,S1S2S7
8244,S1S2S7
8245,S1S2S7
8246,L9
8249,C22C24C23C21
8250,L7
8251,L7
8252,C22C24C23C21
8253,S1S2S7
8254,C221C24
8255,S1S2S7
8256,S1S2S7
8260,S1S2S7
8261,S1S2S7
8262,S1S2S7
8263,S1S2S7
8264,S1S2S7
8269,S1S2S7
8270,S1S2S7
8272,C22C24C23C21
8273,D1
8274,C1
8275,C1
8278,S1S2S7
8279,C22C24C23C21
8281,C22C24C23C21
8284,L1
8285,C221C24
8286,C22C24C23C21
8287,S3S5L8
8288,S1S2S7
8289,C22C24C23C21
8290,S1S2S7
8292,S1S2S7
8299,S22S72
8300,S22S72
8301,S1S2S7
8302,S21S71
8304,S1S2S7
8306,S22S72
8307,S1S2S7
8308,S21S71
8309,S21S71
8312,S1S2S7
8313,S1S2S7
8314,G2
8315,C22C24C23C21
8316,S1S2S7
8317,S1S2S7
8318,S1S2S7
8319,S31S5L81
8320,S31S5L81
8321,S31S5L81
8322,S1S2S7
8323,L1
8324,D3
8325,O4
8326,O4
8329,L9
8331,C22C24C23C21
8332,C22C24C23C21
8333,S1S2S7
8338,S1S2S7
8339,S1S2S7
8340,S1S2S7
8341,S1S2S7
8342,S21S71
8343,S21S71
8345,S1S2S7
8346,S1S2S7
8347,S1S2S7
8348,S1S2S7
8349,S1S2S7
8350,S1S2S7
8351,S1S2S7
8352,S1S2S7
8353,S1S2S7
8354,S1S2S7
8357,S1S2S7
8360,D3
8362,G2
8363,D5
8364,S22S72
8365,D5
8366,S1S2S7
8368,C22C24C23C21
8372,C22C24C23C21
8373,S1S2S7
8374,S23S53G18G11G12L71L8
8377,S1S2S7
8378,S1S2S7
8379,S1S2S7
8380,L7
8381,D3
8382,S1S2S7
8383,S1S2S7
8384,S1S2S7
8385,S1S2S7
8386,S1S2S7
8387,S1S2S7
8388,S1S2S7
8389,S1S2S7
8390,S1S2S7
8394,S23S53G18G11G12L71L8
8395,S23S53G18G11G12L71L8
8396,S23S53G18G11G12L71L8
8397,S1S2S7
8398,C22C24C23C21
8399,C22C24C23C21
8402,C22C24C23C21
8403,S1S2S7
8404,S1S2S7
8405,L9
8406,S1S2S7
8407,S3S5L8
8408,S21S71
8409,C22C24C23C21
8410,S1S2S7
8411,D3
8412,C22C24C23C21
8413,C22C24C23C21
8414,C22C24C23C21
8418,L72
8419,S1S2S7
8420,S1S2S7
8421,C22C24C23C21
8422,S1S2S7
8423,L9
8424,L9
8425,C22C24C23C21
8428,C22C24C23C21
8433,S1S2S7
8435,S23S53G18G11G12L71L8
8436,C22C24C23C21
8437,C22C24C23C21
8438,S1S2S7
8441,C22C24C23C21
8443,G2
8444,S3S5L8
8445,S1S2S7
8446,C22C24C23C21
8447,S1S2S7
8448,S1S2S7
8449,S1S2S7
8451,L7
8452,C22C24C23C21
8453,C22C24C23C21
8454,C22C24C23C21
8455,C221C24
8456,C22C24C23C21
8457,C22C24C23C21
8458,C22C24C23C21
8459,S1S2S7
8460,C22C24C23C21
8461,D3
8462,S1S2S7
8463,S1S2S7
8464,S1S2S7
8466,S1S2S7
8467,S1S2S7
8468,S1S2S7
8469,S1S2S7
8470,S1S2S7
8471,S1S2S7
8472,S21S71
8473,S21S71
8474,S21S71
8475,S21S71
8477,S3S5L8
8478,C22C24C23C21
8479,S1S2S7
8480,S1S2S7
8481,S1S2S7
8482,S1S2S7
8483,S1S2S7
8484,S1S2S7
8485,S1S2S7
8486,S1S2S7
8487,C22C24C23C21
8488,C22C24C23C21
8489,S1S2S7
8491,O4
8492,C22C24C23C21
8493,C22C24C23C21
8496,C22C24C23C21
8497,C22C24C23C21
8498,C221C24
8499,C22C24C23C21
8502,L1
8503,C22C24C23C21
8504,C22C24C23C21
8506,S21S71
8507,S21S71
8508,S1S2S7
8509,S1S2S7
8510,S1S2S7
8512,S1S2S7
8513,S1S2S7
8514,S1S2S7
8515,S1S2S7
8516,S1S2S7
8517,S1S2S7
8518,C22C24C23C21
8519,C22C24C23C21
8520,S1S2S7
8521,S1S2S7
8522,S1S2S7
8524,S1S2S7
8525,S1S2S7
8526,S1S2S7
8527,C22C24C23C21
8528,S3S5L8
8529,C22C24C23C21
8530,S1S2S7
8531,S1S2S7
8532,S1S2S7
8534,S22S72
8535,S22S72
8541,C22C24C23C21
8542,C22C24C23C21
8543,S23S53G18G11G12L71L8
8544,S22S72
8546,L9
8547,S1S2S7
8548,S1S2S7
8551,S1S2S7
8553,S21S71
8556,S1S2S7
8558,C22C24C23C21
8559,C22C24C23C21
8560,D1
8561,S1S2S7
8562,S1S2S7
8563,D5
8565,C22C24C23C21
8566,C22C24C23C21
8569,S1S2S7
8570,S1S2S7
8571,S1S2S7
8572,S1S2S7
8573,S1S2S7
8575,S1S2S7
8577,C22C24C23C21
8578,C22C24C23C21
8579,S1S2S7
8580,S22S72
8581,S22S72
8582,S22S72
8584,S1S2S7
8585,S1S2S7
8586,L1
8587,C22C24C23C21
8588,S1S2S7
8589,S22S72
8590,C22C24C23C21
8593,S1S2S7
8594,L72
8596,D5
8597,S6
8603,S1S2S7
8605,C22C24C23C21
8606,C22C24C23C21
8607,C22C24C23C21
8608,C22C24C23C21
8609,
8610,C22C24C23C21
8613,S1S2S7
8616,S1S2S7
8617,S1S2S7
8620,S1S2S7
8621,S1S2S7
8622,S1S2S7
8628,S1S2S7
8633,L1
8634,S1S2S7
8635,L9
8637,S1S2S7
8638,S1S2S7
8639,C22C24C23C21
8640,C22C24C23C21
8641,C22C24C23C21
8643,S1S2S7
8644,S21S71
8649,S1S2S7
8650,S1S2S7
8651,L2
8652,D1
8653,S1S2S7
8654,S1S2S7
8655,S22S72
8656,S1S2S7
8657,S1S2S7
8658,S6
8659,S6
8660,S1S2S7
8661,C22C24C23C21
8662,C22C24C23C21
8663,C22C24C23C21
8664,S1S2S7
8669,S1S2S7
8670,S1S2S7
8671,S21S71
8672,L1
8673,C22C24C23C21
8674,C22C24C23C21
8675,C22C24C23C21
8680,S1S2S7
8681,S1S2S7
8682,S1S2S7
8683,S1S2S7
8684,S1S2S7
8685,S1S2S7
8686,S1S2S7
8687,S1S2S7
8688,S1S2S7
8689,C22C24C23C21
8690,C22C24C23C21
8692,S1S2S7
8695,S1S2S7
8701,C222C24
8704,S1S2S7
8705,S1S2S7
8706,C22C24C23C21
8707,C22C24C23C21
8708,L9
8709,S1S2S7
8710,S1S2S7
8711,S1S2S7
8712,S1S2S7
8713,S1S2S7
8714,S1S2S7
8715,S1S2S7
8719,S1S2S7
8720,S1S2S7
8721,S1S2S7
8722,S1S2S7
8723,S1S2S7
8724,S1S2S7
8725,S1S2S7
8726,L1
8728,C22C24C23C21
8729,C22C24C23C21
8731,O3
8732,O3
8733,C22C24C23C21
8734,C22C24C23C21
8735,C22C24C23C21
8736,C22C24C23C21
8737,C22C24C23C21
8738,S1S2S7
8739,S1S2S7
8740,S1S2S7
8741,S1S2S7
8742,D3
8743,C22C24C23C21
8744,C22C24C23C21
8745,C22C24C23C21
8746,C221C24
8747,C221C24
8748,D3
8751,C22C24C23C21
8753,S1S2S7
8754,S1S2S7
8756,G2
8757,G2
8758,C22C24C23C21
8759,S1S2S7
8760,S1S2S7
8761,D1
8763,S1S2S7
8764,S1S2S7
8765,S1S2S7
8766,S1S2S7
8767,S1S2S7
8768,S1S2S7
8769,S1S2S7
8773,C221C24
8774,C221C24
8775,S21S71
8777,S1S2S7
8778,S1S2S7
8779,D3
8782,S23S53G18G11G12L71L8
8783,S1S2S7
8785,S1S2S7
8786,C22C24C23C21
8787,C22C24C23C21
8788,C22C24C23C21
8789,S1S2S7
8790,S1S2S7
8791,S1S2S7
8792,S1S2S7
8793,S1S2S7
8794,S1S2S7
8796,S1S2S7
8797,S1S2S7
8800,S23S53G18G11G12L71L8
8804,C22C24C23C21
8805,C22C24C23C21
8806,C22C24C23C21
8807,D5
8809,S1S2S7
8810,S1S2S7
8811,S1S2S7
8812,S1S2S7
8814,D1
8815,S1S2S7
8816,S1S2S7
8817,S1S2S7
8818,S1S2S7
8819,S1S2S7
8820,S1S2S7
8822,S1S2S7
8823,S22S72
8824,S22S72
8825,S1S2S7
8826,C22C24C23C21
8827,S22S72
8828,S22S72
8829,S22S72
8830,S1S2S7
8831,S1S2S7
8832,C22C24C23C21
8833,S1S2S7
8834,C22C24C23C21
8835,C22C24C23C21
8836,S1S2S7
8838,S1S2S7
8839,S1S2S7
8840,S3S5L8
8841,S3S5L8
8842,S1S2S7
8843,S1S2S7
8844,S1S2S7
8847,L9
8848,C22C24C23C21
8849,C221C24
8850,C221C24
8851,C221C24
8852,C221C24
8853,C22C24C23C21
8854,C22C24C23C21
8856,C22C24C23C21
8857,C22C24C23C21
8858,C22C24C23C21
8859,S1S2S7
8862,C221C24
8863,C22C24C23C21
8864,C22C24C23C21
8865,C22C24C23C21
8868,C22C24C23C21
8869,S1S2S7
8870,D1
8871,C22C24C23C21
8876,C22C24C23C21
8877,S1S2S7
8879,S3S5L8
8880,S3S5L8
8881,S1S2S7
8882,S1S2S7
8883,S1S2S7
8886,S1S2S7
8887,D3
8888,S21S71
8889,S21S71
8892,S22S72
8893,S3S5L8
8894,C222C242
8895,C222C242
8896,C222C242
8897,C222C242
8898,S1S2S7
8899,C22C24C23C21
8900,C22C24C23C21
8901,C22C24C23C21
8903,S1S2S7
8904,S1S2S7
8905,S1S2S7
8906,C22C24C23C21
8907,C22C24C23C21
8908,C22C24C23C21
8909,C22C24C23C21
8910,C22C24C23C21
8911,C22C24C23C21
8912,C22C24C23C21
8913,L1
8914,L1
8915,L1
8918,S1S2S7
8919,S1S2S7
8920,S4
8921,C22C24C23C21
8922,C22C24C23C21
8923,S21S71
8924,S1S2S7
8925,C22C24C23C21
8926,C22C24C23C21
8927,S3S5L8
8928,D3
8929,S1S2S7
8931,D12
8932,D1
8933,L3
8938,S1S2S7
8939,S1S2S7
8942,C22C24C23C21
8943,C22C24C23C21
8944,C22C24C23C21
8947,C222C24
8948,C22C24C23C21
8949,S1S2S7
8950,S1S2S7
8951,S1S2S7
8952,S1S2S7
8953,L7
8957,D5
8958,C22C24C23C21
8959,C22C24C23C21
8960,S1S2S7
8961,S1S2S7
8962,C22C24C23C21
8963,C22C24C23C21
8964,C22C24C23C21
8965,S22S72
8971,S1S2S7
8972,S1S2S7
8973,D1
8975,G2
8976,G2
8978,L1
8979,S1S2S7
8980,C22C24C23C21
8981,C22C24C23C21
8982,C22C24C23C21
8983,C221C24
8984,C221C24
8985,C221C24
8986,C221C24
8987,C221C24
8988,C221C24
8989,C22C24C23C21
8990,S1S2S7
8991,S1S2S7
8992,S1S2S7
8993,S22S72
8994,S22S72
8996,D4
8998,S1S2S7
8999,S1S2S7
9000,S1S2S7
9001,S1S2S7
9002,C22C24C23C21
9003,C22C24C23C21
9004,C22C24C23C21
9005,S1S2S7
9006,S1S2S7
9007,S1S2S7
9008,S1S2S7
9009,S3S5L8
9010,S1S2S7
9011,S1S2S7
9012,S1S2S7
9013,S1S2S7
9014,C22C24C23C21
9015,C22C24C23C21
9016,C22C24C23C21
9017,D5
9019,G14G24
9020,C22C24C23C21
9021,C22C24C23C21
9022,D5
9023,S1S2S7
9024,S1S2S7
9025,S1S2S7
9026,S1S2S7
9029,L7
9031,C22C24C23C21
9032,C22C24C23C21
9033,C22C24C23C21
9034,S1S2S7
9035,C22C24C23C21
9036,S1S2S7
9037,S1S2S7
9038,LW
9039,S1S2S7
9040,S1S2S7
9041,S1S2S7
9042,S1S2S7
9043,S1S2S7
9045,D1
9046,C221C24
9048,S1S2S7
9050,L1
9051,S1S2S7
9052,S1S2S7
9053,S1S2S7
9054,S1S2S7
9055,S1S2S7
9056,S1S2S7
9058,S1S2S7
9059,S1S2S7
9061,D3
9063,S1S2S7
9064,S1S2S7
9065,S1S2S7
9066,S21S71
9067,S1S2S7
9068,S1S2S7
9069,S1S2S7
9070,S1S2S7
9071,S1S2S7
9072,S22S72
9073,C22C24C23C21
9081,S1S2S7
9083,S3S5L8
9086,C22C24C23C21
9087,C22C24C23C21
9090,S1S2S7
9092,S1S2S7
9093,S21S71
9094,S21S71
9095,S1S2S7
9096,S1S2S7
9097,S1S2S7
9098,S1S2S7
9099,S1S2S7
9100,S1S2S7
9101,S1S2S7
9102,C22C24C23C21
9103,C22C24C23C21
9104,C22C24C23C21
9105,C22C24C23C21
9106,S1S2S7
9108,S1S2S7
9109,C221C24
9110,C22C24C23C21
9111,C22C24C23C21
9112,S1S2S7
9114,S1S2S7
9115,S1S2S7
9116,C22C24C23C21
9117,C22C24C23C21
9118,D3
9120,D5
9122,S1S2S7
9123,S1S2S7
9124,S1S2S7
9125,S1S2S7
9126,S22S72
9127,C22C24C23C21
9128,C22C24C23C21
9129,C22C24C23C21
9130,C22C24C23C21
9132,C22C24C23C21
9133,C22C24C23C21
9134,C22C24C23C21
9139,S1S2S7
9140,S1S2S7
9141,L9
9144,C22C24C23C21
9146,S1S2S7
9147,S1S2S7
9148,S1S2S7
9149,S1S2S7
9150,C22C24C23C21
9151,S1S2S7
9152,S1S2S7
9153,S1S2S7
9154,S1S2S7
9155,L9
9156,L1
9157,L72
9160,S1S2S7
9161,S1S2S7
9162,S22S72
9163,S22S72
9164,S22S72
9165,C22C24C23C21
9166,L7
9167,S1S2S7
9169,S1S2S7
9170,S1S2S7
9172,S1S2S7
9173,S1S2S7
9174,S1S2S7
9175,S1S2S7
9176,S1S2S7
9179,D1
9180,D1
9181,S21S71
9182,L1
9183,L9
9184,C22C24C23C21
9185,C22C24C23C21
9186,C22C24C23C21
9189,C22C24C23C21
9190,C22C24C23C21
9191,S31S5L81
9196,L9
9198,C22C24C23C21
9199,S1S2S7
9200,S1S2S7
9201,S1S2S7
9202,C22C24C23C21
9203,C22C24C23C21
9204,S3S5L8
9205,C22C24C23C21
9206,C22C24C23C21
9207,C22C24C23C21
9209,C22C24C23C21
9210,C22C24C23C21
9211,C221C24
9212,C22C24C23C21
9214,C22C24C23C21
9215,D1
9216,C22C24C23C21
9217,S1S2S7
9218,S1S2S7
9220,S1S2S7
9221,S1S2S7
9222,S1S2S7
9223,S1S2S7
9224,S22S72
9227,C22C24C23C21
9228,C22C24C23C21
9230,S21S71
9234,S1S2S7
9235,S1S2S7
9236,S1S2S7
9237,S1S2S7
9238,S23S53G18G11G12L71L8
9239,S23S53G18G11G12L71L8
9240,C221C24
9241,S1S2S7
9242,C22C24C23C21
9243,S1S2S7
9244,S1S2S7
9245,S23S53G18G11G12L71L8
9246,S23S53G18G11G12L71L8
9247,S23S53G18G11G12L71L8
9248,S23S53G18G11G12L71L8
9249,S1S2S7
9250,S1S2S7
9251,S1S2S7
9252,S1S2S7
9253,S1S2S7
9254,S1S2S7
9255,S1S2S7
9256,S1S2S7
9257,S1S2S7
9259,S1S2S7
9260,S1S2S7
9261,D4
9262,S1S2S7
9263,S1S2S7
9264,S21S71
9265,S1S2S7
9266,S1S2S7
9267,S1S2S7
9268,S1S2S7
9269,C22C24C23C21
9270,C22C24C23C21
9271,S1S2S7
9272,C22C24C23C21
9275,C22C24C23C21
9276,L1
9277,L9
9278,L9
9279,S1S2S7
9280,S1S2S7
9281,S1S2S7
9282,S1S2S7
9283,S1S2S7
9284,S1S2S7
9285,S1S2S7
9286,S1S2S7
9287,S1S2S7
9288,C22C24C23C21
9289,C22C24C23C21
9290,S1S2S7
9294,S1S2S7
9295,S1S2S7
9296,S1S2S7
9297,S1S2S7
9298,S1S2S7
9299,C22C24C23C21
9300,C22C24C23C21
9302,C22C24C23C21
9303,C22C24C23C21
9313,S1S2S7
9314,S1S2S7
9315,C22C24C23C21
9317,S1S2S7
9318,S22S72
9320,D1
9321,S1S2S7
9322,S1S2S7
9323,S1S2S7
9324,S1S2S7
9325,C222C242
9326,S1S2S7
9327,S1S2S7
9328,S1S2S7
9329,D5
9330,D3
9331,C22C24C23C21
9332,C22C24C23C21
9333,C22C24C23C21
9337,S1S2S7
9339,S1S2S7
9340,S1S2S7
9341,S1S2S7
9342,S21S71
9343,D3
9344,D5
9345,D5
9346,C22C24C23C21
9347,C22C24C23C21
9348,C22C24C23C21
9349,S1S2S7
9350,S3S5L8
9351,D1
9352,D5
9353,S1S2S7
9354,S1S2S7
9355,S1S2S7
9356,C22C24C23C21
9357,C22C24C23C21
9358,
9359,C22C24C23C21
9360,L9
9361,S1S2S7
9362,S21S71
9363,S1S2S7
9364,S1S2S7
9365,S1S2S7
9366,C22C24C23C21
9367,S3S5L8
9368,S3S5L8
9369,C22C24C23C21
9370,C22C24C23C21
9371,C22C24C23C21
9372,C22C24C23C21
9373,C22C24C23C21
9374,C22C24C23C21
9375,C22C24C23C21
9376,C22C24C23C21
9377,C22C24C23C21
9378,C22C24C23C21
9379,C22C24C23C21
9380,C22C24C23C21
9382,S1S2S7
9383,C22C24C23C21
9384,C22C24C23C21
9385,C22C24C23C21
9386,C221C24
9387,S1S2S7
9389,C22C24C23C21
9390,S1S2S7
9391,S1S2S7
9394,C22C24C23C21
9395,C22C24C23C21
9396,C22C24C23C21
9397,C22C24C23C21
9399,C22C24C23C21
9400,L72
9406,S1S2S7
9407,S1S2S7
9408,S1S2S7
9409,D1
9410,D1
9411,C22C24C23C21
9412,S1S2S7
9413,S1S2S7
9414,S1S2S7
9416,C22C24C23C21
9419,S22S72
9420,S1S2S7
9422,C22C24C23C21
9423,C22C24C23C21
9426,C22C24C23C21
9427,C22C24C23C21
9432,C22C24C23C21
9433,S1S2S7
9436,S1S2S7
9437,S22S72
9438,S1S2S7
9439,C22C24C23C21
9440,C22C24C23C21
9441,D1
9442,S1S2S7
9443,C22C24C23C21
9444,C22C24C23C21
9445,D3
9446,S1S2S7
9448,C22C24C23C21
9449,S1S2S7
9450,O4
9451,O4
9452,O4
9453,O4
9454,L9
9455,D3
9456,C22C24C23C21
9457,C22C24C23C21
9458,C22C24C23C21
9459,S1S2S7
9460,S1S2S7
9461,S1S2S7
9462,S1S2S7
9463,S1S2S7
9464,S1S2S7
9465,S1S2S7
9466,S1S2S7
9467,S1S2S7
9468,S1S2S7
9469,S1S2S7
9470,C22C24C23C21
9471,C22C24C23C21
9472,S22S72
9473,S1S2S7
9474,S1S2S7
9475,S1S2S7
9477,C22C24C23C21
9478,S1S2S7
9479,S21S71
9480,S21S71
9481,S1S2S7
9482,C22C24C23C21
9483,C22C24C23C21
9484,C22C24C23C21
9485,S1S2S7
9486,S1S2S7
9487,S1S2S7
9488,D1
9489,C22C24C23C21
9491,L9
9492,L9
9493,C22C24C23C21
9494,C22C24C23C21
9495,S4
9496,D3
9497,C221C24
9498,C221C24
9499,S21S71
9500,S21S71
9501,S1S2S7
9502,S1S2S7
9504,D1
9505,L9
9506,C22C24C23C21
9507,C22C24C23C21
9508,C22C24C23C21
9509,C22C24C23C21
9510,C22C24C23C21
9511,S1S2S7
9513,S1S2S7
9514,S1S2S7
9515,S1S2S7
9516,S1S2S7
9519,C22C24C23C21
9520,C22C24C23C21
9522,S1S2S7
9523,S1S2S7
9526,C22C24C23C21
9527,C22C24C23C21
9528,C22C24C23C21
9529,C22C24C23C21
9530,D4
9531,G2
9532,S1S2S7
9534,G2
9535,L9
9536,C22C24C23C21
9537,L9
9538,S1S2S7
9539,S1S2S7
9540,S1S2S7
9541,S1S2S7
9542,S1S2S7
9543,C22C24C23C21
9544,C221C24
9545,S1S2S7
9546,S1S2S7
9547,S1S2S7
9548,C22C24C23C21
9549,C22C24C23C21
9550,C22C24C23C21
9552,C22C24C23C21
9553,S1S2S7
9554,S1S2S7
9555,C22C24C23C21
9556,C22C24C23C21
9557,C22C24C23C21
9558,C22C24C23C21
9559,C22C24C23C21
9560,C22C24C23C21
9561,C22C24C23C21
9562,C22C24C23C21
9563,C22C24C23C21
9564,C22C24C23C21
9565,C22C24C23C21
9567,S1S2S7
9568,S1S2S7
9570,C22C24C23C21
9571,C22C24C23C21
9572,S1S2S7
9573,S1S2S7
9574,S21S71
9575,S3S5L8
9577,S23S53G18G11G12L71L8
9578,C22C24C23C21
9579,S1S2S7
9580,S22S72
9581,S3S5L8
9582,S3S5L8
9583,S1S2S7
9584,C22C24C23C21
9585,C22C24C23C21
9586,C22C24C23C21
9587,C22C24C23C21
9588,C22C24C23C21
9589,S1S2S7
9590,S1S2S7
9591,S1S2S7
9592,C22C24C23C21
9593,S1S2S7
9595,S3S5L8
9597,C22C24C23C21
9598,C22C24C23C21
9599,C22C24C23C21
9600,G2
9601,S1S2S7
9602,S1S2S7
9603,C22C24C23C21
9604,C22C24C23C21
9605,C22C24C23C21
9606,C22C24C23C21
9607,L1
9608,D3
9609,S1S2S7
9610,S1S2S7
9611,S1S2S7
9612,S1S2S7
9613,S1S2S7
9614,S1S2S7
9615,S1S2S7
9616,C22C24C23C21
9617,C22C24C23C21
9618,C22C24C23C21
9619,L1
9621,L1
9622,C22C24C23C21
9623,C22C24C23C21
9624,S3S5L8
9625,C22C24C23C21
9626,S1S2S7
9627,S1S2S7
9628,S1S2S7
9629,S1S2S7
9630,S1S2S7
9631,S1S2S7
9632,C22C24C23C21
9633,C22C24C23C21
9634,C22C24C23C21
9635,C22C24C23C21
9638,D3
9639,S1S2S7
9640,S1S2S7
9641,S1S2S7
9644,C22C24C23C21
9645,S3S5L8
9646,S3S5L8
9648,S1S2S7
9649,S1S2S7
9650,S1S2S7
9651,S1S2S7
9652,S21S71
9653,S21S71
9654,S21S71
9655,S21S71
9656,C22C24C23C21
9657,S1S2S7
9658,L1
9659,S1S2S7
9660,L1
9661,L1
9662,L1
9663,S1S2S7
9664,S1S2S7
9666,S1S2S7
9667,S23S53G18G11G12L71L8
9668,S23S53G18G11G12L71L8
9669,C221C24
9671,C22C24C23C21
9672,C22C24C23C21
9673,S1S2S7
9674,S1S2S7
9675,S1S2S7
9676,S1S2S7
9677,L1
9678,S1S2S7
9679,S1S2S7
9682,S1S2S7
9683,S1S2S7
9684,S1S2S7
9685,C22C24C23C21
9686,D1
9687,G2
9688,C22C24C23C21
9689,C22C24C23C21
9690,S3S5L8
9691,C22C24C23C21
9692,S21S71
9693,C22C24C23C21
9694,C22C24C23C21
9695,C22C24C23C21
9696,C22C24C23C21
9697,C22C24C23C21
9698,S1S2S7
9699,S1S2S7
9700,S1S2S7
9701,G2
9702,G14G24
9703,S1S2S7
9704,S1S2S7
9705,S1S2S7
9706,S1S2S7
9707,S1S2S7
9708,C22C24C23C21
9709,C22C24C23C21
9710,C22C24C23C21
9711,C22C24C23C21
9712,C22C24C23C21
9713,C22C24C23C21
9714,C22C24C23C21
9715,C22C24C23C21
9716,C22C24C23C21
9717,C22C24C23C21
9718,C22C24C23C21
9723,L1
9724,L1
9725,L1
9726,L1
9727,S1S2S7
9728,S1S2S7
9729,C22C24C23C21
9730,C221C24
9731,C22C24C23C21
9732,L9
9733,C22C24C23C21
9734,S1S2S7
9735,S1S2S7
9738,S1S2S7
9739,L9
9740,L9
9741,S1S2S7
9742,S1S2S7
9743,S1S2S7
9744,S1S2S7
9745,S1S2S7
9746,L9
9747,S1S2S7
9748,C22C24C23C21
9749,C22C24C23C21
9751,S1S2S7
9752,S1S2S7
9753,S1S2S7
9754,S1S2S7
9755,C22C24C23C21
9756,C22C24C23C21
9757,C22C24C23C21
9758,S1S2S7
9759,S1S2S7
9760,S1S2S7
9761,S1S2S7
9762,C22C24C23C21
9763,C22C24C23C21
9764,O3
9765,C22C24C23C21
9766,C22C24C23C21
9767,S1S2S7
9768,S1S2S7
9769,S1S2S7
9770,L1
9771,S1S2S7
9772,C22C24C23C21
9773,C22C24C23C21
9774,C22C24C23C21
9775,C22C24C23C21
9776,D1
9777,C22C24C23C21
9778,C22C24C23C21
9779,C22C24C23C21
9780,C22C24C23C21
9781,S6
9782,S1S2S7
9783,S1S2S7
9784,C22C24C23C21
9785,C22C24C23C21
9786,C22C24C23C21
9787,C22C24C23C21
9788,C22C24C23C21
9789,C22C24C23C21
9790,C22C24C23C21
9791,C22C24C23C21
9792,C22C24C23C21
9793,C22C24C23C21
9794,S1S2S7
9795,S1S2S7
9796,S1S2S7
9797,L1
9798,S1S2S7
9799,S1S2S7
9800,S1S2S7
9801,S1S2S7
9802,S1S2S7
9803,S1S2S7
9804,S1S2S7
9805,S1S2S7
9806,S1S2S7
9807,S1S2S7
9808,S1S2S7
9809,C22C24C23C21
9810,S1S2S7
9811,S1S2S7
9812,S1S2S7
9813,S1S2S7
9814,S1S2S7
9815,S1S2S7
9816,S1S2S7
9817,S21S71
9818,C22C24C23C21
9819,S1S2S7
9820,L1
9821,S1S2S7
9822,L9
9823,S1S2S7
9825,C22C24C23C21
9826,S1S2S7
9827,S1S2S7
9828,C22C24C23C21
9829,L1
9830,C22C24C23C21
9831,S1S2S7
9832,S1S2S7
9833,C22C24C23C21
9834,C22C24C23C21
9835,C22C24C23C21
9836,C22C24C23C21
9837,C22C24C23C21
9839,O4
9841,O4
9842,G14G24
9843,G2
9845,S1S2S7
9846,S1S2S7
9847,S1S2S7
9848,L9
9849,S1S2S7
9850,S1S2S7
9851,C22C24C23C21
9852,C22C24C23C21
9853,S1S2S7
9854,S1S2S7
9855,S1S2S7
9856,D1
9857,S1S2S7
9858,S1S2S7
9859,C22C24C23C21
9860,L9
9861,C22C24C23C21
9862,C22C24C23C21
9863,C22C24C23C21
9864,C22C24C23C21
9865,C22C24C23C21
9866,C22C24C23C21
9867,C22C24C23C21
9868,C22C24C23C21
9869,C22C24C23C21
9870,D1
9871,S1S2S7
9872,C22C24C23C21
9873,S1S2S7
9874,S3S5L8
9875,S3S5L8
9876,D3
9877,D1
9878,D1
9879,L9
9880,C22C24C23C21
9881,C22C24C23C21
9882,C22C24C23C21
9883,C22C24C23C21
9884,C22C24C23C21
9885,C22C24C23C21
9886,C22C24C23C21
9887,S6
9888,S6
9889,C22C24C23C21
9890,S1S2S7
9891,S1S2S7
9892,C22C24C23C21
9893,C22C24C23C21
9894,C22C24C23C21
9895,C22C24C23C21
9896,C22C24C23C21
9897,C22C24C23C21
9898,S1S2S7
9899,S1S2S7
9900,S1S2S7
9901,C22C24C23C21
9902,C22C24C23C21
9903,C22C24C23C21
9904,C22C24C23C21
9905,C22C24C23C21
9906,L9
9907,D1
9908,S1S2S7
9909,S1S2S7
9910,S1S2S7
9911,S1S2S7
9912,S1S2S7
9913,C22C24C23C21
9914,S3S5L8
9915,S3S5L8
9916,C22C24C23C21
9917,C22C24C23C21
9918,L1
9919,S3S5L8
9920,C22C24C23C21
9921,C22C24C23C21
9922,C22C24C23C21
9923,S1S2S7
9924,C221C24
9925,S1S2S7
9926,S1S2S7
9927,S1S2S7
9928,L9
9929,C22C24C23C21
9930,S1S2S7
9931,S1S2S7
9932,S1S2S7
9933,S1S2S7
9934,S1S2S7
9935,S1S2S7
9936,S1S2S7
9938,S1S2S7
9939,S1S2S7
9940,L9
9941,S1S2S7
9942,S1S2S7
9943,S1S2S7
9945,S1S2S7
9946,S3S5L8
9947,S1S2S7
9948,S1S2S7
9949,C22C24C23C21
9950,C22C24C23C21
9951,C22C24C23C21
9952,C22C24C23C21
9953,D3
9954,C22C24C23C21
9955,C22C24C23C21
9956,C22C24C23C21
9957,C22C24C23C21
9958,C22C24C23C21
9959,C22C24C23C21
9960,S1S2S7
9961,S1S2S7
9962,S1S2S7
9963,S1S2S7
9964,S1S2S7
9965,S1S2S7
9966,S1S2S7
9967,S1S2S7
9968,S1S2S7
9970,S1S2S7
9971,C22C24C23C21
9972,C22C24C23C21
9973,G2
9974,S3S5L8
9975,S1S2S7
9976,S3S5L8
9977,S3S5L8
9978,S3S5L8
9979,S6
9980,S6
9981,S6
9982,C221C24
9983,S1S2S7
9984,C22C24C23C21
9985,C223C24
9987,C22C24C23C21
9988,C22C24C23C21
9989,S3S5L8
9990,S3S5L8
9991,S3S5L8
9992,S3S5L8
9993,S1S2S7
9994,S1S2S7
9996,S23S53G18G11G12L71L8
9997,C22C24C23C21
9998,C22C24C23C21
9999,C22C24C23C21
10001,G2
10002,G2
10004,D3
10005,D3
10006,S3S5L8
10007,S1S2S7
10008,C22C24C23C21
10009,S1S2S7
10010,S1S2S7
10011,S1S2S7
10012,S1S2S7
10013,L9
10014,L1
10015,S1S2S7
10016,C22C24C23C21
10018,S1S2S7
10019,C22C24C23C21
10020,S1S2S7
10021,C22C24C23C21
10022,C22C24C23C21
10023,C22C24C23C21
10024,S1S2S7
10025,S1S2S7
10026,S1S2S7
10027,C22C24C23C21
10029,C22C24C23C21
10030,C22C24C23C21
10031,S1S2S7
10032,S1S2S7
10033,C22C24C23C21
10034,C22C24C23C21
10035,S1S2S7
10036,S1S2S7
10037,C22C24C23C21
10038,S1S2S7
10039,S1S2S7
10040,S6
10041,C22C24C23C21
10042,C22C24C23C21
10043,C22C24C23C21
10044,C22C24C23C21
10045,C22C24C23C21
10046,S1S2S7
10047,S1S2S7
10048,C22C24C23C21
10055,L9
10056,D6
10057,S1S2S7
10058,L9
10059,L1
10060,S3S5L8
10061,L1
10062,C22C24C23C21
10063,C22C24C23C21
10064,C22C24C23C21
10065,C22C24C23C21
10067,L1
10068,G14G24
10069,G14G24
10070,S1S2S7
10071,C22C24C23C21
10073,S3S5L8
10074,S1S2S7
10075,C22C24C23C21
10076,C22C24C23C21
10077,C22C24C23C21
10078,C22C24C23C21
10079,S1S2S7
10080,S1S2S7
10081,S1S2S7
10082,S21S71
10083,C22C24C23C21
10084,C22C24C23C21
10085,C22C24C23C21
10086,C22C24C23C21
10087,C22C24C23C21
10088,C22C24C23C21
10089,L1
10090,L7
10091,S1S2S7
10092,S3S5L8
10093,D1
10094,S1S2S7
10095,S22S72
10096,C22C24C23C21
10097,C22C24C23C21
10098,S1S2S7
10099,S1S2S7
10100,S1S2S7
10105,S1S2S7
10106,S22S72
10107,S23S53G18G11G12L71L8
10108,C22C24C23C21
10109,S1S2S7
10110,S1S2S7
10111,S1S2S7
10112,S1S2S7
10113,S1S2S7
10114,C22C24C23C21
10115,S23S53G18G11G12L71L8
10116,C221C24
10117,S1S2S7
10118,S1S2S7
10119,S1S2S7
10120,D3
10122,D1
10123,G14G24
10124,L1
10125,L9
10126,S1S2S7
10127,S1S2S7
10128,C221C24
10129,C22C24C23C21
10130,C22C24C23C21
10131,C22C24C23C21
10132,S1S2S7
10133,S1S2S7
10134,S1S2S7
10135,S1S2S7
10136,D1
10137,C22C24C23C21
10138,L2
10139,S1S2S7
10140,S1S2S7
10141,S1S2S7
10142,S1S2S7
10143,S3S5L8
10144,C22C24C23C21
10145,S23S53G18G11G12L71L8
10146,S1S2S7
10147,S3S5L8
10148,L9
10152,C22C24C23C21
10153,G2
10154,C221C24
10155,C22C24C23C21
10156,S1S2S7
10157,S1S2S7
10158,S1S2S7
10159,C22C24C23C21
10160,S1S2S7
10161,S1S2S7
10162,S23S53G18G11G12L71L8
10163,S1S2S7
10164,C22C24C23C21
10165,S1S2S7
10166,C22C24C23C21
10167,C221C24
10168,D3
10169,S1S2S7
10170,S1S2S7
10171,S1S2S7
10172,S3S5L8
10173,S3S5L8
10174,S1S2S7
10175,S1S2S7
10176,S1S2S7
10177,S1S2S7
10178,C22C24C23C21
10179,S23S53G18G11G12L71L8
10180,S23S53G18G11G12L71L8
10181,S1S2S7
10182,S1S2S7
10183,S1S2S7
10184,S1S2S7
10185,S1S2S7
10186,S1S2S7
10187,C22C24C23C21
10188,S1S2S7
10189,C22C24C23C21
10190,S1S2S7
10191,S1S2S7
10192,S1S2S7
10193,S6
10194,S1S2S7
10195,C22C24C23C21
10196,S1S2S7
10197,S1S2S7
10198,S1S2S7
10200,D3
10201,D3
10202,G2
10203,G2
10204,S1S2S7
10205,L9
10206,C22C24C23C21
10207,S3S5L8
10208,S1S2S7
10209,S1S2S7
10210,S1S2S7
10211,C22C24C23C21
10212,C22C24C23C21
10213,S1S2S7
10214,S1S2S7
10215,S1S2S7
10216,C22C24C23C21
10217,C22C24C23C21
10218,S1S2S7
10219,S1S2S7
10220,L1
10221,S1S2S7
10222,C22C24C23C21
10223,S1S2S7
10224,C22C24C23C21
10225,C22C24C23C21
10226,C22C24C23C21
10227,S1S2S7
10236,D3
10238,S1S2S7
10239,C22C24C23C21
10240,C22C24C23C21
10241,C22C24C23C21
10242,C22C24C23C21
10243,S1S2S7
10244,S1S2S7
10245,S1S2S7
10246,S1S2S7
10247,S1S2S7
10248,S6
10249,C22C24C23C21
10251,S1S2S7
10252,S22S72
10253,C22C24C23C21
10255,C22C24C23C21
10256,S1S2S7
10259,S1S2S7
10260,C22C24C23C21
10261,L3
10262,S1S2S7
10263,S1S2S7
10264,S1S2S7
10265,S1S2S7
10266,C22C24C23C21
10268,S1S2S7
10269,S1S2S7
10270,S1S2S7
10271,S3S5L8
10272,S3S5L8
10273,S1S2S7
10274,S1S2S7
10275,C22C24C23C21
10276,C22C24C23C21
10277,C22C24C23C21
10278,S22S72
10279,S22S72
10280,S3S5L8
10281,C22C24C23C21
10282,C22C24C23C21
10283,C221C24
10284,C22C24C23C21
10285,C22C24C23C21
10286,C22C24C23C21
10287,C22C24C23C21
10288,C22C24C23C21
10289,S6
10290,S6
10291,G14G24
10292,C22C24C23C21
10293,S1S2S7
10294,S1S2S7
10295,S3S5L8
10296,S1S2S7
10297,S6
10298,D5
10299,S1S2S7
10300,S1S2S7
10301,S1S2S7
10302,S1S2S7
10303,S1S2S7
10304,S1S2S7
10305,S1S2S7
10306,C22C24C23C21
10307,C22C24C23C21
10308,C22C24C23C21
10309,C22C24C23C21
10310,C22C24C23C21
10311,C22C24C23C21
10312,C22C24C23C21
10313,S6
10314,S1S2S7
10315,S1S2S7
10316,S1S2S7
10317,S1S2S7
10318,S1S2S7
10319,S1S2S7
10320,S3S5L8
10321,S1S2S7
10323,C22C24C23C21
10324,C22C24C23C21
10325,C22C24C23C21
10326,C22C24C23C21
10327,C22C24C23C21
10328,C22C24C23C21
10329,D5
10330,S1S2S7
10331,S1S2S7
10332,L1
10333,S1S2S7
10334,S1S2S7
10335,D2
10336,D2
10337,D2
10338,S1S2S7
10339,S21S71
10340,S1S2S7
10341,S1S2S7
10342,S1S2S7
10343,S1S2S7
10344,C22C24C23C21
10348,S1S2S7
10349,S1S2S7
10350,S1S2S7
10351,S1S2S7
10352,S1S2S7
10353,S1S2S7
10354,S1S2S7
10355,C22C24C23C21
10356,C22C24C23C21
10357,S1S2S7
10358,C22C24C23C21
10359,S1S2S7
10360,S1S2S7
10361,S1S2S7
10362,S21S71
10363,D1
10364,D5
10365,D1
10366,D1
10367,C22C24C23C21
10368,C22C24C23C21
10369,D5
10370,D5
10371,S1S2S7
10372,S1S2S7
10373,S1S2S7
10374,S22S72
10375,S1S2S7
10376,S6
10377,C22C24C23C21
10380,S1S2S7
10381,C22C24C23C21
10382,C22C24C23C21
10383,C22C24C23C21
10384,C22C24C23C21
10385,C22C24C23C21
10386,C22C24C23C21
10387,C22C24C23C21
10388,C22C24C23C21
10389,C22C24C23C21
10390,C22C24C23C21
10391,C22C24C23C21
10392,C22C24C23C21
10393,C22C24C23C21
10394,S1S2S7
10395,S1S2S7
10396,S1S2S7
10397,C22C24C23C21
10398,C22C24C23C21
10399,C22C24C23C21
10400,S1S2S7
10401,S1S2S7
10402,S1S2S7
10403,S1S2S7
10404,S1S2S7
10405,S1S2S7
10406,S1S2S7
10407,S1S2S7
10408,S1S2S7
10409,S1S2S7
10410,C22C24C23C21
10411,S1S2S7
10412,S1S2S7
10413,S1S2S7
10415,C22C24C23C21
10416,S1S2S7
10417,S1S2S7
10418,S1S2S7
10419,S1S2S7
10420,S1S2S7
10421,C22C24C23C21
10422,C22C24C23C21
10423,S6
10424,S6
10425,S6
10426,C22C24C23C21
10427,S1S2S7
10428,C22C24C23C21
10429,D2
10430,S1S2S7
10431,S1S2S7
10432,S1S2S7
10433,S1S2S7
10434,S1S2S7
10435,S1S2S7
10436,C22C24C23C21
10437,S1S2S7
10438,S1S2S7
10439,S1S2S7
10440,C22C24C23C21
10441,S1S2S7
10442,S1S2S7
10443,S1S2S7
10444,S1S2S7
10445,C22C24C23C21
10446,S1S2S7
10447,S1S2S7
10448,C22C24C23C21
10449,C22C24C23C21
10450,S1S2S7
10451,S1S2S7
10452,S1S2S7
10453,S1S2S7
10454,S1S2S7
10455,S1S2S7
10456,S1S2S7
10457,S1S2S7
10458,S1S2S7
10460,S1S2S7
10461,S1S2S7
10462,S1S2S7
10463,S1S2S7
10464,S1S2S7
10465,S22S72
10466,S22S72
10467,S22S72
10468,S22S72
10469,S1S2S7
10470,C22C24C23C21
10471,C22C24C23C21
10472,C22C24C23C21
10473,C22C24C23C21
10474,S22S72
10475,C22C24C23C21
10476,C22C24C23C21
10477,C22C24C23C21
10478,C22C24C23C21
10479,C22C24C23C21
10480,S1S2S7
10481,S1S2S7
10482,S1S2S7
10483,S1S2S7
10484,S1S2S7
10485,S23S53G18G11G12L71L8
10486,S1S2S7
10487,S1S2S7
10488,S1S2S7
10489,C22C24C23C21
10490,D5
10491,D1
10492,S1S2S7
10493,S1S2S7
10494,C22C24C23C21
10495,C22C24C23C21
10496,C22C24C23C21
10497,C22C24C23C21
10498,C222C24
10499,S1S2S7
10500,S1S2S7
10501,S1S2S7
10502,S1S2S7
10503,S1S2S7
10504,S1S2S7
10505,S1S2S7
10506,S1S2S7
10507,C22C24C23C21
10508,C22C24C23C21
10509,S1S2S7
10510,L1
10511,S1S2S7
10512,S1S2S7
10514,S1S2S7
10515,S1S2S7
10516,S1S2S7
10517,C22C24C23C21
10518,S21S71
10519,C22C24C23C21
10520,C22C24C23C21
10521,S1S2S7
10522,S1S2S7
10523,S1S2S7
10524,G2
10525,C22C24C23C21
10526,S22S72
10527,S1S2S7
10528,S1S2S7
10529,S1S2S7
10530,S1S2S7
10531,S1S2S7
10532,S1S2S7
10533,S1S2S7
10534,S1S2S7
10535,S1S2S7
10536,S1S2S7
10537,S1S2S7
10538,S1S2S7
10539,S1S2S7
10540,S1S2S7
10541,S1S2S7
10542,L1
10543,L4
10544,S1S2S7
10545,S1S2S7
10546,S1S2S7
10547,S22S72
10548,S21S71
10550,S1S2S7
10551,S1S2S7
10552,S1S2S7
10553,S1S2S7
10554,S1S2S7
10555,S1S2S7
10556,S1S2S7
10557,C22C24C23C21
10558,C22C24C23C21
10559,C22C24C23C21
10560,C22C24C23C21
10561,S1S2S7
10562,S1S2S7
10563,S1S2S7
10564,S1S2S7
10565,S1S2S7
10566,C22C24C23C21
10567,C22C24C23C21
10568,C22C24C23C21
10569,C22C24C23C21
10570,C22C24C23C21
10571,C22C24C23C21
10572,C22C24C23C21
10573,C22C24C23C21
10574,C22C24C23C21
10575,C22C24C23C21
10576,S1S2S7
10577,S1S2S7
10578,S1S2S7
10579,S1S2S7
10580,S1S2S7
10581,S22S72
10582,L9
10583,C22C24C23C21
10584,C22C24C23C21
10585,S1S2S7
10586,S1S2S7
10587,S1S2S7
10588,S1S2S7
10589,S1S2S7
10590,S1S2S7
10591,S1S2S7
10592,C22C24C23C21
10593,S22S72
10594,S22S72
10595,C22C24C23C21
10596,S1S2S7
10597,S1S2S7
10598,C221C24
10599,S1S2S7
10600,S1S2S7
10601,G2
10602,G2
10603,G2
10604,G2
10605,S1S2S7
10606,S1S2S7
10607,S1S2S7
10608,S1S2S7
10609,S1S2S7
10610,S1S2S7
10611,C22C24C23C21
10612,C22C24C23C21
10613,C22C24C23C21
10614,C22C24C23C21
10615,C22C24C23C21
10616,C22C24C23C21
10617,S21S71
10618,L9
10619,C22C24C23C21
10620,L9
10621,L9
10622,C22C24C23C21
10623,C22C24C23C21
10624,C22C24C23C21
10625,C22C24C23C21
10626,C22C24C23C21
10627,C22C24C23C21
10628,C22C24C23C21
10629,S1S2S7
10630,S1S2S7
10631,S1S2S7
10632,C22C24C23C21
10633,S1S2S7
10634,S1S2S7
10635,S1S2S7
10636,S1S2S7
10637,S1S2S7
10638,C221C24
10639,S3S5L8
10640,C22C24C23C21
10643,L9
10645,S1S2S7
10646,L72
10647,S3S5L8
10648,S4
10649,S6
10650,S1S2S7
10651,L1
10652,C22C24C23C21
10653,C22C24C23C21
10654,C22C24C23C21
10655,C22C24C23C21
10656,C22C24C23C21
10657,C22C24C23C21
10658,S1S2S7
10659,L9
10660,C221C24
10661,C221C24
10662,S1S2S7
10663,S1S2S7
10664,S1S2S7
10665,S1S2S7
10666,S1S2S7
10667,S1S2S7
10668,S1S2S7
10669,S1S2S7
10670,S1S2S7
10671,D3
10672,C22C24C23C21
10673,C22C24C23C21
10674,C22C24C23C21
10675,C22C24C23C21
10676,C22C24C23C21
10677,C22C24C23C21
10678,S1S2S7
10679,S1S2S7
10680,S1S2S7
10681,L9
10682,S6
10683,C22C24C23C21
10684,C22C24C23C21
10685,C22C24C23C21
10686,S1S2S7
10687,C221C24
10688,S1S2S7
10689,S1S2S7
10690,S1S2S7
10691,S1S2S7
10692,S1S2S7
10693,S1S2S7
10694,S1S2S7
10695,S1S2S7
10696,S1S2S7
10697,S1S2S7
10698,S1S2S7
10699,S1S2S7
10702,S1S2S7
10703,S1S2S7
10706,S22S72
10707,C22C24C23C21
10708,S1S2S7
10709,S1S2S7
10710,S1S2S7
10711,S1S2S7
10712,S1S2S7
10713,S1S2S7
10714,S1S2S7
10715,C22C24C23C21
10716,C222C24
10717,C222C24
10718,C222C24
10719,C222C24
10720,C222C24
10721,C222C24
10722,C222C24
10723,C22C24C23C21
10724,C22C24C23C21
10725,S1S2S7
10726,S1S2S7
10727,S1S2S7
10728,S1S2S7
10729,S21S71
10730,S21S71
10731,C22C24C23C21
10732,C22C24C23C21
10733,C22C24C23C21
10734,C22C24C23C21
10735,C22C24C23C21
10736,C22C24C23C21
10737,C22C24C23C21
10738,C22C24C23C21
10739,C22C24C23C21
10740,S1S2S7
10741,S1S2S7
10742,L9
10743,S1S2S7
10744,L9
10745,S1S2S7
10746,S1S2S7
10747,S1S2S7
10748,S23S53G18G11G12L71L8
10749,C22C24C23C21
10750,S1S2S7
10751,S1S2S7
10752,L9
10753,S1S2S7
10754,C22C24C23C21
10755,C22C24C23C21
10756,S1S2S7
10757,S1S2S7
10758,S1S2S7
10759,S1S2S7
10760,S1S2S7
10761,S1S2S7
10762,C22C24C23C21
10763,S1S2S7
10764,S1S2S7
10765,S1S2S7
10766,S1S2S7
10767,S1S2S7
10768,S6
10771,LW
10772,C221C24
10773,L9
10774,C22C24C23C21
10775,C22C24C23C21
10776,C22C24C23C21
10777,C22C24C23C21
10778,S1S2S7
10779,S1S2S7
10780,S1S2S7
10781,S1S2S7
10782,S1S2S7
10783,S1S2S7
10784,S1S2S7
10785,C22C24C23C21
10786,C22C24C23C21
10788,S1S2S7
10789,S1S2S7
10790,S1S2S7
10791,S1S2S7
10792,S1S2S7
10793,S1S2S7
10794,C22C24C23C21
10795,C22C24C23C21
10796,S1S2S7
10797,S1S2S7
10798,S1S2S7
10799,S1S2S7
10800,S1S2S7
10801,D5
10802,C22C24C23C21
10803,S23S53G18G11G12L71L8
10804,S23S53G18G11G12L71L8
10805,S23S53G18G11G12L71L8
10806,S22S72
10807,S22S72
10808,S31S5L81
10809,C22C24C23C21
10810,C22C24C23C21
10811,S1S2S7
10812,S1S2S7
10813,S1S2S7
10814,S1S2S7
10815,S22S72
10816,S22S72
10817,C22C24C23C21
10818,C22C24C23C21
10819,C22C24C23C21
10820,S1S2S7
10821,S1S2S7
10822,S1S2S7
10823,S1S2S7
10824,S1S2S7
10825,C22C24C23C21
10826,C22C24C23C21
10827,S1S2S7
10828,C22C24C23C21
10829,C22C24C23C21
10830,C22C24C23C21
10831,L1
10832,L1
10833,S22S72
10834,S22S72
10835,C22C24C23C21
10836,S1S2S7
10837,S1S2S7
10838,C22C24C23C21
10839,C22C24C23C21
10840,S1S2S7
10841,S1S2S7
10842,S1S2S7
10843,S1S2S7
10844,S1S2S7
10845,D2
10846,S6
10847,S1S2S7
10848,S1S2S7
10849,S1S2S7
10850,C22C24C23C21
10851,S6
10852,S1S2S7
10853,C22C24C23C21
10854,S3S5L8
10855,S1S2S7
10856,L1
10857,S1S2S7
10858,S6
10859,C22C24C23C21
10860,S3S5L8
10861,S1S2S7
10862,S23S53G18G11G12L71L8
10863,C221C24
10864,C221C24
10865,S22S72
10866,C22C24C23C21
10867,C22C24C23C21
10868,C22C24C23C21
10869,S1S2S7
10870,S1S2S7
10871,S1S2S7
10872,S1S2S7
10873,S1S2S7
10874,S1S2S7
10875,S1S2S7
10876,C22C24C23C21
10877,S1S2S7
10878,S1S2S7
10879,S1S2S7
10880,S1S2S7
10881,S1S2S7
10882,S1S2S7
10883,S1S2S7
10884,S1S2S7
10885,S1S2S7
10886,C22C24C23C21
10887,S1S2S7
10889,S3S5L8
10890,S1S2S7
10891,S1S2S7
10892,S1S2S7
10893,G2
10894,G2
10895,S1S2S7
10896,S1S2S7
10897,S23S53G18G11G12L71L8
10898,S23S53G18G11G12L71L8
10899,S3S5L8
10900,S22S72
10901,L9
10902,L9
10903,C22C24C23C21
10904,C22C24C23C21
10905,C22C24C23C21
10906,S1S2S7
10907,S1S2S7
10908,C22C24C23C21
10909,C22C24C23C21
10910,S1S2S7
10911,L1
10912,S1S2S7
10913,S1S2S7
10914,S3S5L8
10915,S3S5L8
10916,S1S2S7
10918,C22C24C23C21
10919,C22C24C23C21
10920,C221C24
10921,C22C24C23C21
10922,S3S5L8
10923,S1S2S7
10924,S1S2S7
10925,C221C24
10926,C221C24
10927,C221C24
10928,C22C24C23C21
10929,C22C24C23C21
10930,C22C24C23C21
10931,C22C24C23C21
10932,C22C24C23C21
10933,L9
10934,C221C24
10935,C221C24
10936,C22C24C23C21
10937,C22C24C23C21
10938,D3
10939,D3
10940,C22C24C23C21
10941,C22C24C23C21
10942,L1
10943,S1S2S7
10944,S1S2S7
10945,S1S2S7
10946,S1S2S7
10947,S1S2S7
10948,S1S2S7
10949,S1S2S7
10950,C22C24C23C21
10951,S1S2S7
10952,S1S2S7
10953,C221C24
10954,C221C24
10955,C221C24
10956,S1S2S7
10957,S1S2S7
10958,S1S2S7
10959,C22C24C23C21
10960,C22C24C23C21
10961,S1S2S7
10962,S1S2S7
10963,S1S2S7
10964,S1S2S7
10965,S1S2S7
10966,S1S2S7
10967,D5
10968,S1S2S7
10969,S1S2S7
10970,S1S2S7
10971,S1S2S7
10972,L1
10973,S1S2S7
10974,C221C24
10975,C22C24C23C21
10976,C22C24C23C21
10977,S1S2S7
10978,C22C24C23C21
10979,S1S2S7
10980,S1S2S7
10981,C22C24C23C21
10982,S1S2S7
10983,C22C24C23C21
10984,S6
10985,C22C24C23C21
10986,C22C24C23C21
10987,C22C24C23C21
10988,C22C24C23C21
10989,C22C24C23C21
10990,C22C24C23C21
10991,S1S2S7
10992,S1S2S7
10993,S1S2S7
10994,C22C24C23C21
10995,C22C24C23C21
10996,C22C24C23C21
10997,S1S2S7
10998,S1S2S7
10999,S1S2S7
11000,S1S2S7
11001,C22C24C23C21
11002,S1S2S7
11003,S1S2S7
11004,S1S2S7
11005,S1S2S7
11006,S1S2S7
11007,C22C24C23C21
11008,O4
11009,C22C24C23C21
11010,C22C24C23C21
11011,C22C24C23C21
11012,C22C24C23C21
11013,S1S2S7
11014,S1S2S7
11015,S1S2S7
11016,S1S2S7
11017,S1S2S7
11018,S1S2S7
11019,S1S2S7
11020,C22C24C23C21
11021,C22C24C23C21
11022,C22C24C23C21
11023,S1S2S7
11024,S1S2S7
11025,C22C24C23C21
11026,C22C24C23C21
11027,C22C24C23C21
11028,S1S2S7
11029,S1S2S7
11030,S1S2S7
11031,C22C24C23C21
11032,L1
11033,S1S2S7
11034,C22C24C23C21
11035,S6
11036,L9
11037,L9
11038,L9
11039,C22C24C23C21
11040,S1S2S7
11041,S1S2S7
11042,S1S2S7
11043,S1S2S7
11044,S1S2S7
11045,S1S2S7
11046,C22C24C23C21
11047,S1S2S7
11048,S1S2S7
11049,S21S71
11050,S21S71
11051,C22C24C23C21
11052,S1S2S7
11053,S1S2S7
11054,S1S2S7
11055,S1S2S7
11056,C22C24C23C21