code,public_price
10574,160885
11135,176974
10570,145946
10571,151692
10572,164333
10573,688359
10575,144797
11136,182720
11137,209151
11138,222941
11139,181570
10614,219493
10615,170079
10616,194211
11140,284997
11141,220643
11142,252820
9526,3952241
4290,409552
10304,537537
10611,172377
11143,224090
7212,278102
9378,229959
7211,229959
1337,229797
1338,198889
10612,179272
11144,224090
10613,180421
11145,226388
10566,148244
10567,148244
10568,159736
10569,179272
11146,191913
11147,191913
11148,208002
11149,224090
8733,653107
10544,534977
10548,148463
9325,29491998
10698,1075074
10699,1075074
10966,197778023
10993,141687170
11432,45056853
11691,45056853
11001,17850751
10796,77478802
11325,40259574
11326,40259574
9058,3419743
9059,5261143
9362,3641813
11187,9366451
5143,286238
10970,615480
10971,464970
11508,1001163
8141,355798
11867,179179
9768,815712
11819,202920
11499,21075062
8593,1390057
5900,11127864
5901,25485937
5902,47925322
8202,79959812
2481,311771
2224,91949371
5781,740457
4405,1039238
8870,833182
9595,425998
1340,2484765
5959,1243054
9705,3101588
2023,752552
8497,752552
6060,365525
6480,614136
6481,497222
7244,810337
11585,15102158
7970,298266862
10707,4065124
4468,371157
9590,2127111
9602,2184704
10163,1687866
1341,192169
3371,107507
3434,124977
3436,131697
3740,81974
1709,122290
4861,2239738
11025,13990891
2097,444812
7809,220390
6549,821088
7639,13297758
7640,25729044
7641,68645618
7642,85485667
10363,385683
10364,385683
10892,321178
10887,288926
10891,464970
9523,575165
6986,200233
7562,400465
5182,403153
7509,430030
11702,430030
7445,541569
9346,2576146
9347,1441943
9348,1732213
5897,131011289
6930,188597956
5489,18280324
7282,1204083
9833,35423371
7864,802274
11890,880217
482,471689
571,536193
11171,4359425
8551,7364372
1350,116914
1351,129009
3487,7154928
3489,4031528
8794,237860
10396,458250
5783,6301277
9772,174062
9790,174062
9791,170630
9792,182720
9793,205933
4304,586792
4314,780120
11061,57138680
9459,490837809
6691,485127
10014,528130
3358,388370
5327,2848946
8306,858779
11203,1115389
9915,473033
10914,393746
2107,873498
4572,195817
11083,215015
11084,147183
11085,199657
6484,299677
6886,317403
10681,639925
10495,16854009
10494,71767770
7987,709549
7877,657139
11089,107507
11090,169324
11091,212327
8411,396434
8707,415247
10527,1148985
2755,532162
5205,896343
8286,3656595
8890,8728144
9830,1127036
10774,4748244
10775,4036903
11473,11210836
11692,10661285
4098,1001163
11730,1001163
11580,599354
11094,169324
11095,115570
4239,895895
4332,383955
10377,14833767
10410,27383989
10146,895895
10697,712620
10251,561342
10442,113539160
10443,340619684
10444,449469674
4725,175339
5175,1204339
10328,14169600
6088,1406555
6089,1908256
10879,231141
10880,233829
10881,392402
10882,392402
9985,13126040
6706,137072
6707,139760
6708,215015
6709,215015
10853,1749683
6180,372244
4416,445388
4583,244451
4593,203496
2127,739113
8409,1036103
2473,951440
6831,880217
11398,345368
10779,358358
10780,662962
7746,744489
5074,473545
7347,870298
5586,671921
5585,362837
7273,462282
7274,462282
11766,462282
11767,462282
11871,807649
11872,923220
11873,923220
8570,397777
5266,388370
3531,560382
11926,560382
6407,959504
6471,388370
1129,159917
1131,259362
1104,456906
1105,278175
1106,345368
5384,507972
8838,892311
1130,288926
1132,170668
6256,362837
9157,753896
10335,2175745
10429,1662781
10845,2743998
899,6199145
3944,16577136
11800,564414
11801,940690
7598,1173175
2137,2734719
10421,7433691
4615,254690
4626,284127
11182,7332097
893,4073187
4604,166381
4507,142063
4518,218854
4637,174060
4643,206056
2139,1944540
2140,2857009
1352,133040
10545,15754068
11165,1181238
11017,3800387
7389,856362
7390,856362
7386,544586
7387,856362
7388,544586
11754,302365
6822,665202
6823,498566
7555,442124
7045,387027
7046,544256
3847,349399
2576,651764
10009,2026514
10223,857372
11374,1689210
10193,342680
10145,4950984
7730,550975
7731,544256
4573,285407
4575,174060
4644,218854
4574,206056
7930,355798
9086,2557140
6267,1295464
11924,1333092
4364,167660
6753,530818
5262,2221372
5263,3942834
10542,447500
7530,326554
6752,294302
8363,243235
9492,505541
11552,59283147
5542,1173175
5983,2331567
974,331929
975,626231
7650,2615118
11589,3084119
11590,3084119
978,327898
11099,2981987
11100,3703630
11101,4114846
11102,4731669
6092,889624
6093,1088378
6094,1405390
5981,481096
5951,923220
3819,1132859
3820,1752371
983,727019
5982,911125
11103,71323688
11104,71323688
11105,57771855
3822,545600
10822,28943287
10820,91523229
10821,79672726
8753,565758
8754,1087169
988,862747
6635,2527768
10823,87345820
7884,38330537
7317,1962010
8998,1317234
8999,3628375
9591,1491665
6001,1099263
3571,958160
3579,775397
1001,280863
1002,356118
5669,794211
5670,1178550
6340,463626
7576,1034759
7496,670577
7497,670577
7498,670577
9244,1635456
10562,1111358
10563,888280
7316,607417
5589,1409691
3570,495878
10342,2164930
10343,3246723
11379,41455526
11378,22154866
10871,651764
10872,651764
11901,651764
11902,651764
9263,330585
6909,36492913
8923,427342
2156,2230779
2157,3346168
6855,544256
6477,387027
8032,857372
8033,857372
11115,857372
6478,544256
6854,579196
9589,667890
8142,14168342
8143,7783260
10504,1685178
10505,2119240
10506,603385
5545,431309
7494,335961
8960,3254787
8961,3776197
10916,3202377
8467,2292595
8466,1970969
8832,5341774
9359,12004668
11275,700078
11274,639925
11277,854940
6893,1135227
6894,1695033
10903,1695033
10904,1135227
10926,1135227
10927,1695033
11562,21688377
11563,29098108
10499,1527949
10500,2342317
10940,1881380
9227,2082956
10348,511940
10214,1054596
10213,1228656
9038,399915
10083,16902713
10326,34948930
10327,21176745
1008,5895437
1009,1703992
5478,6833439
10543,2748158
10806,8454523
10807,12310378
5224,1356641
5225,1612611
5226,1126268
11752,278175
4660,177899
10695,971598
10696,971598
9537,588603
8506,690735
4673,403153
4680,134384
10362,353239
10617,134384
7004,146479
7635,80631
7709,162605
10857,186794
9480,148463
10896,935314
5949,325210
11219,807649
11220,1077762
11221,1162424
11080,295645
3355,1053573
4249,239588
4260,461207
4268,738473
4269,738473
5075,1052037
5076,1279850
7490,1484626
7569,1087169
9199,677297
9200,1405659
11795,362837
11794,362837
8660,769190
9234,564414
11355,567102
11356,567102
11616,564414
11935,567102
11936,567102
10484,564414
11617,564414
10190,4632225
10191,4632225
10192,4632225
4214,702149
4236,680315
4864,2412129
2177,397777
2179,385683
11027,7805376
1878,544256
1879,713580
2227,847965
2226,428686
11639,712237
11640,712237
7849,38773533
11947,38773533
730,490503
10271,302365
10272,542912
10280,524099
9849,454537
8919,609206
6251,846621
8528,755239
4270,319963
8807,460938
2198,1087169
2199,1521230
5222,9052935
5980,722987
11160,722987
5554,24533456
5555,75875312
6109,24533456
6110,75875312
5673,1531980
10711,32224230
10712,31285380
11941,913813
11942,651764
10550,2777275
10551,2777275
7742,620855
7806,419279
10181,2454186
11543,70488764
11861,916501
11611,440780
9632,1193332
9633,2273782
4272,373358
755,4053029
9696,438093
9697,393746
11875,10967854
11177,10967854
10154,9401575
11270,10706993
7358,423630
7359,573373
9513,423630
9514,573373
9593,448843
1362,365525
1363,361494
5590,693423
1720,385683
1721,237860
759,225766
9661,804962
1835,346711
11533,412560
10080,928595
10081,589947
6307,292958
11509,344024
2747,173356
8907,4114846
10358,94771465
11118,93777847
11119,78349010
11081,188138
11755,295645
11756,282207
7276,13873850
5041,595322
5957,149167
5039,296989
6869,287582
5211,38029953
1369,290270
8099,662514
1651,247267
1652,247267
11062,3584028
8942,19610153
8943,78439178
11631,78439178
9103,16999467
9104,25099310
9333,26072618
10307,27390281
7309,895895
3694,388370
3695,416591
4376,533697
10436,68669378
3992,319835
8986,13270499
8987,25895605
8988,44948602
9688,921176511
7532,210983
11124,362837
11937,749864
6516,491846
7573,219046
5504,415951
10860,592635
10531,1478552
4684,120306
4688,398033
1726,700142
5245,326554
1727,1026696
7733,3758727
508,235172
611,279519
612,279519
11596,49744595
11597,14719570
1862,532162
10089,638325
259,524099
8881,1382814
11016,4315078
11630,1306215
5889,1451753
9066,2623181
9900,69724037
6368,17590239
6370,5582795
6791,11726826
6372,6195623
10079,1709368
10512,1361312
9522,1130108
9760,2147588
8712,1110014
8620,452007
8621,993870
7069,2328879
7319,1804780
11501,181419
4378,363477
5615,452875
6262,765990
6248,392402
5506,406992
5507,789667
6715,723115
5181,460746
11445,207336
5192,345560
11444,345560
5397,678321
4078,321178
4079,372244
7838,235172
11946,167980
11251,292958
11252,544256
11253,544256
11383,272800
11384,272800
11385,544256
11666,18490076
10795,47495416
10794,142487946
11667,77844379
10867,55847685
10868,40725735
7551,3054554
8498,239484334
481,377620
480,186794
1381,847965
1382,1131515
6018,1257837
6017,1060292
11030,511940
8341,749992
10157,383955
9972,24963868
9970,1265900
9971,3144591
6451,1394909
9386,11020381
10687,11020381
9477,13007658
11619,13007658
10598,14169600
11269,15743401
9468,46880685
9469,46880685
9910,35663747
9911,123564667
9912,154453246
363,18625995
11440,18625995
11714,1237679
11715,1237679
1177,971598
11554,6705774
8155,65228611
6517,5544694
7153,658483
8750,483783
11073,412560
10826,41821582
7996,6927508
7997,4345987
7998,2592272
9846,9627931
9847,9627931
9848,10314804
10947,180075
10138,250851
4380,176619
1655,115570
6467,2746814
6466,1988887
5948,327898
7328,364181
5734,311776
5735,385295
5135,795555
6674,940690
8726,530818
6217,1226928
6158,808993
10162,823775
7160,8554692
8782,1342499
8800,1342499
9238,1342499
9239,1342499
11184,2365163
11185,1182581
11186,2365163
11406,1259180
4021,2736063
4022,3078743
10755,1554826
11120,2586897
5688,1671740
5689,563070
10186,201576
10204,1054916
9501,692079
9502,291614
1383,122290
1384,145135
9019,237860
6474,548288
10716,8524771
10717,8524771
10718,8524771
10719,8524771
10720,34835645
10721,34835645
10722,34835645
11899,128599140
11900,88249366
10672,51622917
9629,422609112
9630,422609112
9631,422609112
11020,31708528
4481,177899
4103,5436771
4104,763056
7735,389714
1161,2053391
8503,1289872
1385,494534
7221,1158264
7222,447948
2248,630262
2249,667890
10895,618168
4576,163821
4577,142063
11329,4025128
4351,326362
11357,490183
4350,284127
11359,426190
7235,229797
10852,302365
6965,31611335
6966,25799521
10245,1376095
10246,1376095
10247,1376095
10112,327898
10113,327898
10109,434061
10110,434061
10111,434061
11313,22127179
11314,22127179
8613,385235
7729,368213
7869,344024
8098,408528
5187,677616
5186,573603
5189,677616
5188,700560
5190,669968
5191,700560
8479,10908012
9326,12123049
11620,8869508
11152,11222829
11266,12665771
11267,4094240
5766,4927423
4275,486343
4276,652724
4278,1028487
10294,383955
10295,335321
11450,508740
4578,4453878
6714,355798
10749,9041227
6405,1277994
2250,2691717
6469,2714763
6903,857723
2251,585915
9836,563070
6309,610104
6308,330585
8924,2822069
7258,755239
10865,1701305
10788,2431715
10789,796067
11226,631606
11921,1277994
9465,364181
9466,425998
9467,364181
11511,3777541
11512,10863782
11296,18712833
11297,22928852
11647,262049
10855,577852
6529,851100
6530,487623
6604,1555018
6605,1226096
1658,450187
1659,268769
11583,403153
11835,3628375
11836,403153
11843,5375370
2263,5521849
3943,18574396
11860,806306
11318,5933065
8090,5933065
5277,703918
5659,703918
5658,545216
753,349399
754,700142
6853,791523
6512,692079
8876,788836
9916,1134203
760,851996
761,735082
3777,604729
3987,434061
5774,703918
1660,217702
2266,6127922
8617,499909
6422,712237
7242,1343843
6505,3300477
2271,8005714
1842,159917
6719,490503
2272,3922676
5966,1651582
1394,147823
1395,490503
11706,1126140
10427,561726
11201,638325
11202,318491
11479,95532998
11480,188515591
11481,188515591
11358,10699559
3906,6083575
3907,6083575
7452,1166025
7396,16466387
7397,41106321
3920,407184
4095,2303346
4097,3886393
9730,128412818
11852,894615
5116,26712753
5117,36113502
10996,10943137
2277,339992
6218,240548
6013,180075
4387,360918
4388,415951
1852,147823
3780,821088
5045,795555
521,3420079
522,21354452
11311,21354452
11312,3420079
10889,370901
8651,356118
4579,166381
4580,159981
8920,537537
2736,591291
2793,530818
9389,1100607
4581,529858
11330,8719720
11961,332761
285,1252461
2282,385683
2283,360150
2285,385683
291,1104639
292,705517
9141,115570
9160,1251117
9161,1358625
8048,4031528
5976,3101588
6163,6512261
7493,555007
5667,638325
7421,888280
7423,804962
7933,459594
5626,983693
9660,348055
11366,8768039
11367,16494074
11368,22062995
4389,490183
9149,636981
10086,14826544
10087,7372177
4582,386515
11244,4699417
11245,9012607
10323,15275833
10085,14817734
10084,39804728
1248,1548107
5155,2378601
1256,2280501
11929,436749
2295,654451
1662,240548
1819,392402
1840,241892
5310,5120040
5938,9908924
7092,9908924
7093,5120040
11162,4914432
5931,686704
1139,295645
786,392402
3956,331929
3464,354774
3939,520067
6655,375765
6656,1074197
5823,511940
11784,895895
11785,1410395
11786,2166786
11787,2559700
7973,1191988
10320,1191988
5298,507972
9132,8031731
7074,77031165
7075,38515582
4390,641205
3959,131697
3960,215015
7168,467657
6410,686704
5967,295645
6047,877529
8404,446156
8405,430030
8406,219046
9657,618168
1179,1166455
10290,712876
6404,201576
8751,3535650
5235,712876
7660,890776
7661,801186
10015,362837
11550,454219
11551,1280682
10490,302045
10491,302045
5775,1148025
1402,299677
1403,210983
8292,274144
11225,395090
11316,395090
6544,911125
9975,658483
11886,748520
1255,857372
1253,512004
1820,632950
10423,353239
10846,598970
10751,1109630
10982,1035399
5306,808993
10873,658483
10874,658483
11903,658483
11904,658483
6574,544256
11353,193513
1864,486471
6824,1128828
11774,602041
11775,846621
11776,901718
4586,149742
4587,153582
5021,291806
3592,154542
10793,332761
8692,288926
8366,382995
4395,386515
4396,386515
10753,386515
8708,386515
8709,386515
11113,38239924
9644,6392659
9399,903062
9228,872154
10850,20296042
8603,833182
1025,632950
9599,374996
4100,1181238
11438,1181238
9122,1206259
9123,1138185
9124,1004762
9820,935570
8435,745833
4588,218854
4107,
4800,
4802,
4803,
4804,
4805,
4806,
4859,
4105,
4106,
4108,
4860,
4109,
4858,
10465,4393021
10466,4393021
10467,6049979
10468,3133841
4694,792373
4695,1071474
5516,1253910
5518,1253910
4693,445199
4696,808711
4697,1138185
11718,1059220
11719,1327429
7341,5818474
11417,510660
11896,450187
11897,450187
9097,309084
9098,338648
9099,338648
11891,2015764
11892,2956454
8724,1521230
8725,3043803
1169,498566
5569,1183925
10095,11653550
9294,585915
9295,585915
10528,395090
10529,395090
53,213671
529,1018633
8138,4441399
528,423310
10768,544586
10424,469706
11086,544586
11087,578623
2975,349399
2976,499909
11717,1209458
8965,8996996
10897,674609
10375,1087873
5420,398033
5421,1092992
5422,492742
8441,70463329
9678,749864
9679,749864
8354,544256
4584,7529090
4585,183019
5880,821088
5881,1116733
5883,1116733
5229,452875
5236,452875
10666,398033
10667,1293928
10668,1109630
6845,1420634
6846,1740596
4397,202216
3206,1835689
5258,4598629
10516,69290804
10517,38436952
7861,517379
7862,517379
1711,804962
1712,804962
1713,804962
5565,589947
6342,575933
6343,575933
5332,4734357
3976,948753
3977,970254
3978,1603204
5114,3553120
10451,948753
10452,970254
10453,1603204
10454,3553120
8322,366234
8820,492851
7049,452875
7495,1228272
7560,593850
10478,29806627
10479,53593818
11539,1546763
4285,1164664
4286,2687685
4287,267489
10253,1726838
10941,167980
10763,853639
10764,1153162
10765,1153162
4288,449227
4289,409552
8492,47779251
8493,218656548
6193,862747
4903,343089
4904,584069
2465,3301821
8825,737770
10898,1710712
7865,15866076
7867,5411654
9242,13404432
10978,12678532
6497,82405803
11542,82405803
2361,654451
8290,1240367
9438,1307559
6872,2100426
11846,208296
11797,231141
9876,377620
411,287582
412,478408
11131,75022315
11132,92470390
11133,93260179
8379,267425
9690,1323685
8060,258018
9118,380307
8899,156171284
10905,468512749
10961,254729810
10962,127364905
10963,127364905
10964,103165573
10965,127364905
11820,2777275
11821,2777275
11822,2777275
7511,467657
7878,1372063
4291,449227
4292,358066
1800,912469
1801,1075074
8422,348055
2806,2366507
2810,11778312
2811,31761098
6696,302045
6697,302045
10291,147823
11527,155886
11528,145135
11656,108851
9276,827807
8120,415247
8121,635638
5877,724395
11868,13280846
11869,18379327
11870,8846092
11763,13424141
11764,24918561
11762,9279724
11411,38502953
5159,430030
5519,197097
6388,149742
10742,693679
10743,566974
10744,259810
10161,48879793
2977,240548
2979,479752
2980,360150
2985,442124
2986,450187
2987,362837
4398,307164
4399,499142
5520,1510223
416,182763
417,365525
9536,423310
8299,968910
8300,564414
11673,968910
11674,564414
5464,894615
6884,972686
6885,2909099
11943,783460
9045,560382
4898,119026
4400,175339
2886,382995
11840,748806
7531,290270
7321,737770
9351,290270
9352,290270
11918,1007882
4401,656563
11037,323802
10055,1009802
11036,673201
9535,1009802
11038,673201
10901,323802
11655,396434
7437,249955
11874,256674
9572,1187701
9573,999563
11646,1995606
6694,563070
11545,563070
3885,2998113
8279,338648
9694,43003
7159,119026
9693,1154361
9014,368213
10206,3471145
11489,2375914
11490,1595141
11116,467657
10662,486471
10022,15543897
10023,9340433
11117,239204
7663,517379
4110,944626
4111,807874
4112,329815
4113,287295
4114,369209
4115,170630
4117,194211
4119,219493
4122,174062
4124,174062
4126,170630
4128,182720
4130,205933
9379,170630
9558,188772
9559,188772
9586,195361
9708,224565
9773,185340
11651,252820
11653,284997
11654,220643
4749,217195
4750,191913
4751,168929
4157,176974
4159,198578
11652,224090
4754,185018
4755,174675
4756,148566
4752,316025
4753,183869
4147,194165
4155,220643
4149,188772
4151,204554
4153,220643
4142,205933
4144,182720
9372,217210
9373,240255
4134,189262
4136,182720
4138,207894
9711,198578
9712,226036
4133,207404
4808,158587
4809,171228
4779,193062
4790,171228
4801,158587
4764,193062
4765,180421
4766,148566
4767,194211
4769,180421
4770,186167
4748,148566
4810,179456
4747,163184
5198,212797
7285,442124
11321,2124167
11360,1241710
11361,2483421
5136,98101
5137,180075
4728,130545
4729,199657
4730,261089
4731,322522
5086,639925
6133,382995
138,494534
9869,1163270
9865,1163270
9861,1111506
9867,1150329
9864,1150329
9863,1150329
5083,221286
11282,221286
5085,579772
11283,579772
5084,349399
11281,349399
6031,500421
11280,500421
5374,119602
5375,147823
7254,150510
10601,26856672
10602,34962083
10603,35697531
10604,26856672
2427,514692
9207,354774
9278,755239
9288,945809
11884,310428
11883,716268
7527,1038790
1822,205608
1832,135728
1812,83318
1823,233829
4402,445388
1263,482439
9808,1311590
11917,2822069
10938,414671
10939,952208
5216,503941
7659,978317
5325,575165
9416,1131515
8685,330585
9354,503941
3415,503941
8652,521411
11703,123247956
9313,38637010
9511,23213276
3588,622199
7137,286238
9574,593850
10013,456906
9853,364181
9968,598010
9687,502981
10091,223974
8461,267489
7026,2768316
10236,632950
11772,602041
11773,846621
3427,1089856
6927,544256
10859,1104639
11216,620855
3922,2940456
9685,6977230
8454,1515854
8565,446156
8563,352087
8560,291614
8016,11330804
8575,1690682
10156,978317
1664,118258
3993,372244
11529,2145848
11530,2316784
11612,2900012
3532,2701123
8734,4110814
8735,15099641
5866,19518281
5867,5313553
1731,16777239
3576,4567721
11268,16906027
8711,249571
6347,120946
7434,120946
11332,120946
11333,120946
9889,337880
11474,3801155
7307,135664
10441,317403
10750,380115
10797,317403
6310,295645
4545,267489
7289,1191988
11410,54836160
5999,319963
11096,116914
11753,1615299
7361,2292595
7360,1970969
10419,1365344
10420,1365344
11015,1325029
11018,1325029
8096,1779247
8177,1634112
2640,713580
3546,1107326
11535,1381470
11536,1034759
5419,326554
11959,804962
7305,581884
6812,1081473
10972,517379
10942,689391
9049,548288
1301,415247
1302,1628737
4404,712876
4406,965007
7080,610104
7081,489159
8157,2151492
8158,1323685
7726,1794030
10684,2015764
2479,1804780
2480,428686
11172,788836
2503,311771
1665,174700
4589,166381
9818,4577128
8175,511940
11370,1658302
9706,2803255
9707,3287039
9735,520067
9738,219046
11623,422860803
7790,716716
7791,831903
8888,573821
8889,573821
4293,223974
4294,216295
4295,273888
6097,417935
9658,1933789
3168,454219
3172,935314
10255,123001362
10623,123001362
11809,123001362
11810,123001362
5157,1204979
9260,624567
10354,1187701
8741,1791790
5521,5911563
5661,3019614
5662,1509135
10581,815518
11166,2168962
10692,1166455
9414,1112702
10913,1337123
6881,561342
9125,712620
11712,2183744
7315,1019976
3626,42726155
7646,14625182
4490,119026
2492,3385139
274,1240367
275,1034759
276,795555
2491,266081
484,722987
10176,524099
5153,7844402
3577,15457059
11521,2983330
5596,2488796
5599,2135366
9765,1507821
1241,2143429
5801,4004651
10595,22653238
11694,447948
7332,307164
10289,415951
7761,280863
4411,364757
11163,1846440
11895,2023827
11645,1846440
11700,1846440
10332,388370
8823,732394
8824,817056
196,129009
9906,163949
10126,129009
10127,129009
197,215015
10400,215015
8814,671921
4163,165727
3559,341336
10967,399121
3526,459594
5239,462282
7630,1780591
10340,4122539
10341,4122539
6905,249955
10136,435405
8871,252642
6255,1711159
6561,2276469
9261,282207
11021,44141610
11022,35131802
5150,4930558
11004,103165573
11005,127364905
11006,127364905
7327,440780
9922,37250732
5109,387027
8485,1060292
8486,822432
9856,1763121
11812,2237050
11813,2237050
10781,1740724
10782,1740724
10991,1840168
10992,1840168
7340,18701506
10397,28768353
10398,52197598
10399,52197598
6767,2776379
513,764646
6836,2009045
10710,37720158
11711,6072824
10584,1042822
32,1652926
10798,1032839
10799,1766193
11362,662962
11363,1187701
11364,1538380
11365,1708600
9949,388370
9950,755239
9951,765990
9952,963535
11733,755239
11734,2150148
11740,1105982
11741,388370
11742,765990
11743,3637782
11744,963535
11745,4575784
11746,1209458
11198,854684
11199,841245
6724,459594
6867,279519
10688,18701506
10689,18701506
10133,19080319
10134,19080319
6213,1131515
6420,595322
6421,831839
9083,1493009
11121,1343843
10833,7823588
10834,4771985
8447,6029821
8448,6029821
8449,11674240
10633,19165898
10634,19165898
8398,152492033
10627,84211194
10628,84211194
11558,82838963
4590,115187
4591,108787
4592,84470
4594,98548
103,739113
4595,223974
11183,3246979
9935,903246290
272,614136
11500,7827491
2279,693423
9061,2088331
10671,2201214
8590,2751678
6653,778758
6654,3564318
11863,575165
9067,1744308
9068,1744308
9898,1744308
9899,1744308
11459,1744308
11460,1744308
9025,1849127
9026,1849127
11302,1243054
11303,7849606
11790,2486109
6442,1209458
11531,5488046
1433,9206440
1434,11317795
10472,37968085
10473,13250926
10471,15187737
4495,89590
1860,446156
1861,628918
7454,354774
5502,22721577
9755,53752106
9756,37174909
9757,23449711
8338,465368012
9626,240536690
11677,240536690
10994,2521049
11739,26153163
11317,264160525
2767,486471
11805,486471
5095,378964
4414,501701
8980,430030
10811,678640
10812,678640
10813,678640
7027,845277
2504,2073549
4497,380115
7304,331929
2869,4949372
11238,4750483
7571,389714
8553,299677
11952,646324
11953,511940
7773,449284
7774,393464
7605,366869
7606,454219
7836,430030
10908,38126657
10909,69025408
11659,2815798
7898,32190251
7952,618168
2043,399121
11598,5085100
11599,9756719
2511,792867
6779,1406394
9281,1109630
9282,1293928
9283,398033
10117,369877
10118,431309
10024,425998
10025,1217521
10070,1390877
2512,795555
5764,993100
7492,1261868
5113,611448
11320,5305490
11880,5872592
3495,573821
1309,256674
1310,391058
1311,452875
1312,615480
4596,1354081
6917,669234
10622,56729091
10481,52634673
10482,66619921
10483,83550282
11380,52290378
11381,89386347
11382,124701632
7266,91416937
11939,959504
11046,748520
10643,501701
5711,2457888
8491,7582922
5710,2457888
8979,1222897
7440,3386483
10599,4479027
7688,1286662
11629,1158392
7121,1057156
11028,4363009
11029,3117715
11777,1333092
11778,1333092
11779,1333092
11780,1417754
11781,1333092
11782,1417754
2748,345368
11088,159917
7255,287582
7256,287582
2288,588603
6264,639925
6265,511940
11072,353431
3600,1998025
3599,1998025
7420,65161855
10814,1894818
5278,972686
9063,3680849
10155,295038213
1808,552319
1809,552319
11827,220390
11828,439436
7078,18175448
11544,18175448
1847,146479
1848,115570
9938,310428
10762,214213273
6863,46628557
3683,177387
11553,337304
3180,1291433
10669,327642
11816,289246
4597,262369
10690,1084481
10691,1084481
10098,1402972
10099,1402972
10367,36861820
10368,72729456
6236,1583046
890,3433518
7306,1433432
5292,295645
5988,295645
10120,196201
7727,639669
3367,392402
5856,774053
8865,1206771
8922,1190644
8856,1243054
8857,1101951
9481,682160
11111,9355300
8728,2315441
8729,2315441
6239,10212033
7023,2213309
5046,1202739
7974,2194047
5342,533505
9992,425998
9991,425998
9990,425998
9989,425998
10489,37257808
7184,774309
3853,361494
3854,172012
8070,560382
9081,356118
9317,516036
8588,1619330
11593,1619330
11928,32406715
7601,788388
6231,13361635
6232,24325802
5763,1435224
7837,890968
1746,176043
1747,310428
2579,249955
2222,878873
9472,588603
10815,1154361
10816,1154361
767,503941
765,1204083
10772,4837833
7738,337304
10107,671921
10179,794211
10180,1484946
10745,945809
10746,629686
10747,794787
5146,172012
7697,3527587
11923,1791790
11922,1791790
7932,339992
9918,358806
9666,1062276
8739,831903
10670,81974
5309,11256652
9246,1618783
9247,2265479
9248,2886308
5679,3567902
11012,4031528
2548,517379
4415,386515
1239,459594
5912,567102
5913,595322
2521,393746
11664,521441
5449,1384158
7345,875417
9442,460746
1671,348055
4735,534465
4736,149742
4737,756391
4417,296925
6182,775397
7214,428686
5199,1198595
11060,239204
4418,624567
8749,223078
1672,362837
6030,231653
10561,719276
6658,584571
6657,1408347
6352,1613955
4419,778149
4420,174060
11127,2159555
11128,3104276
2555,391058
9129,10011695
5742,24834241
2557,1033415
11418,772709
8253,2927964
5462,1988887
5776,1988887
7310,470345
8183,7977094
11940,399121
11164,399121
10979,18751847
10980,24138283
3904,15744000
3905,36347120
9345,141103
5647,741801
5648,632950
8224,2600655
1087,376276
8193,501253
1088,259362
1089,259362
5500,491846
8192,345368
5499,491846
8191,345368
11180,209895
8323,373588
10988,30290438
5196,172012
1865,170668
5987,373588
10791,166381
8249,1612611
2573,451531
5313,1791342
9552,919188
8145,216359
4738,121586
4421,366037
1440,145135
10449,35861618
8347,1138235
8348,8751127
8349,8751127
8350,10180812
8351,12176386
9798,1233647
9799,1108670
6311,1380126
6312,1607236
8704,1342499
8705,1342499
6620,292958
6621,1846440
6622,1585734
11644,3132497
5387,798626
5364,819104
7346,560062
8738,341720
5365,793507
9297,338648
11327,950097
10740,1816875
10741,1816875
4598,195817
4599,167660
10056,195817
6299,39990287
8547,1119421
8548,357462
5103,950097
11423,950097
8737,14139396
10046,120946
6212,245923
11468,427342
11469,6720556
11698,503941
11699,956816
6233,413903
5910,1104639
5911,581884
5998,568445
3512,295645
9974,514692
11299,517379
10637,456906
10854,542912
8893,710893
8201,314437416
10728,77701762
10135,79286959
9780,9107572
7444,9326123
11523,7512674
11524,2121927
11010,1490321
11011,4942653
5779,5843027
5798,1617986
7050,1128828
7051,3369013
5092,4882628
5091,1343843
9686,2268406
9395,4724854
9837,25170264
7687,302365
2941,721643
11613,643701
11614,721643
7611,184106
9931,77400674
7253,1083137
6306,146081772
10968,345368
10969,985037
8886,681328
7603,768678
7675,748520
7604,768678
7674,395090
7676,395090
10292,1923615
11866,1012361
4422,340440
5172,326362
7290,462282
6837,302365
6838,401809
6839,533505
6840,628918
7491,17619185
7308,43103200
8210,38254090
9272,10146988
4041,44347754
2028,1343444
4699,521441
4700,569093
5115,630359
5693,687540
6219,441115
2595,5038066
2596,5157668
4701,513273
4702,706601
5847,916266
8579,316123
8582,579772
8580,349399
8581,500421
11040,186858
11041,189418
11449,511940
11042,317403
11684,611448
11682,1089856
11683,1089856
4499,163821
8608,7238185
897,391058
6702,657139
6704,571133
6705,403153
4301,454347
4302,533697
4303,691119
9826,4162216
9827,4162216
11433,4162216
11434,4162216
3919,534849
7744,736426
4025,29625401
5334,14813959
5595,10305698
5610,4637600
5611,12095730
8436,893655
8437,1679803
2768,282207
1453,258018
1454,163949
1455,294302
8992,1181752
4423,575933
1278,260705
8068,314459
1277,260705
10838,626231
10839,313115
1007,813025
1459,503941
1460,302365
1870,682672
8983,13364733
8984,46995888
8985,31900938
10415,37803732
11335,75608610
10090,1963354
6144,1061636
9331,36052162
9871,231141
9913,444812
4424,252130
4425,276448
4427,339160
4428,339160
28,2215996
33,1491665
10955,6829408
10974,1411035
7220,849820
11056,1777904
11167,2257655
8424,467657
11862,309084
1095,940690
1096,2490140
6211,33852747
10934,5438531
10935,6316060
9902,441042377
9903,224585721
9904,716437779
9905,577741643
10425,588731
11470,710893
4501,238052
9929,6853597
2626,6134641
8453,323866
10735,4063780
10352,18998515
10353,18998515
7087,2116552
7088,2150148
8053,166423476
9458,166423476
11887,1416410
11888,248611
11889,929939
10652,36062671
10653,89047223
2634,353431
8675,4462901
10863,4078562
9800,740457
9802,518723
11927,862747
6624,704173
6625,1029383
6860,1466132
6861,2198526
8288,411216
8287,858715
9382,1316966
6283,215015
6995,679984
4165,176024
4773,165727
4772,166708
11502,362837
5241,405840
8748,477384
4429,712876
9927,579772
9907,546944
9716,8474268
9717,16184155
9718,32373583
516,3586850
4502,207336
4504,163821
10869,575165
1028,1988887
5844,4542188
5843,4542188
5842,4542188
3267,4863366
9604,3955058
8989,3955058
5879,467657
6113,598010
11409,3514148
9597,33860031
1037,701486
1039,701486
1038,701486
554,3407985
11376,466313
8862,52580031
11520,52580031
11051,147823
4431,215015
9729,1091712
2645,260705
4505,238052
4508,422351
3950,362837
3593,659827
11610,1478227
9893,149393
9894,163184
9748,26053947
9749,26053947
6847,1523022
6848,1740596
771,1064323
772,1463444
7333,564414
7338,564414
8512,559294
8513,559294
8514,624567
8520,172164216
8521,172164216
8522,172164216
10663,172164216
10664,172164216
10665,172164216
7417,154542
11486,161261
11487,231141
11488,550975
11697,309724
11419,857372
4600,90869
8081,174060
11586,103555986
11587,207092603
3268,546944
10064,28622366
10065,7474948
10062,50900087
10063,17011323
9764,629182630
10951,26083945
10952,26083945
10956,36046335
10957,31085276
10958,16360672
11265,29473181
11264,62161280
10596,177350206
10597,532049516
10033,227939689
10034,59776110
11728,59776110
11729,227939689
9703,378964
9704,616824
9886,5556142
6254,8922845
6776,10840366
6958,20506214
9031,6853730
9032,26599935
6723,5794649
11547,637848621
11549,662450757
10094,138416
7651,451531
11920,464970
8018,12299971
3348,6348312
5090,3791428
7506,2030546
10766,1670844
10767,1670844
10585,1242606
10758,3897143
11526,2533143
4306,424910
2451,408528
4602,170220
4603,222694
5416,1411035
5417,1693242
9064,4484594
9065,4452598
5394,4230416
34,3014239
8457,23344161
8456,40596749
11206,190826
3938,647732
3188,573821
10277,970254
10317,367434289
10318,74698999
2025,752552
8496,752552
6073,3493991
10115,4380927
8181,3785604
9162,5386121
9163,5825557
9164,5825557
6799,9661754
6797,17363826
6798,13877673
6800,25024258
8587,565758
6939,6533762
11751,417935
8374,303708
6120,630262
10586,564414
10587,564414
10588,559294
10589,559294
10590,624567
9070,470345
9071,470345
6238,135027509
11713,469001
5193,5239642
10654,5239642
1732,5239642
6906,2085644
6463,2123271
6464,6111796
10216,7320947
10217,908694
11503,311771
4605,138224
5671,1583046
5285,362150
5286,1027907
4075,1826282
9189,188772
9190,174553
9892,167780
9895,170630
9896,166708
4607,153582
7204,149167
7205,559038
10693,1323685
10694,1323685
11768,431373
10514,784548
10515,470985
10447,1100607
5210,1745203
9505,251299
10266,23911751
11704,57966993
11705,34062918
11837,151692069
11838,299333838
11839,299333838
11680,2687685
11679,4031528
5770,3093525
5771,3237317
11236,3237317
11237,3093525
7991,4777360
7992,4777360
7993,4777360
7871,1884067
8203,3081700
8204,3081700
10624,567102
11881,3850109
11047,3542369
11048,3542369
11865,75619931
8701,75619931
5180,322522
9860,306396
9649,2210621
9650,2413541
9651,4687323
9648,1389533
7525,849308
7177,956816
7526,1327716
7195,786148
7196,1550794
10480,517379
8034,2655433
8035,2370538
7246,225766
8463,636981
7176,588603
8464,1659645
5927,326554
5929,506629
5930,593978
6437,663858
6669,270112
6668,271456
8644,514692
8384,1130172
8385,2147460
8382,258018
8383,490503
8386,2697092
8387,5124071
5093,401809
5094,278175
7025,507972
1478,245923
5061,401809
5057,401809
5060,401809
7753,135545977
7754,216872714
8067,7632790
10044,79305881
7670,2666184
6602,477384
6603,659123
9634,9170015
8561,2933608
8562,5345805
10535,2989214
10536,5975272
10537,11255425
11045,575165
10677,96542598
8641,1534668
6768,435405
8508,399121
11354,435405
10260,106164
9496,599354
1735,106164
1736,106164
9216,329241
6192,3950897
9215,397777
8239,241744958
11428,314843
6473,1407835
6631,28561957
6632,51444782
9993,211296306
9578,1428505
9579,1329060
9581,575165
9582,1698617
9580,1173175
793,338648
806,278175
5331,686704
10641,2598096
10642,2598096
10783,2598096
10784,2598096
8993,4059748
8994,3979118
9851,442124
7897,385683
9494,537537
8499,96642005
9546,2765628
9852,3711693
7612,263393
9901,2955110
7257,584571
9940,463626
5329,671921
10847,614136
10848,8284105
10849,3156820
4166,147095
4167,218681
4169,234862
9376,268908
9377,239275
4774,232134
4775,216046
4776,158587
8991,541863
9397,812795
5942,2528364
6527,1003770
6528,1617711
6526,333012
7155,245923
7156,321178
4714,453067
4715,725675
856,813025
10122,616824
10202,506629
10039,7850907
10074,7850907
10018,15643319
8764,556351
8765,1052229
8766,1050885
9810,985037
10538,595322
10539,1233647
5826,1643519
5827,2284532
7689,1482258
7508,215015
7507,307740
5134,916501
2124,3327354
5264,4992375
11735,5548726
11736,5548726
11737,5548726
10877,1454038
10878,120946
6784,643765
6785,568253
6786,511940
6787,511940
6891,3455595
6892,5793881
7617,508100
7618,433869
10075,508100
10928,508100
10929,508100
10930,5793881
10931,643765
10932,568253
11034,403153
11720,5793881
11721,403153
11722,3455595
11723,511940
11724,511940
6389,1247086
6895,1761778
11555,62230245
11556,62230245
11557,67887540
7268,2060111
5270,752552
5271,1006538
8777,1269931
11052,68908116
11053,72248183
11054,76209421
11055,76719234
10997,30336491
10998,30336491
10999,30336491
11000,30336491
11260,87161381
11261,71647217
11262,75120146
10038,494534
10182,68908116
10183,14449637
10184,15343847
10185,15241884
8719,114787168
8720,114787168
4433,1163768
6887,1336163
11850,3126674
11851,1563977
9855,1975448
4311,1021320
4312,1679803
6285,391634
6286,1039238
7694,2402790
11876,2000981
11019,2402790
11013,2060111
5161,981645
5970,979085
5971,783268
9822,1639488
8481,1243054
8482,2441762
8483,2940327
8809,1350562
8810,2651401
8811,3191626
11158,1336163
11559,401809
11426,1451350
11427,2212861
10148,1285609
10790,1663805
7350,1087873
6919,1663805
9519,1869733
9520,2911659
2708,2660808
11534,602041
7401,1632769
5694,27147388
11568,56572950
7216,1834345
4434,849820
2520,682672
10792,447948
10609,299677
10610,413903
10649,142447
9454,237860
8410,435405
10725,75120146
10726,79238426
10727,87161381
8661,1995158
8662,1995158
8663,1995158
9622,1787950
9623,1787950
2735,3398578
9880,100788
4608,231653
2739,349399
11765,2045328
9412,3308540
11369,13282147
11618,5848403
7698,1374751
8036,369557
9545,3926708
11955,627127
10547,1051052
10580,1015654
11191,2486109
9609,575933
9610,639925
10635,2701123
10636,2701123
5587,1323685
5588,2236154
5863,2412197
3563,1249774
3564,967567
6188,1491665
8312,1975448
8313,2680966
7406,192169
6562,114349296
7068,39016157
6100,1558857
6101,1835305
2904,1135547
11475,447948
1725,223078
3903,1076418
8931,221734
8932,215015
8996,201576
11906,201576
11908,221734
11909,215015
8933,177387
11907,177387
9436,767334
9939,6138673
4313,690263
4316,737914
4317,774674
4319,827771
9051,75019126
9052,58102683
11518,442124
8403,498566
10061,768678
5691,131697
1491,247267
4435,325082
4436,485063
10035,403677371
10036,134559469
803,247267
804,215015
6354,1128828
6355,1114045
6356,1253805
4745,395474
5244,395474
6817,1044358
6818,1044358
7226,1044358
7227,1044358
4645,395474
5475,395474
10943,439436
10944,439436
9286,470345
9287,470345
10945,439436
10946,439436
7174,635638
7173,642357
4174,179456
4778,165727
4777,166708
5363,1038790
5695,388370
7311,857372
7314,857372
11255,911125
11257,857372
11898,141103
8156,408528
1752,886936
1757,1206771
1758,1085825
1759,467657
11204,278175
5376,298333
1858,362837
11399,309724
9426,747176
9221,851100
11157,1063555
2974,141103
3962,423310
8343,716716
8342,831903
9128,12446972
7613,360150
9588,234862
9897,218681
10856,792867
5209,51255093
4516,867738
7793,463050
10925,4146714
6243,802274
6991,850652
6992,850652
10831,1888099
6187,740457
11437,740457
8822,667890
11195,2535831
11196,2535831
11197,2535831
3717,757927
7243,485127
10371,230789350
10372,230789350
6007,3041116
6008,598010
8223,2131334
11213,1270379
11214,3290622
11215,2064142
3345,166636
10207,438093
10810,22183393
11668,11091696
10809,136761210
11669,74718320
5043,146479
5573,80211932
5574,35722424
9394,70042700
7194,724907
1682,349399
3591,700142
3590,1307559
8438,365525
11396,365525
4175,897510
4176,5040303
8758,756160
7614,1403867
9155,589947
9156,649076
11841,589947
11842,649076
9154,854684
10900,1431192
4177,406810
4179,579064
4187,329815
4189,494147
9587,613662
4780,430943
4781,326367
10936,374633
11150,613662
4782,402213
4783,402213
11375,60848734
11377,9838676
2905,319835
9857,1173175
6059,787492
6143,1126140
10977,182343396
9222,654003
9923,439436
7589,895895
4438,225254
9240,159917
11234,342680
11235,380307
10629,15102158
10630,124258444
10631,124258444
8455,739113
1499,760615
6336,314459
5201,438093
5202,307740
6912,15482229
11726,801186
11727,890776
4439,235492
4440,355798
7645,1652926
8743,954128
4442,415951
8844,417231
9495,418511
11472,503941
8710,386515
8397,474824
4517,909973
4519,958608
6351,338648
6457,245923
6988,435405
11609,507972
9341,1130108
9759,2147588
9473,1940253
9758,3687248
9144,522803
7818,567731
7819,324029
10985,17158569
10986,9530364
9201,600250
9284,1404315
9285,1342499
8796,2444450
8797,2444450
8419,849820
8420,1593413
6584,6144048
11581,3527587
9269,1045509
9270,2005013
5612,16864077
7178,13907829
7179,27815659
11066,4859334
6762,233829
4523,145903
4525,296925
9356,41777992
9357,24771315
11905,25830983
10097,5006110
10187,26272722
10189,14194770
6542,12764391
6997,16843941
7198,7624551
11372,7634958
7923,417935
7779,417935
8459,3090838
2217,70859043
11885,639669
6027,335321
6834,419791
9530,239332
9531,534977
5624,349399
3058,481096
3896,357462
3897,374932
9011,266081
9012,244579
9115,198889
11932,560382
11933,689391
11934,689391
4642,355798
10321,668082
6206,1842408
5498,548671
6904,1228042
5497,235534
4610,165101
2855,467657
9884,5784922
9885,2143749
9605,255330
10800,2941671
8063,1553482
8064,1968729
8065,2134022
8066,2582865
7713,421071
9087,3026845
5833,142447
11159,456091
1685,130353
1686,389714
4345,391634
11693,245731
958,162605
4611,6540034
6713,131825
1191,102132
2661,1866597
8402,1624706
11830,5359244
11122,3432174
11123,4333444
10027,1720118
9973,5399559
8745,2015764
2265,760615
2308,998475
2326,1101951
11035,362198
4646,427470
4648,229093
11663,447948
6868,104820
141,145135
5792,1261868
10474,1917663
5979,1648895
10106,1877348
8863,529474
8864,561726
570,618168
3909,826463
6850,697454
8529,28486446
8589,673201
6712,474824
6914,2484765
6915,4970873
11404,1407003
5163,266209
6096,3675409
6402,2839539
3733,8117591
10016,6449100
7021,1028040
10031,77379009
10032,88599923
11832,10530753
8556,1138235
10394,1855846
10395,1546763
3952,11064120
2029,752552
8088,752552
9370,182720
9371,205933
9710,182720
9713,207894
7644,4087969
10164,12924401
7706,212327
9007,5361932
5056,147823
4321,915093
4267,727023
9656,1638144
6374,317403
9462,256674
9463,713580
9464,344024
11229,501253
3715,232485
3714,291614
9797,1187957
3045,658483
3055,658483
8761,1105982
11686,978317
11687,978317
11688,978317
7770,1078281
7771,1078281
7772,1034714
5916,571133
11665,189418
2280,626231
11153,1050885
3969,798242
3970,865435
1689,221734
11798,353431
9875,377620
6293,802274
11854,39601065
11855,39601065
11856,39601065
11857,39601065
11858,39601065
11859,39601065
9645,853340
9646,624887
1855,349399
8412,162605
1854,298333
9367,287582
3881,3717068
5044,998475
9829,464970
7267,413801327
8744,219046
7868,5316241
3632,972942
3633,2289908
3634,3839358
7393,749864
9739,380307
9391,345368
4649,308444
4650,298205
4651,243172
5859,293086
11451,440268
3491,98101
10296,413903
11227,201576
7677,679984
10647,528130
9039,430030
4652,177899
7602,593850
4653,267489
10519,17173671
10520,58035926
10116,13170341
4612,166381
4613,485063
11310,361494
6687,210983
3902,756583
4067,284895
11788,756583
5683,839902
11675,430030
10518,17837565
10226,807679884
8281,51482094
4324,755112
4325,255970
4326,793507
6400,850652
11032,370901
6441,432717
11594,614328
5047,1181238
5811,1371615
3074,369557
9823,255330
10153,518339
1781,1003850
11400,1003850
9600,529474
4446,1023880
9491,2554581
9928,802466
4447,258530
2805,4048997
2813,6072824
9330,826783
4262,422351
3686,694767
6338,716268
6339,716268
10973,529474
5717,4421242
9919,151022
2289,286238
5343,1970969
9181,407184
9691,494534
8578,2460576
8691,469001
9411,188138
7339,5921678
7857,513348
7858,1955291
6360,752552
7839,681328
8957,593978
7966,56925965
9245,2837295
7965,5250393
9450,4427961
9451,7292823
9452,9427593
9453,12394936
6879,754856
6880,335577
7732,321754
11811,637365
11491,364181
11492,550975
11757,545600
11758,287582
9220,257250
6645,13011437
7956,8904323
7957,25175058
6569,1290089
6570,1107326
7597,302365
7666,262049
49,931283
531,1569608
1097,2553301
10778,476104
5319,78439230
1510,1005194
1511,1138235
6181,1721462
11070,1721462
11217,1005194
11218,1138235
11461,5254424
7840,275168
10835,2590928
11931,1295464
9023,822432
9024,431373
11388,431373
11389,822432
10205,5270550
6681,1007882
6682,1290089
7167,388370
10773,38610080
9489,2010388
11925,2010388
11243,4483059
2688,581884
9172,388991058
9173,348420676
9174,272619919
6599,599553
11494,972942
9921,1057604
8421,7018889
11493,17110745
10198,305884
1137,235172
10114,1279338
5213,1896162
11513,1896162
2871,2000981
2014,7582922
2015,14532052
11829,173356
8573,412560
6938,1184117
3755,477064
3754,827807
8526,798242
11817,279519
11956,329241
7710,229797
7711,474376
7712,599354
4327,574653
10221,282207
7455,278175
7980,29783973
2016,4264012
8085,4264012
8111,4264012
2010,666546
2036,475720
2038,571133
2017,3123090
8087,3123090
8113,3123090
5539,100395698
5540,54851623
5541,250990426
9817,80855135
10336,3234181
10337,6075448
10435,1075074
7521,67369332
10645,428491228
2731,448843
9322,50670440
8408,403153
8826,3483240
2936,1052229
8558,43179579
9890,224503943
9891,224503943
9549,547517314
3273,37672334
3272,19540934
3274,67853624
7318,37672334
3279,13247110
3280,26495478
3281,46817511
6539,31425075
7193,35672956
9987,952784
9988,880217
9455,448843
8225,642357
8524,227340482
8525,108775087
3594,602041
4450,601530
4451,317403
3382,366869
11436,366869
11519,80027615
5548,3941938
5549,902294
7680,665522
8830,670577
8831,822432
9541,822432
7363,2329327
7362,1316966
9638,268769
7594,334617
7595,503941
7664,248611
7665,326554
7125,5496316
9515,2598096
9516,1466580
11246,526786
11247,667890
11248,721643
11249,679984
11250,772709
11514,628918
11515,628918
11516,653107
11517,653107
11390,1067011
11391,1067011
11392,1067011
11393,1067011
11394,1037446
9794,920532
9795,888280
9796,710893
9677,524099
11657,1523917
9407,68053864
9408,68053864
8507,18087352
4452,213735
6025,499142
6026,712876
10147,890776
8858,454219
8671,415951
11109,15757784
8425,467657
11328,3839550
7012,550336
9342,317403
5468,866778
3560,1189301
3561,2025171
8839,2238842
8840,2025171
8841,1189301
11307,3670034
3851,2238842
5185,26295375
7032,45388478
5891,2284532
10583,172758585
10827,2241529
9013,1280682
9090,1307559
8958,4018089
8959,2228091
8100,1919007
8962,978317
11930,748520
5312,4345987
5644,2964517
7850,197545
7851,387027
11783,858779
9611,895895
6260,943377
11208,4219665
11209,3735882
11210,1138235
11211,2218684
11212,1343843
11582,942034
8571,1987543
8572,3836670
6883,1537356
11300,1023880
8331,117224380
8332,51234726
8898,201006231
3525,266081
3963,143791
10220,208296
11945,309084
10008,1976792
6237,383955
8329,199657
7922,497862
9196,639925
9419,746153
10252,255970
5381,170668
8783,329241
10659,618168
5171,522179
5173,949649
5267,1091712
5268,966287
5269,1405275
5122,209895
5123,207336
5124,351959
5125,357078
5126,771750
5253,2404838
2909,765990
2910,819744
8446,2383977
11039,2383977
7113,847965
8399,329241
9241,1174518
10174,1170487
10175,920532
11701,834526
9555,579064
2924,223078
9146,454730
9147,622190
1872,1142266
10866,16963499
4453,950929
5791,511940
4658,435149
10540,49829454
10541,34751325
168,236516
6754,163949
7947,2213309
11322,1007882
11748,1659645
11747,2213309
10893,675953
10067,241892
10068,260705
10069,260705
10651,181419
10894,563070
10123,387027
10975,4145754
1523,233829
1525,241892
5071,395090
7303,954128
7847,747176
11522,3405297
8487,3440237
8488,7841801
6383,6562265
6384,4032662
10953,2957797
10954,6199145
6325,2957797
10660,2957797
10661,5915595
1857,362837
10924,1549002
10923,1549002
11710,2432355
7941,1991575
7942,7634958
7943,3988525
8107,1584390
2937,525442
8577,525442
10041,10927526
10042,10927526
10043,10927526
6993,80696540
11439,80696540
6583,12185492
6650,5394128
6651,20406655
6652,48068822
10960,3514148
10959,15665972
4614,190698
4535,95989
4536,85750
11272,168011222
11273,69032469
11271,168011222
9948,159917
9941,438093
9945,137072
9947,575165
9946,210983
8653,342680
10270,284895
7415,524099
11595,278175
9942,448843
9943,252642
8655,291614
10438,604729
8654,315803
1157,228453
7552,436749
10655,16521761
10656,7071670
10657,3563870
7624,1158392
1527,180075
3596,327898
6571,294302
8125,470345
11130,2005013
6149,440780
6150,837214
6151,771366
6152,1381470
8868,260705
7197,503941
7232,739113
7286,428686
7287,2015764
11452,147883080
11453,147883080
11454,147883080
11681,1536012
4537,1873700
4617,66552
10197,3161230
4616,85750
8801,80631
8092,129009
8372,9350840
5905,9633134
5768,8675675
5769,1959322
6636,2215996
9369,5542006
11831,548288
10858,636981
11240,190826
11241,190826
11571,814369
4455,85750
11957,162605
6623,334617
11049,779429
11341,188138
11342,358358
11343,438989
11344,494022
6538,894999
8059,319835
9662,873498
7367,2447137
7368,8500054
7369,17809220
5223,1016841
2350,563070
10001,5718050
10002,4343299
11844,417231
4456,200936
5295,388370
5666,416591
7422,499909
6695,4749139
6257,808993
11462,18197019
11463,15796329
8052,507972
9444,20000292
10990,12185492
10989,35166291
11570,46641484
11009,10554169
10995,41289202
11263,43746515
11222,12759187
11223,24037602
11224,40480209
11007,47161032
4618,80631
8640,2858353
1260,4153817
6253,2791161
6890,4945340
10808,7826190
9191,8550789
10498,2558676
10748,21080096
11495,1478227
794,252642
6470,6523011
4331,255970
7132,5288020
4192,490807
4191,498744
7629,220054714
4457,624567
9205,862747
11233,417935
9315,1447318
11026,11464796
7787,10282281
8906,5955910
9050,278175
11169,326054156
11170,591417874
9110,940690
5049,1189301
7596,846621
4619,207336
9575,207336
3356,740457
6459,694767
10160,27819434
9571,980365
5302,1053317
5345,2111753
6138,913813
6475,8851296
6288,913813
8706,897687
11796,7820986
11579,7378682
4620,113907
10422,1087873
11002,359195954
11003,359195954
11014,359195954
11106,614328
11107,795555
11108,795555
4661,207336
4458,353239
9745,1265772
10357,802466
1167,1382814
3604,3641813
7820,1112702
10870,1350562
11808,1350562
7485,2687685
5537,697454
5538,997131
6164,697454
7514,5228891
7515,3744073
7516,4121565
7518,4706136
8842,77539821
8843,77539821
9499,976973
9500,642357
10373,19351580
1531,592635
6324,869466
6327,1071042
6003,731050
8388,770022
8389,1776560
8390,2534487
8515,814369
8516,1890786
7163,674609
8785,806306
5522,604729
5523,1276650
5524,931283
5802,823775
8873,564414
8874,564414
5368,2015764
10886,3386483
8848,2378601
9004,1206771
9607,231141
3711,407184
4621,284127
8222,219046
7969,1064323
10922,616824
4196,5688441
4197,789487
4198,3023493
4199,2822386
4200,663077
8546,1402972
7798,2051729
8584,857372
9801,857372
5314,6954385
5315,3659283
5316,7342257
5317,3695567
6523,7342257
7223,767910
7609,921492
7224,972686
7225,895895
11386,440780
11387,1733557
7394,1773872
7395,3553120
4831,230373
7510,1264556
9005,526786
9006,526786
8853,272626167
3376,19441512
369,260705
11435,260705
6028,890776
10752,890776
4664,386515
4666,346839
4667,174060
4668,712876
4459,176619
4460,386515
4461,346839
4462,742313
7041,1018633
11173,417231
8883,364181
9615,1023880
9614,998283
9612,700078
9613,793507
9663,594961
9664,1090534
8017,312283
8767,460746
8768,345560
8769,678321
11504,557695
11505,770022
11507,770022
5616,452875
8118,575933
8119,639925
10310,6352343
11308,7415107
10640,25111114
10268,460944204
10303,961233551
5784,881561
5785,718956
7743,1057604
7291,1957979
7292,1957979
9479,223974
9478,222694
10026,296989
3951,1142266
9185,21639503
9184,39022312
9186,77081243
9624,801186
11949,2105353
11948,1479123
8609,913813
4874,126705
4875,159981
164,665202
5385,1890786
5386,1890786
7826,350679
7827,1300328
11155,473545
11156,1689402
10199,405840
10248,399121
6252,302365
2581,321178
3086,469001
3433,208296
3435,182763
3747,302365
1543,286238
968,368213
969,411216
5986,542912
6738,542912
11678,517379
8196,13942481
9805,13942481
8194,25241922
9806,25241922
8195,94286686
9807,94286686
8269,193513
6204,221734
8921,21603638
10592,1503312
10619,637365
10981,2126343
10983,883480
9299,5570227
8272,270112
4622,194537
11110,8003607
4463,204776
7183,5838996
11577,2605711
11578,1593797
10108,847965
6536,1411035
5639,846621
5158,3597914
8952,479752
9358,353431
8847,353431
5087,761511
8544,360150
9437,682672
449,19894577
966,8216459
5195,223078
9017,2127303
8270,391058
7920,542912
7919,841245
4464,374996
10919,1771184
5275,907094
8469,767910
8470,921492
8471,972686
8468,895895
4623,152302
5121,2015764
11033,20481044
4540,177899
4541,148463
6048,54658804
7622,706861
9264,649076
8908,24121923
8909,12929605
10507,24121923
10508,12929605
6962,830495
7852,1071570
11833,6156142
5724,240548
4624,147183
10686,1947228
11077,1759090
11078,2612430
11079,1010570
8242,712237
8243,1569608
8244,1944406
8245,1292776
11403,912469
3757,212327
3758,212327
5081,282847
5082,639925
11059,8455824
11058,1552138
11685,583228
8760,575165
8759,287582
9289,3711565
9114,1425817
3483,216359
7775,472429
7776,752891
10139,1358625
10140,1358625
10141,1358625
10142,1358625
7171,896343
7172,623543
8103,3985837
8104,3985837
8105,3985837
11707,12907489
7909,296989
1497,287582
9767,5214109
5583,890776
6557,1822506
9224,362837
6439,282847
7734,639925
10082,747176
1859,727019
11498,1252461
10330,2036369
10331,3532514
10840,6394003
10841,6394003
10842,6394003
10843,6394003
3426,75106031
10088,15147973
9762,47533131
9763,12049005
9120,2553301
1551,366869
10284,76080435
10285,135758672
10286,271662074
8274,1370719
8275,3090838
7152,296989
6940,1119869
6941,844701
6942,1119869
10010,139504
7907,3928052
7908,3928052
3047,1486290
6320,196201
4028,30111023
11205,537537
8101,2576146
8102,1101951
9859,24943134
11284,91457321
11285,179063666
11286,91457321
11287,52597003
11288,179063666
11289,52597003
7543,456906
322,405840
8169,200233
7265,8386876
9235,831839
9236,831839
9237,831839
10158,510660
10168,481096
8542,44151793
8444,2998113
9368,1534668
11540,3273600
11541,5251736
5958,309084
5040,1224241
5042,600698
10261,4100063
11731,4100063
5336,575933
4336,197097
3414,584571
4466,209895
4467,662962
7535,576508
8433,506629
11894,506629
11200,248280900
6055,105106076
6056,110200672
6057,116241703
6058,127865045
7342,7771552
11624,64236071
11625,76294502
10431,13433051
10432,13433051
10433,13433051
10434,13433051
7855,533505
7856,2116552
7982,2535831
6865,12281758
11716,534977
4029,5939784
10552,1343843
10553,1343843
10554,959888
10555,3199625
7587,31939807
11804,31939807
3340,15886212
11071,15886212
9746,159917
9747,134384
8284,237860
5234,712876
4181,129934
4182,199957
4184,205933
9714,224565
4784,204554
4785,189615
4786,154450
3490,556351
5915,459594
10374,45469094
8261,371157
8262,371157
8263,605369
8264,605369
9008,671921
1553,302365
1554,522755
1555,592635
2650,306396
2669,1377439
4070,306396
4071,498566
9879,1377439
10521,306396
10522,306396
10523,498566
11074,643701
11075,1488977
11076,1105982
885,376276
1557,686704
11602,11708063
11603,45258360
8949,684016
8950,842589
8951,842589
10416,684016
10417,842589
10418,842589
11305,403153
11306,503941
10413,671921
10411,1164664
10412,1164664
9383,74097963
9384,33127823
9385,128843677
9542,1182581
8928,932627
1570,757927
1571,731050
9127,9382061
11845,3633494
796,408528
2973,266081
5353,518723
5354,405840
6513,1254253
7101,2332911
6301,487623
6302,487623
6303,487623
7724,360918
11345,360918
11346,487623
11347,487623
11348,487623
5484,450187
5485,450187
6634,5167074
10899,2822069
11057,2822069
5950,4508592
1765,649076
1766,256674
7384,812705
8462,618168
1204,255330
7767,682094
7768,682094
7769,682094
1498,459594
1503,869466
6054,788836
8869,1295464
9839,896343
9841,710893
3698,584571
9715,205933
9532,341336
11621,59148151
11622,13157756
9659,1066145289
10293,533072645
5283,1019738
5284,1715447
7961,7058661
3265,2988706
10194,1242606
10314,1551690
10315,1432536
10316,1463892
7296,25170264
7294,51723840
9332,618168
4354,401873
8775,2013076
10339,4073187
10682,576508
11799,2306034
96,3796355
3115,2874479
8319,6150767
8320,11256652
8321,3874298
7846,3948209
3116,677297
3117,456906
11008,7590728
845,6992013
870,8264592
867,2385320
868,4309703
869,8264592
850,1038790
5848,37212683
5849,50184393
8854,19709575
9689,1191988
9783,18264981
11532,17079643
3119,370901
1579,178731
3748,162605
3749,210983
5220,842589
11643,842589
7703,290270
9781,237860
10105,1705336
7534,2687685
7910,1695929
8227,939346
8340,1494353
3996,315803
7835,573821
557,2945703
9182,473033
10805,2276469
10804,2830132
10803,3723788
7559,1003402
6220,460938
11125,1580359
11126,2031890
5356,1212146
5357,1725494
10703,1996950
10702,1233647
10706,4744660
6606,1463042
6607,2187461
6608,2624637
4355,520899
5968,714156
7371,689391
8377,1124796
11023,520067
11024,130353
9955,171228
9958,158587
9957,171228
9999,193062
9483,193062
9484,180421
10076,194211
10078,180421
9784,232134
9997,216046
9883,402213
10130,204554
9788,156288
9881,165482
9560,176974
9561,163184
9786,156288
9782,8645754
10092,12969932
9961,1158392
9962,1245742
9963,1019976
9577,12327290
10556,423310
11192,147823
2365,631606
2366,2478046
5806,1333092
5807,665202
5808,2607054
11670,159720381
11671,170735579
11672,174040139
9046,6987981
9387,1427161
9734,3192970
11802,38048630
11575,732394
11576,732394
10948,555007
10949,555007
6344,1251693
6345,1927454
9179,1220209
9180,494534
9320,349399
9725,1706680
7322,212327
10825,13071402
10281,68840586
10282,68840586
7533,120814374
3898,264737
3899,264737
3900,264737
7169,542912
7170,780772
10297,501253
10298,330585
10124,287582
10125,521411
4337,1283690
7228,2742335
1058,1248430
1057,1468820
8407,1248430
4082,1468820
3990,563070
4094,563070
5761,387027
8362,419279
4543,490183
3685,174700
6675,578442
6676,757181
7348,18729193
9766,1408347
11632,1154361
11633,1139578
10501,2178345
10502,2314492
10365,722987
10195,194911251
11112,194911251
6943,935570
9350,935570
8075,3835326
8076,4571752
6830,1424473
11803,774053
4201,959565
4202,742370
4203,258887
4204,5675800
4205,784890
4206,4129004
4207,4143943
4208,3985356
4209,5566628
4211,519736
4212,167780
4215,167780
4217,166708
4219,174553
4221,188772
4223,133856
4224,149393
4225,163184
4857,5779226
9374,209151
9375,222941
9380,349596
9556,182720
9557,182720
9709,181908
9774,176974
9775,161805
4787,161314
4788,149393
4789,148566
4795,156288
4796,165482
4792,176974
4793,163184
4794,156288
11414,1182581
11415,1419098
11416,567102
1589,263393
3077,1048197
7585,1764465
11484,971598
11485,971598
10836,952784
10837,952784
10073,636981
11298,946065
5289,357462
5672,616824
7180,319835
11676,272800
11849,243172
437,421967
441,718956
442,1444631
439,313115
9954,186167
9956,186167
9959,205703
9998,221792
9562,236731
9563,211449
10077,222941
10131,158587
9585,264311
9584,236731
9785,603320
11853,162541
11301,211175
11425,232134
11424,293041
10129,221792
9789,180421
9882,180421
9564,218344
9565,203405
9787,179272
11954,276448
7148,48383450
7149,57492826
6197,787492
8165,974286
9409,2154180
9410,1053573
9544,588603
10132,357462
10177,288926
11769,37104745
11770,66794551
11771,122249599
7544,278175
6401,2564051
11864,2564051
5233,712876
6814,705517
1849,260705
3682,438093
9300,21370813
5914,330585
4547,207336
8543,5736866
11067,3332393
4357,474824
8010,474824
5630,3000800
2370,3179531
7875,854684
10524,26418709
11709,66978978
4017,212274841
4018,212274841
9100,240979
9101,1304284
9396,1176306
10678,1081345
10679,1355489
10680,1420889
3792,8449319
3793,6598267
5860,9129688
5861,7206963
4338,1695801
4339,725419
4340,891799
4674,207336
4675,207336
4676,207336
7323,143682251
8788,143682251
9150,214532009
5546,2636619
5547,733354
4227,188772
4229,203481
11650,264311
10771,203405
11151,264311
4231,203481
11641,651764
10844,96757
10324,14719570
10325,27359527
10007,248392730
11331,593850
11960,15757784
10754,1536012
3354,213671
5486,362837
5487,362837
7349,6857456
8214,1305447
9553,1473590
9554,7382584
9699,14284125
3161,636981
5962,3524899
5963,755239
4628,152302
8659,110067
8658,127985
4629,200936
4630,117746
4631,202216
4632,151022
3504,1400284
2771,434061
10559,7975793
10560,11286573
11944,1088512
10530,935570
10708,39129334
10709,143394865
3166,458250
7037,517379
7038,517379
11732,7675286
10851,544586
4551,179179
4548,179179
4549,179179
10485,9371654
1122,1067011
1123,2053391
8877,1067011
8878,2053391
1062,581884
1124,1166455
8879,581884
8880,1166455
7502,26568472
3651,440780
4061,36957499
10486,55598764
10487,101874321
10488,203749677
1595,3378420
5984,3378420
5250,1689210
4552,568253
11749,38316693
11750,57429464
7984,1142266
6002,4675228
8680,3156820
10462,3156820
10463,3052874
10464,3052874
10469,3156820
6763,419279
7063,387027
7065,544256
8176,1439255
7117,7004024
7118,12679940
7119,67507154
9329,1857190
10600,1397596
11566,1766193
11567,1032839
9994,13621308
11290,1583046
11291,607417
4554,94709
7824,2436386
8836,603192941
10626,1204227927
8944,85080792
6029,683440
4677,1032839
7600,1574216
10188,275680
9831,401512167
9832,133836699
1602,1464788
10380,1464788
10450,497222
11207,858715
11242,415247
9072,615480
3196,600698
8031,1662333
4710,565694
10576,688559
10577,880537
10578,1055876
10579,1055876
4718,688559
4719,880537
4720,1055876
10564,82247256
10565,98617813
3203,714924
5709,1331748
10278,2422948
10279,3797532
5120,362047999
6207,284314596
10875,1150329
10876,1988887
11560,1389533
7233,787492
1779,24150868
1780,6574078
11068,6574078
11069,24150868
11793,783460
9982,1306215
3247,189482
8901,375054619
10381,375054619
11181,67784092
9583,24856894
10262,5012533
10263,1022664
6953,456906
7986,428686
7985,1157048
7344,17454739
5077,659123
5078,865179
5812,954768
8713,1612611
8714,7731224
8715,18516505
9053,1153017
9054,1153017
9055,5590385
9056,13397927
11605,4511279
11606,1153017
11607,920532
11608,12058004
4633,70392
9821,9747613
10100,9747613
10591,7129777
11443,291614
11441,393746
11442,279519
3212,460938
3213,456906
3530,536193
5293,3753352
10785,98197306
4361,725675
4362,499142
6385,355798
11044,49451224
11431,23076914
9769,348055
542,456906
8982,2800535
7283,3077399
4560,3906998
4562,1247086
4635,71672
4634,107507
7284,796899
7158,168940
5733,1628737
11588,27387764
7404,27387764
4636,156142
4638,156142
4563,312283
3528,8446717
7691,764646
9917,19967730
8285,65558997
8903,233829
8904,326554
6825,405840
7777,618105
5625,384339
8082,18279605
9507,24369850
9508,13394024
9506,53437592
8304,54508037
11309,322522
10801,280863
7662,258018
4565,579772
4566,1002123
6955,589947
11466,532162
11467,698798
10456,1914976
10509,3471145
10455,858715
6272,2559700
6359,7039175
5177,671921
6271,1407835
3514,216359
11334,615480
11919,7253796
7010,522755
7011,1032071
7330,518339
7331,716716
11228,2311409
3895,1128828
3894,1128828
5989,2363819
7116,767910
7115,972686
8307,1164664
3712,604729
11695,300765
8413,4559658
10011,905375
10012,1449961
6130,1127484
6131,1127484
6132,2412197
8144,228453
5492,79583961
5493,79583961
11193,79583961
11194,79583961
6922,559038
10713,47747570
10714,47747570
3411,2592272
3412,8282804
6755,3213127
10019,318491
10912,256674
572,169324
9698,205608
7918,349399
8011,243235
8013,388370
7949,356118
7950,474376
7951,236516
4639,99828
8095,267425
8094,459594
11584,52047114
57,490503
530,866778
11738,807649
9724,806306
3263,438093
10366,435405
11092,564414
11093,849308
10211,28550630
10212,75295202
9204,596666
9550,190195151
10625,190195151
11882,9569390
7239,6857628
4367,564414
4368,623287
4369,682160
8894,31877414
8895,37073655
8896,45633744
8897,68449412
7077,745833
1617,438093
1618,356118
5716,4542188
11482,54863315
11483,84793962
5712,399121
10829,579196
4263,524739
4264,255970
4265,447948
4266,575933
5576,2189823
5577,2243577
4564,386515
11114,6212584
8721,1029383
8722,1236335
8723,1596485
10329,2495068
8975,608761
8976,646388
11478,580540
8130,968910
8132,1237679
8133,1315622
10883,263393
10884,509316
10885,689391
9167,68951674
5490,1148985
7678,2027858
11938,2027858
7959,200233
8083,10165201
8084,10165201
10918,10165201
10987,10165201
9930,19413480
10673,31060158
10674,69145321
4242,633082
4243,716716
8509,1263212
8510,899031
10439,421967
3774,345368
3775,345368
4370,296925
6835,154862
11179,1460309
11178,1372511
11420,632950
6461,2405475
6462,2261687
11239,25356524
10824,94053869
6394,190826
6395,235172
6396,239204
5240,427342
4245,409552
10950,4020777
10497,1118077
7755,1369376
9433,3566558
9445,510660
10731,126830594
11950,499142
11951,499142
7750,895895
8773,5916747
4640,222694
7989,4031528
9422,1703992
9423,3119058
169,381651
3915,513348
8477,536193
5567,3598810
10546,149742
6575,1174518
7047,802274
7486,850652
7487,850652
11129,2539862
8333,685360
11658,452875
7488,854684
9777,1419098
10402,275097581
10403,275097581
10404,275097581
10405,275097581
10406,275097581
10407,275097581
10408,275097581
10409,613462617
10658,275097581
10143,1351906
10333,1334884
10334,1334884
9036,1334884
9037,1334884
4246,1094272
9133,1630081
6269,1628737
518,2632587
1271,2689029
92,2823413
8443,302365
117,525442
5593,587259
6739,587259
8226,587259
8616,525442
8929,525442
7591,392402
11792,225766
11847,2150148
11708,54991170
6757,2254968
9819,49858549
11537,806306
11538,1209458
8763,753896
9010,2889261
5291,4318214
7120,945809
11604,63612039
9069,41945876
11464,200233
8159,253986
11814,479944
11815,560574
8618,387027
8619,473033
9217,1169143
9218,4481715
7934,634294
7935,592635
11569,1276650
7250,998475
1630,1009226
6322,998475
5366,805988
6726,239204
10683,10706993
9073,2539862
11168,3104276
31,3473833
8947,4102751
11063,2879854
11064,1343843
11065,1343843
9353,21464912
4371,284127
4372,284127
4373,284127
4567,103668
4568,103668
4641,78071
4721,1334884
5476,840861
4722,944529
3838,1053573
9809,970254
11304,6988413
7237,147763999
7238,40364800
9498,23616000
10819,16531112
9327,24583804
9152,31367183
9153,12966030
9175,707858935
9176,190943809
10593,1075074
10594,987724
11097,538881
11098,584571
5089,944529
8827,1416794
5248,383955
8829,575933
5088,895895
8828,1343843
10178,3594779
5878,976973
9608,588603
603,403153
9842,260705
2332,454219
10607,1023880
4569,148463
9406,106164
9873,129009
9874,196201
7558,861403
176,529474
4374,1204339
5969,921492
6387,371157
9674,76122299
9675,76122299
9676,76122299
3980,1619330
3981,1619330
9318,4491122
490,2792505
11600,51904550
10525,9834773
11637,2089675
11638,2089675
4048,3417391
9474,3589851
9475,4321797
7343,3573725
8530,1181238
11477,15158791
7320,346711
9723,670577
10608,332761
7536,330585
9126,217702
11848,665202
11043,806306
11430,1029383
11429,1029383
7469,1024008
7470,7835296
7471,11754896
7708,2111177
7472,13357859
7707,13225715
4513,568253
7890,668082
7891,1338467
7972,526786
7889,526786
10349,1177206
10350,1177206
11338,1196020
11339,1196020
11336,1196020
11337,1196020
11340,1881380
7893,668082
7894,671921
7895,1411419
7896,1445975
7892,547520
11161,3304509
11525,3112339
10757,2998113
9933,15716313
9151,584571
7057,804962
4682,1371615
10910,47909207
6664,4980280
6832,2448481
9606,498566
11818,946065
9262,2500891
7385,447500
8656,791523
10351,22191783
10218,895895
8695,1721398
9259,624567
9340,2559700
11176,767910
11759,767910
11174,735914
11175,735914
7408,971598
7409,1103295
7410,1186613
7762,1523917
7763,1523917
7764,1482258
7765,1523917
7766,1523917
6689,1100607
9223,849820
11476,422351
3484,172012
3486,239204
10200,1169143
10201,717612
11648,165293
11649,545600
2662,987724
9733,247267
11497,259362
10902,858779
10984,578492
11082,304604
11154,304604
11574,1490321
8531,335961
8532,90037
11292,7052485
11293,15808184
11294,38058481
9934,811924785
8610,345368
8791,39167888
8792,78334380
6576,753896
6577,954128
6578,1032071
6764,954128
6765,1032071
6766,753896
7411,933971
7412,933971
7413,900374
7414,900374
6406,546944
11877,3682128
11878,2832820
11879,1983512
10227,784020041
10832,1948572
4235,2706319
4237,2032899
4238,4365735
11412,1339811
11413,1103295
5725,157230
8315,32399164
5696,1307559
5697,731050
6122,700142
579,510660
1292,704173
7647,2123271
7648,2418917
10430,1746995
9727,347644061
9728,347644061
8793,477064
5543,1588892
6773,4440862
6775,4440862
7870,4045168
3110,1061636
11910,1308903
11911,686704
11912,1350562
10359,952208
10360,952208
10361,606649
11893,80685473
8892,80684341
11510,17946398
7539,335961
9449,4036903
8673,11920109
8674,20517541
9731,33545669
9337,3867041
9339,3006579
9732,413903
5194,47929865
10817,37110724
3961,678640
7960,253373803
9165,13503847
9843,667890
1194,499909
8850,23067288
8833,572477
6781,830623
6782,997259
11564,10860623
11565,7236698
11725,830623
544,616824
6284,1193332
8428,3417391
7938,332262937
10715,97129719
10862,3104276
11471,1116733
4250,199657
4251,517059
4252,966287
4253,1002123
7913,404497
8502,446156
11572,1988887
11573,2426980
7586,35658713
7638,63807499
11806,35658713
11807,63807499
5729,2548821
5730,2280949
11823,4098720
11824,6144048
11825,4098720
11826,4135003
6305,13870074
10777,13870074
11601,12071013
9603,101659975
10119,11123961
6258,833182
6358,1544075
6951,142041587
5252,944529
6434,169324
9667,1412378
9668,1678459
8912,86300596
7615,840861
8774,5875791
9669,1066115
10128,6911190
11789,3303165
11352,663858
11349,295645
11350,592635
11351,636981
1548,178731
6014,244579
5617,360150
4258,409552
10096,47129773
10448,38861019
2334,155886
808,360150
2349,599354
10071,44995862
11834,349399
5944,838053
11689,1033757
5382,698798
11561,409552
6222,575933
6223,575933
6224,559294
6225,559294
10249,49965229
10287,17173671
6721,2203902
6722,3225222
7436,485127
6947,591291
7136,489159
6727,881817
6728,976526
6729,1435992
8918,5555009
9116,6600707
9117,8558738
1646,8820074
5613,35121328
9279,1186165
9280,2106249
8925,6368470
8478,4499185
8527,7028741
8015,9098466
11421,228453
7728,1726838
9271,921876
10319,596666
11615,596666
5206,360150
5207,258018
3999,13697658
5614,1944092
511,487815
688,2146116
10920,10967854
11448,2467295
11447,2578386
11446,2039953
9040,302365
9041,278175
11188,2138053
11189,2482077
11190,2482077
5274,1197364
5335,1468820
11915,1197364
11916,1468820
6294,5214109
6295,2607054
11913,2607054
11914,5214109
8633,170668
8634,593978
8635,278175
6934,831391
6935,2564819
9365,65913401
10029,16463240
10030,27724196
6844,35584461
6460,4414523
11696,255970
11661,383955
11324,162541
11662,330201
11323,191978
11660,276448