MoPHCode	GTIN
49	9008732000191
52	9008732000160
53	9008732000115
54	9008732000092
55	9008732000177
57	9008732000214
92	4032717998093
96	4032717999380
103	5415062008102
138	6285074002417
141	6285074002462
168	13583313279065
169	13583313110016
170	13583313228575
196	3585554170746
197	3585554166015
253	4104480700521
259	3400931922827
272	3400956390205
274	3400936830929
275	3400937064330
276	3400937064798
285	3400956654543
291	3400936693821
292	3400936694132
321	366582506263
322	366582506270
363	5016007202700
369	5016007202298
411	5415062008034
412	5415062305645
416	5415062309445
417	5415062008270
437	5415062322215
439	5415062342503
441	5415062342732
442	5415062342756
449	5415062318751
465	8435232336801
480	8430308630005
481	8430308180005
482	8430308032205
484	8430308004806
490	8020030091122
508	6291107431901
511	6291107432199
513	85412574592
516	85412574813
518	85412586441
519	6291107433608
521	4054839458804
522	4054839458811
528	9008732000139
529	9008732000108
530	9008732000245
531	9008732000207
542	6285074002707
544	6285074002448
550	4014852101811
554	8033661802630
557	33760140705835
570	NULL
571	8430308690009
572	8435232356014
573	4054839641381
579	5415062305577
585	6291107431116
603	NULL
611	6291107433011
612	NULL
618	6291107438320
624	6291107433240
637	6291107432168
638	6291107431987
688	6291107439112
730	6291107431475
731	NULL
733	NULL
753	6251106401633
754	6251106401640
755	6251106401701
759	6251106700309
760	6251106400612
761	6251106400636
765	7612291012452
767	7612291542164
771	7612291028163
772	7612291037127
786	6281086011225
790	6281086010778
792	6281086010754
793	6281086011508
794	6281086011232
796	6281086010457
797	6281086010129
798	6281086010228
803	6281086010648
804	6281086010624
806	6281086011751
808	6281086011638
845	7612797154595
850	7612791387470
856	7612797257159
867	7612797472385
868	7612797472446
869	7612797472415
870	7612791387449
885	7612797182789
889	7612797284575
890	7612797394373
893	5298001540051
897	5290665002968
899	5290665010581
958	26285111000141
966	15012727913596
968	7796285250843
969	7796285250850
974	771313231640
975	771313231688
978	771313060387
983	771313001458
988	771313003810
1001	771313007399
1002	771313007450
1007	7640135180265
1008	7640129620005
1009	7640129620036
1025	7640129621705
1028	300020427550
1037	300020099559
1038	300020097555
1039	300020098552
1057	366582506416
1058	366582506409
1062	6251065019856
1068	5702191014570
1087	5702191009958
1088	5702191009972
1089	5702191009965
1095	7795355998333
1096	7795355998340
1097	7795355998357
1104	6251065033005
1105	6251065015391
1106	6251065015377
1121	7640114724459
1122	6251065019863
1123	6251065019900
1124	6251065019849
1129	6251065028919
1130	6251065028926
1131	6251065011782
1132	6251065011775
1137	6251065010570
1139	6251065012994
1161	3582910052647
1162	3582910052654
1163	5013721977204
1167	4046222740115
1169	4046222111724
1177	8025153000426
1179	8025153000402
1191	4030539134774
1193	4030539074261
1194	4031626710390
1204	4036906120302
1210	3582910080565
1211	3582910080558
1239	8025153000457
1240	8025153000440
1241	5702150149855
1248	5702150150028
1253	5702150149916
1255	5702150150011
1256	5702150149893
1260	7640128549994
1263	7640107470141
1271	7640107470998
1277	NULL
1278	NULL
1290	5415062007907
1292	5415062008690
1301	5415062305638
1302	5415062008324
1309	4054839490743
1310	4054839490750
1311	4054839490767
1312	4054839490774
1337	6291100083640
1338	6291100083633
1340	6251159024605
1341	6291100084340
1350	6291100082407
1351	6291100080601
1352	6291100082278
1356	5000456029353
1362	6291100082612
1363	6291100082506
1369	4008500024454
1381	6251159026937
1382	6251159026944
1383	6291100081073
1384	6291100083879
1385	4008500024393
1394	6291100084296
1395	6291100081769
1402	6291100083657
1403	6291100083046
1415	58738193846
1416	58738193730
1433	6291100081875
1434	6291100081882
1440	6291100081189
1453	58738325438
1454	58738325551
1455	58738325612
1459	6291100080083
1460	6291100080090
1475	6291100081691
1478	6291100081707
1491	6291100081936
1494	7613326014373
1497	6285147003730
1498	6285147004041
1499	6291100082711
1503	6285147004034
1510	5000456024792
1511	5000456024815
1523	58738666715
1525	58738666449
1527	6291100080434
1531	10677683001333
1542	6291100082704
1543	6291100084166
1548	6285147005680
1551	4008500024409
1552	6291100082681
1553	6291100080175
1554	6291100081301
1555	6291100083237
1556	6291100083992
1557	6291100084005
1570	7613326016117
1571	7613326016100
1575	5415062326442
1579	6291100087969
1580	5000456022545
1581	5000456022576
1589	6291100081028
1595	7321839712005
1602	7640128013723
1617	6291100080311
1618	6291100080328
1630	6291100085491
1636	7321839711084
1641	5000456022897
1642	5000456022293
1643	5000456022347
1644	5000456022415
1646	5000456055284
1651	7680667190011
1652	7680667190028
1655	NULL
1658	6251148010114
1659	6251148010169
1660	6221032310002
1662	6221032115591
1664	7680432260109
1665	7680426880207
1668	6221032131577
1671	6221032131522
1672	NULL
1682	6251148010664
1685	7680402150690
1686	7680402150508
1689	6251148140415
1709	6291100080557
1711	5000456022798
1712	5000456022811
1713	5000456022828
1720	6251600000097
1721	6251600000103
1722	6251600000110
1725	6251600000677
1726	6251160060050
1727	6251160040052
1728	6251160040298
1731	NULL
1732	NULL
1735	6221075016367
1736	6221075031889
1746	3582910077213
1747	3582910077220
1752	3664798006193
1757	3582910077466
1758	3582910077459
1759	3582910077435
1765	3582910070269
1766	3582910076780
1770	3582910076070
1772	3582910076094
1779	3582910080534
1780	3582910080541
1781	3664798024517
1800	NULL
1801	NULL
1808	6251107021014
1809	6251107022011
1811	6251107032010
1812	6251107130013
1819	6251107013026
1820	6251107092014
1822	6251107016010
1823	6251107014016
1832	6251107124012
1835	6251154160018
1840	NULL
1842	6223000010938
1847	6223000011942
1848	6223000011935
1849	6223000010280
1852	6223000012093
1854	5290931028364
1855	NULL
1857	6251154118026
1858	6251154069014
1859	6251154113014
1860	6251154047012
1861	6251154048019
1862	6251154027014
1864	6251154040013
1865	6251154053013
1869	5413868112030
1870	3573994003533
1872	3573994003540
1877	3582910090342
1878	4048846004604
1879	4048846002983
2010	5712249104078
2012	5712249104009
2014	5712249103941
2015	5712249103958
2016	5712249104245
2017	5712249103781
2018	5712249104146
2019	5712249104160
2023	5712249104153
2025	5712249104177
2028	5712249103798
2029	5712249104191
2036	5712249104054
2038	5712249104061
2041	5712249104030
2043	5712249104016
2045	5712249104023
2097	NULL
2107	NULL
2124	3582910013211
2127	NULL
2137	NULL
2139	NULL
2140	NULL
2156	3582910029311
2157	3582910029205
2177	NULL
2179	NULL
2198	6285074002530
2199	6285074002547
2217	4048846000552
2222	3400932636228
2224	4048846015761
2226	4048846000286
2227	4048846010872
2241	9003533000975
2248	NULL
2249	NULL
2250	NULL
2251	3400932731299
2263	NULL
2265	4048846000576
2266	NULL
2271	NULL
2272	NULL
2277	3400930200490
2279	NULL
2280	NULL
2282	NULL
2283	NULL
2285	NULL
2288	3400932717804
2289	3400932765768
2293	6285074002127
2295	6285074002141
2308	4048846000590
2322	6285074002158
2326	4048846000675
2332	5205411000501
2334	5205411000563
2349	5600360010197
2350	5600360011132
2361	3594456400837
2365	4048846000484
2366	4048846000583
2370	4048846000668
2417	50085412559297
2418	50085412559327
2419	50085412559303
2420	50085412559389
2421	50085412599965
2423	50085412559273
2426	50085412587788
2427	NULL
2429	5415062341285
2451	6297000720142
2465	890111703115
2473	NULL
2479	9003533000258
2480	9003533000234
2481	3400934312786
2491	NULL
2492	NULL
2497	NULL
2503	3400934549779
2504	NULL
2511	9003533000494
2512	NULL
2520	3400934739866
2521	3400930631072
2543	3400931605089
2548	3594455200513
2555	3582186007624
2557	3582186007631
2573	NULL
2576	6433042021344
2579	3582910078432
2581	3582910080213
2595	NULL
2596	NULL
2610	NULL
2626	NULL
2634	NULL
2638	4260161040192
2639	4260161040185
2640	NULL
2645	3664798001044
2650	5413868111156
2661	NULL
2662	NULL
2669	5413868111804
2688	6285074002592
2695	3582910062400
2708	6285074002769
2714	NULL
2731	8433042002770
2735	4251549400424
2736	NULL
2739	8023824000549
2747	6291107933085
2748	6291107933054
2753	6291107933108
2755	3592610000756
2767	3592610000817
2768	3592610000824
2771	NULL
2793	NULL
2803	3573994003212
2805	3573994003229
2806	3582186003213
2810	3582186002544
2811	3582186002582
2813	3573994003236
2815	3573994001898
2855	3760287080696
2869	366582507529
2871	NULL
2886	8433042002305
2904	366582506782
2905	366582508137
2909	3582910026204
2910	3582910026181
2924	6291107932927
2936	366582504917
2937	NULL
2938	366582507390
2941	NULL
2942	NULL
2974	NULL
2975	3664798006117
2976	3664798006261
2977	3664798019735
2979	3664798019742
2980	3664798019889
2985	3664798019650
2986	3582910076407
2987	3664798021899
3045	3582910083191
3047	366582506829
3054	NULL
3055	3582910083160
3058	3760001040432
3059	3582910081906
3074	5413895044151
3077	3582910080008
3086	3582910080237
3094	3582910083115
3110	3582910077077
3115	4032717998475
3116	4032717995771
3117	NULL
3119	NULL
3161	8023824000553
3166	NULL
3168	8002660027405
3172	8002660030214
3180	8002660030467
3188	8002660026224
3195	3582186006436
3196	3582186007617
3203	3582910016021
3206	8002660025531
3212	NULL
3213	NULL
3247	NULL
3263	NULL
3265	3400933780418
3267	6285117019563
3268	8024790123475
3272	6285117019617
3273	6285117019594
3274	6285117019600
3279	6285117019518
3280	6285117019525
3281	6285117019532
3340	3582910080718
3345	3582910082705
3348	NULL
3351	55413760314247
3353	55413760314278
3354	NULL
3355	NULL
3356	NULL
3358	9003533000104
3367	5407005590645
3371	6291100080038
3376	10304091638027
3382	5016007202311
3404	NULL
3411	7640128548546
3412	7640128548539
3413	NULL
3414	3400933185015
3415	3499320010672
3426	4054839458842
3427	3614250000320
3434	6291100080045
3435	6291100080137
3436	6291100080052
3444	7640135180289
3447	4054839458828
3464	6251106401114
3483	6251148030143
3484	NULL
3485	NULL
3486	6251106210419
3487	3368516751237
3488	368516751053
3489	368516751220
3490	7791848917003
3491	6291100084715
3495	625720000910
3504	3400937173070
3512	5000158060630
3514	NULL
3525	6285128003193
3526	6285128010726
3528	NULL
3530	8437018883011
3531	5415062341261
3532	NULL
3546	NULL
3559	6285128010702
3560	6251065019917
3561	6251065019924
3563	7795347936398
3564	7795347936381
3570	771313243391
3571	771313139489
3576	NULL
3577	9003533001231
3579	771313139472
3588	5415062310724
3590	6251148010633
3591	6251148010671
3592	6251148130225
3593	6251148140125
3594	6251148030716
3596	6251148120776
3597	NULL
3598	55413760481505
3599	55413760475221
3600	55413760471209
3603	7640107470158
3604	313533004262
3626	3582186007303
3632	NULL
3633	NULL
3634	NULL
3635	NULL
3651	3582910026068
3660	8411561010001
3677	8056446340530
3678	8056446340523
3679	8056446340516
3682	8059591081167
3683	8059591081082
3684	4013054003077
3685	4013054003060
3686	4013054000274
3692	8051013310084
3694	3499320010412
3695	3499320010429
3698	3499320010511
3711	3614250000313
3712	3614250000146
3714	8051013310077
3715	8051013310091
3717	8051013310107
3733	10300650023150
3740	6291100080069
3747	6291100082698
3748	6291100080953
3749	6291100081080
3754	8020030053410
3755	8020030053427
3757	7791848909107
3758	7791848909206
3774	7640184360038
3775	7640184360045
3777	6251106400629
3780	8435214414800
3781	8436029300555
3792	3760242570354
3793	3760242570361
3819	771313001366
3820	771313001397
3822	771313002707
3838	3594455800546
3847	NULL
3851	6251065019931
3853	6251106200212
3854	6251106200281
3881	5290931028395
3885	5290931028234
3894	6251154139014
3895	6251154138017
3896	NULL
3897	NULL
3898	8435232336757
3899	8435232336498
3900	8435232336474
3902	3592610000886
3903	3499320010795
3904	7612291069975
3905	7612291069982
3906	7613326015271
3907	7613326015851
3909	NULL
3915	13583313110023
3919	6291100081639
3920	366582507376
3922	NULL
3938	8033219750369
3939	18907695035258
3940	18907730009275
3943	NULL
3944	NULL
3949	5407005590720
3950	NULL
3951	NULL
3952	9003533000654
3956	6251160020160
3959	6285128010924
3960	6285128010900
3961	6285128010825
3962	6285128010849
3963	6285128010801
3969	7791848925404
3970	7791848925503
3974	NULL
3976	3592610000770
3977	3592610000787
3978	3592610000794
3979	5712249104214
3980	8718692510173
3981	8718692510180
3987	6251106400605
3990	7730900994170
3992	4008500024348
3993	6285147000920
3996	7730900994156
3999	7612797372531
4015	300031612129
4016	300031611122
4017	300030524119
4018	300030528117
4019	300030527110
4021	3400956512805
4022	3400956513116
4025	4054839458767
4028	5413868111149
4029	NULL
4041	7612797480939
4048	3400956450787
4061	8054083012391
4067	3592619000177
4070	5413868111163
4071	5413868111187
4075	5407005590782
4078	8435232336535
4079	8435232336511
4082	366582506447
4083	300020111558
4094	7730900994194
4095	9120039163024
4097	9120039163031
4098	5016007202229
4100	5016007202281
4103	5283001010758
4104	5283001010635
4105	NULL
4106	NULL
4107	NULL
4108	NULL
4109	NULL
4110	5283001010703
4111	5283001011113
4112	NULL
4113	NULL
4114	NULL
4115	NULL
4117	NULL
4119	NULL
4122	NULL
4124	NULL
4126	NULL
4128	NULL
4130	NULL
4133	NULL
4134	NULL
4136	NULL
4138	NULL
4142	NULL
4144	NULL
4147	NULL
4149	NULL
4151	NULL
4153	NULL
4155	NULL
4157	NULL
4159	NULL
4163	NULL
4165	NULL
4166	NULL
4167	NULL
4169	NULL
4174	NULL
4175	5283001010796
4176	5283001010802
4177	NULL
4179	NULL
4181	NULL
4182	NULL
4184	NULL
4187	NULL
4189	NULL
4191	NULL
4192	NULL
4196	5283001010741
4197	5283001010789
4198	5283001010987
4199	5283001010611
4200	5283001010628
4201	5283001010697
4202	5283001010734
4203	NULL
4204	5283001010598
4205	5283001010604
4206	5283001010581
4207	5283001010673
4208	5283001010680
4209	5283001010710
4211	NULL
4212	NULL
4214	5283001010826
4215	NULL
4217	NULL
4219	NULL
4221	NULL
4223	NULL
4224	NULL
4225	NULL
4227	NULL
4229	NULL
4231	NULL
4235	5283001010765
4236	5283001010666
4237	5283001010642
4238	5283001010772
4239	15285003470070
4242	15285003470841
4243	15285003470858
4245	15285003470865
4246	15285003470872
4249	15285003470124
4250	15285003470889
4251	15285003470896
4252	15285003470902
4253	15285003470919
4258	15285003470940
4260	15285003470131
4262	15285003470629
4263	15285003470766
4264	15285003470773
4265	15285003470780
4266	15285003470797
4267	15285003470582
4268	15285003470148
4269	15285003470155
4270	15285003470162
4272	15285003470186
4275	15285003470209
4276	15285003470216
4278	15285003470223
4285	15285003470247
4286	15285003470254
4287	15285003470261
4288	15285003470278
4289	15285003470285
4290	15285003470018
4291	15285003470308
4292	15285003470292
4293	15285003470315
4294	15285003470322
4295	15285003470339
4301	15285003470414
4302	15285003470421
4303	15285003470438
4304	15285003470049
4306	15285003470445
4311	15285003470476
4312	15285003470483
4313	15285003470520
4314	15285003470056
4316	15285003470537
4317	15285003470544
4319	15285003470551
4321	15285003470575
4324	15285003470599
4325	15285003470605
4326	15285003470612
4327	15285003470636
4331	15285003470650
4332	15285003470063
4336	15285003470667
4337	15285003470735
4338	NULL
4339	15285003470742
4340	15285003470759
4345	5281058108015
4350	5281058101023
4351	5281058101016
4354	5283026901314
4355	5283026901338
4357	5283026901369
4361	5283026901390
4362	5283026901413
4364	5283026900096
4367	5283026901468
4368	5283026901475
4369	5283026901482
4370	5283026901499
4371	5283026901512
4372	5283026901529
4373	5283026901536
4374	5283026901543
4376	5283026900119
4377	5283026901581
4378	5283026900133
4379	5283026900140
4380	5283026900157
4387	5283026900171
4388	5283026900188
4389	5283026900195
4390	5283026900201
4392	5283026900249
4393	5283026900256
4395	5283026900270
4396	5283026900270
4397	5283026900300
4398	5283026900386
4399	5283026900393
4400	5283026900430
4401	5283026900454
4402	5283026900461
4404	5283026900508
4405	5283026900034
4406	5283026900515
4411	5283026900577
4413	5283026900539
4414	5283026900522
4415	5283026900553
4416	5283026900089
4417	5283026900560
4418	5283026900584
4419	5283026900591
4420	5283026900591
4421	5283026900614
4422	5283026900621
4423	5283026900638
4424	5283026900645
4425	5283026900652
4427	5283026900669
4428	5283026900676
4429	5283026901697
4431	5283026900713
4433	5283026900720
4434	5283026900775
4435	5283026900805
4436	5283026900812
4438	5283026900843
4439	5283026900850
4440	5283026900867
4442	5283026900904
4446	5283026900959
4447	5283026900966
4448	5283026900980
4450	5283026901000
4451	NULL
4452	5283026901048
4453	5283026901079
4454	5283026901604
4455	5283026901086
4456	5283026901093
4457	5283026901109
4458	5283026901116
4459	5283026901130
4460	5283026901147
4461	5283026901154
4462	5283026901161
4463	5283026901208
4464	5283026901215
4466	5283026901260
4467	5283026901277
4468	NULL
4469	NULL
4481	528501113110
4488	NULL
4490	528501113021
4492	NULL
4494	NULL
4495	528501113026
4497	528501113420
4499	528501113031
4501	528501113125
4502	528501113035
4503	NULL
4504	NULL
4505	NULL
4507	528501113103
4508	528501113428
4509	NULL
4513	528501113199
4516	528501113439
4517	528501113131
4518	528501113104
4519	NULL
4523	NULL
4524	NULL
4525	528501113143
4532	NULL
4535	528501113163
4536	528501113165
4537	528501113054
4540	NULL
4541	NULL
4543	528501113464
4545	528501113122
4547	528501113180
4548	528501113061
4549	528501113062
4551	528501113063
4552	528501113485
4554	528501113185
4559	NULL
4560	NULL
4561	NULL
4562	528501113072
4563	528501113190
4564	528501113195
4565	528501113486
4566	528501113487
4567	528501113051
4568	528501113053
4569	528501113197
4572	5285006160001
4573	5285006160087
4574	5285006160117
4575	5285006160094
4576	5285006160124
4577	5285006160131
4578	5285006160148
4579	5285006160162
4580	5285006160179
4581	5285006160186
4582	5285006160193
4583	5285006160018
4584	5285006160209
4585	5285006160216
4586	5285006160223
4587	5285006160230
4588	5285006160254
4589	5285006160278
4590	5285006160292
4591	5285006160308
4592	5285006160315
4593	5285006160025
4594	5285006160322
4595	5285006160339
4596	5285006160346
4597	5285006160353
4598	5285006160360
4599	5285006160377
4600	5285006160384
4602	5285006160407
4603	5285006160414
4604	5285006160056
4605	5285006160421
4607	5285006160445
4608	5285006160452
4610	5285006160476
4611	5285006160483
4612	5285006160506
4613	5285006160513
4614	5285006160520
4615	5285006160032
4616	5285006160544
4617	5285006160537
4618	5285006160551
4619	5285006160568
4620	5285006160575
4621	5285006160582
4622	5285006160599
4623	5285006160605
4624	5285006160612
4626	5285006160049
4628	5285006160643
4629	5285006160650
4630	5285006160667
4631	5285006160674
4632	5285006160681
4633	5285006160698
4634	5285006160711
4635	5285006160704
4636	5285006160735
4637	5285006160063
4638	5285006160742
4639	5285006160759
4640	5285006160766
4641	5285006160773
4642	5285006161169
4643	5285006160070
4644	5285006160100
4645	5281019901594
4646	5281019900283
4648	5281019900306
4649	5281019901051
4650	5281019901037
4651	5281019901044
4652	5281019901723
4653	5281019901730
4658	5281019901303
4660	5281019901099
4661	5281019900214
4662	5281019900580
4664	5281019900795
4666	5281019900801
4667	5281019900788
4668	5281019905547
4673	5281019901167
4674	5281019901365
4675	5281019901372
4676	5281019901617
4677	5281019902027
4680	5281019901150
4682	5281019902461
4684	5281019900030
4688	5281019900078
4693	5281019903826
4694	5281019901976
4695	5281019903840
4696	5281019901990
4697	5281019902003
4699	5281019907619
4700	5281019901808
4701	5281019901587
4702	5281019901570
4710	5281019902546
4714	5281019901860
4715	5281019901877
4718	5281019901921
4719	5281019901938
4720	5281019901945
4721	5281019901884
4722	5281019901891
4725	5281019900634
4728	5281019901624
4729	5281019901631
4730	5281019901648
4731	5281019901655
4735	5281019901259
4736	5281019901266
4737	5281019901747
4738	5281019907596
4745	5281019901600
4747	5287000578127
4748	NULL
4749	5287000578028
4750	5287000578035
4751	5287000578042
4752	5287000578059
4753	NULL
4754	5287000578189
4755	5287000578196
4756	NULL
4764	5287000578226
4765	5287000578233
4766	NULL
4767	5287000578240
4769	5287000578257
4770	NULL
4772	5287000578523
4773	5287000578516
4774	5287000578349
4775	5287000578356
4776	NULL
4777	5287000578158
4778	5287000578165
4779	5287000578073
4780	5287000578509
4781	5287000578493
4782	5287000578172
4783	5287000578486
4784	5287000578363
4785	5287000578370
4786	NULL
4787	5287000578264
4788	5287000578271
4789	NULL
4790	5287000578080
4792	5287000578295
4793	5287000578301
4794	5287000578318
4795	5287000578325
4796	5287000578332
4800	NULL
4801	5287000578097
4802	NULL
4803	NULL
4804	NULL
4805	NULL
4806	NULL
4808	5287000578103
4809	5287000578110
4810	NULL
4811	NULL
4831	5281019901198
4857	5283001011106
4858	NULL
4859	NULL
4860	NULL
4861	NULL
4864	5283001011090
4874	5281019902430
4875	5281019902447
4898	5281019900153
4903	5281019901778
4904	5281019901761
5021	5285006160247
5027	5281019900016
5036	58738194560
5037	58738194423
5039	6251599000122
5040	6251599000689
5041	6251599000139
5042	6251599000696
5043	5290931028296
5044	5290931028401
5045	8435214414817
5046	8024790123468
5047	NULL
5049	NULL
5056	6291100085880
5057	6291100085750
5060	6291100085743
5061	6291100085736
5065	6291100082919
5071	7796285253592
5074	5283009054709
5075	5283009051562
5076	5283009051579
5077	5283009055041
5078	5283009055027
5081	5283009050312
5082	5283009050336
5083	5283009054754
5084	5283009054983
5085	5283009054785
5086	5283009050206
5087	5283009055058
5088	5283009050367
5089	5283009050381
5090	5283009055164
5091	5283009050527
5092	5283009050534
5094	6291100081721
5095	3400934243448
5103	5016007202274
5109	6291103730459
5113	625720615596
5114	3592610000800
5115	5281019908050
5116	7612797180181
5117	7612797305539
5120	7612797261729
5121	7321839712241
5122	5285006161244
5123	5285006161251
5124	5285006161268
5125	5285006161275
5126	5285006161282
5134	8050513470137
5135	8050513470113
5136	6291100084913
5137	6291100084920
5143	6291107932682
5146	6281086012017
5150	3582910079231
5153	9003533000272
5155	5702150150042
5157	5283009050220
5158	NULL
5159	5283026900362
5161	5283026900768
5163	5283026900942
5171	5285006161190
5172	5285006161152
5173	5285006161206
5175	15285003470087
5177	5283009055232
5179	6251144101205
5180	6251144101076
5181	5283009060267
5182	366582506775
5184	5415062007952
5185	6291107933559
5186	NULL
5187	NULL
5188	NULL
5189	NULL
5190	NULL
5191	NULL
5192	5283009054990
5193	NULL
5194	7612797501184
5195	6251600000936
5196	NULL
5198	NULL
5199	5283001010932
5201	5290931028326
5202	5290931028302
5205	3592610000763
5206	6251065013625
5207	6251065013632
5208	6285074002486
5209	7612797373293
5210	5283009050466
5211	NULL
5213	3400956093557
5216	7791909319012
5220	3400933370718
5222	6285074002523
5223	15285003470643
5224	15285003470100
5225	15285003470117
5226	15285003470094
5229	5391189102438
5233	5283026901352
5234	5283026901284
5235	5283026900218
5236	5391189091466
5239	6285128010948
5240	6285128003612
5241	5034593005901
5243	6221000000935
5244	5281019902089
5245	6251160060012
5248	5283009050343
5250	7321839711961
5252	5281019902560
5253	5285006161299
5258	8002660016973
5262	3582910013402
5263	3582910017646
5264	3582910017653
5266	6291100082858
5267	5285006161213
5268	5285006161220
5269	5285006161237
5270	7796285253868
5271	7796285253875
5274	300020117550
5275	300020116553
5276	NULL
5277	NULL
5278	5283009050565
5283	5281019902393
5284	5281019903932
5285	5281019903901
5286	5281019902386
5289	6251065017630
5291	5283009050589
5292	6251154050012
5293	8901117033332
5295	625720615602
5298	6251106805653
5302	5283009055287
5306	NULL
5309	NULL
5310	NULL
5312	NULL
5313	NULL
5314	4048846009425
5315	4048846009388
5316	4048846009395
5317	4048846009418
5319	6285074002103
5325	7791909318510
5327	9003533000098
5329	6251154102025
5331	5290931028272
5332	4054839458057
5334	4054839458774
5335	300020118557
5336	5283009052231
5342	625720012371
5343	5283009000522
5345	5283009055294
5356	890111754162
5357	890111719415
5363	6297000720005
5364	5283009060168
5365	5283009055171
5366	5283009000416
5368	NULL
5374	6251158370000
5375	NULL
5376	NULL
5381	6291100085996
5382	6285147005901
5383	6285147002344
5384	6251065019412
5385	5391189120388
5386	5391189131322
5387	5283009055157
5394	NULL
5397	5283009054921
5416	7795345013626
5417	7795345013633
5419	7795345010151
5420	5283009050749
5421	NULL
5422	5283009050732
5449	5283009000287
5462	15285003470384
5464	5285006161121
5468	8718692510135
5475	5281019902034
5476	5281019902317
5478	7640129620012
5484	NULL
5485	NULL
5486	18901296202910
5487	18901296050149
5489	15285003470032
5490	7795378004615
5492	7640111933557
5493	7640111933540
5497	5283009000423
5498	5283009000430
5499	5702191010909
5500	5702191010855
5502	4054839458675
5504	5283026900126
5506	5285006161077
5507	5285006161084
5513	300020733552
5516	5281019902423
5518	5281019902416
5519	5283026900379
5520	5283026900409
5521	5413868111309
5522	10057606016468
5523	10677683065663
5524	10057606014969
5537	7795345013848
5538	7795345013855
5539	5712249103910
5540	5712249103903
5541	5712249103927
5542	771313163088
5543	6285074002110
5545	5285006160810
5546	5283009000317
5547	5283009060250
5548	5283026901017
5549	5283026901024
5554	NULL
5555	NULL
5561	7640128012481
5562	NULL
5565	5000456022774
5567	8055271669755
5569	4046222111731
5573	7613326016384
5574	7613326016780
5576	15285003470803
5577	15285003470827
5583	5283026901253
5585	6251107297013
5586	6251107299017
5587	6251107229021
5588	6251107230027
5589	771313139281
5590	6291100082605
5593	NULL
5595	4054839458750
5596	6291107935294
5599	9003533000371
5610	7640128546849
5611	7640128546856
5612	7640128547617
5613	5000456055291
5614	5283009000331
5615	5391189161657
5616	5391189150446
5617	6285147005796
5624	890111726422
5625	890111720412
5630	NULL
5633	6291107931265
5639	366582506140
5644	NULL
5647	7795345120393
5648	7795345120386
5658	NULL
5659	5283009060571
5661	5413868111330
5662	5413868111323
5666	625720616418
5667	625720615534
5669	771313171410
5670	771313171359
5671	6251065025802
5672	6251065017623
5673	3664798014112
5679	9003533000524
5683	7680326650016
5688	60148934916810
5689	NULL
5691	6251107290014
5693	5281019902522
5694	8435232336436
5695	6285147002238
5696	6285147005581
5697	6285147005574
5709	3582910029014
5710	7612797408049
5711	7612797408056
5712	7680351570013
5716	6291100081660
5717	6291100088447
5724	6281080001109
5725	6281080002649
5729	15285003470933
5730	15285003470926
5733	3664798022643
5734	5281019902478
5735	5281019902485
5742	300020115556
5758	5712249106003
5761	7730900994200
5763	8435232336689
5764	625720011688
5766	5283009050039
5768	NULL
5769	NULL
5770	366582506911
5771	366582506935
5774	5285006161107
5775	5285006161114
5776	15285003470391
5779	6251065026656
5781	3400935167156
5783	4019338600468
5784	6251599000634
5785	6251599000627
5791	5281019902584
5792	4260584150027
5795	5000456022101
5797	5000456022132
5798	6251065026649
5801	5702150149879
5802	10057606014952
5806	4048846002716
5807	4048846002723
5808	4048846002679
5811	5283009060564
5812	5283009055034
5823	5281019902515
5826	8435232336719
5827	8435232336702
5831	18907730004362
5833	18907695041013
5837	5015997535812
5838	5015997535911
5842	300020113552
5843	300020112555
5844	300020114559
5847	5281019902768
5848	7612797318218
5849	7612797318225
5856	5407005590706
5859	5281058100071
5860	3760242570330
5861	3760242570347
5863	6251107325013
5866	9003533000197
5867	9003533000180
5877	5283026900348
5878	8436024612646
5879	3400934474637
5880	5391189201025
5881	5391189221023
5882	5391189210997
5883	5391189230995
5886	6297000720012
5888	5200251681064
5889	5200251681118
5891	7612797480144
5896	5283009050213
5897	7612797267677
5900	7613326015837
5901	7613326015813
5902	7613326015820
5905	8435232336795
5910	6285147000197
5911	6285147000173
5912	8031609000506
5916	8031609000513
5927	6251599000733
5929	6251599000740
5930	6251599000290
5931	6251065030929
5938	NULL
5942	NULL
5944	NULL
5948	5290931028173
5949	18901117234359
5950	366582507505
5951	771313165525
5957	6251599001006
5958	6251599000832
5959	6251159024612
5962	NULL
5963	NULL
5966	NULL
5967	6251107195012
5968	5283026901345
5969	5283026901567
5970	5283026900751
5971	5283026900744
5976	300020106554
5979	4260584150041
5980	6291107431536
5981	771313161053
5982	771313163927
5983	771313189453
5984	7321839712197
5986	NULL
5987	6251154051019
5988	6251154211017
5989	6251154141024
5998	6285147000166
5999	5281058108527
6001	771313151917
6002	NULL
6003	10677683002804
6008	5415062332917
6012	NULL
6013	6285147000104
6014	6285147005703
6017	6251159023851
6018	6251159023868
6025	5283026901055
6026	5283026901062
6027	5283026901642
6028	5283026901123
6029	5283026901383
6030	5283009054747
6031	5283009054778
6047	6251107276018
6048	7613326003933
6054	6285094000288
6055	7640133680859
6056	7640133680866
6057	7640133680873
6058	7640133680880
6059	6251107331014
6060	13583313242175
6064	366582506485
6065	366582506669
6066	366582506492
6073	8025153000433
6088	5283026900065
6089	5283026900072
6092	771313220521
6093	771313220538
6094	771313220545
6096	3400936891371
6097	890111723431
6099	10677683502793
6100	15285003470490
6101	15285003470506
6109	7613326004961
6110	7613326004978
6113	3400933359881
6118	4260161040253
6119	4260161040260
6120	890111723423
6122	6285147005598
6130	6281086012215
6131	6281086012222
6132	6281086012239
6133	3594452601115
6138	8435373701582
6143	6251107401014
6144	6251107220028
6149	6285094000097
6150	6285094000103
6151	6285094000110
6152	6285094000127
6157	890111706760
6158	891117088280
6161	3573994001065
6162	3573994000938
6163	300020105557
6164	7795345000299
6169	3614250000078
6180	NULL
6181	7321839721656
6182	NULL
6187	5016007203400
6188	7795347936374
6192	NULL
6193	3400936952218
6197	8433042021405
6204	6285147003464
6206	9003533000609
6207	7612797299272
6211	7795355998371
6212	6221076020301
6213	3582910075448
6215	8901117382807
6216	NULL
6217	890111702135
6218	NULL
6219	5281019902591
6220	6251600001124
6222	15285003470957
6223	15285003470964
6224	15285003470971
6225	15285003470988
6231	7640128547518
6232	7640128547501
6233	8425342000037
6236	5200251680999
6237	5281019902683
6238	5000456028783
6239	7640114721939
6240	6251600000288
6241	6251106240126
6242	6251106240119
6243	6251106401947
6248	3400939980225
6251	6291107438443
6252	3400937522496
6253	8595029602110
6254	7680597640013
6255	5283009055218
6256	NULL
6257	NULL
6258	6251599000924
6260	5702191015737
6262	5391189240345
6264	15285003470353
6265	15285003470346
6267	6251107424037
6269	7791909122216
6270	8056446340493
6271	5283009055225
6272	5283009055249
6283	6251065034620
6284	6285074002257
6285	5283026900799
6286	5283026900782
6288	6291107930718
6293	6251107416018
6294	300020121557
6295	300020120550
6299	313533004187
6301	5281019902751
6302	5281019902737
6303	5281019902744
6305	6291107933245
6306	7612797406526
6307	6251154022019
6308	6251154207010
6309	6251154184014
6310	6251154068017
6311	6251154201018
6312	6251154202015
6318	NULL
6319	4030855482382
6320	5290665000681
6322	6251065020234
6323	6251065020241
6324	10677683065960
6325	NULL
6327	10677683065977
6335	4054839458873
6336	6291100780105
6337	18901067010300
6338	5400835013803
6339	5400835013810
6340	771313171380
6342	5283009054846
6343	5283009054853
6344	15285003470711
6345	15285003470728
6347	3582910076018
6351	6285101000393
6352	NULL
6353	NULL
6354	6285147002108
6355	6285147002085
6356	6285147002122
6358	6251599000894
6359	5283009052484
6367	3592619216165
6368	6291107933382
6370	6291107933375
6372	6291107933368
6374	5285006161183
6380	18907730010820
6383	5283009050725
6384	5283009050718
6385	5283026901406
6387	5283026901550
6388	5283026900355
6389	6251599000436
6394	3574661441054
6395	3574661441061
6396	3574661441078
6400	8433042021375
6401	4028305001450
6402	3400936359864
6404	5203622112792
6405	5203622112488
6406	5203622111597
6407	5290665005655
6409	5290665001190
6410	5290665003415
6411	5015997807711
6412	5015997105305
6413	5015997807612
6420	3582910075455
6421	3664798024722
6422	6291100781515
6425	28907730011121
6434	6291107431079
6437	6251599000801
6439	NULL
6441	3400932576562
6442	5283009000300
6443	NULL
6445	18901117087467
6446	890111700355
6451	NULL
6453	3400933270551
6457	6285101000683
6459	6953462900118
6460	5415062311943
6461	4048846004857
6462	4048846004840
6463	6251065027578
6464	6251065027585
6466	7640107471018
6467	7640107471001
6468	4054839458866
6469	5283009050763
6470	4054839458880
6471	5290665005648
6473	15285003471336
6474	8436035565849
6475	NULL
6477	6251599000856
6478	6251599000986
6480	5606251002302
6481	5606251002296
6484	5407005590058
6486	5413868115222
6487	5413868115208
6488	5413868115239
6489	5413868115215
6494	4250104736015
6497	5413868113334
6505	NULL
6512	5600360011910
6513	5283009050787
6516	7321839720185
6517	7321839721557
6523	4048846009364
6526	NULL
6527	NULL
6528	NULL
6529	NULL
6530	NULL
6531	5283009050756
6533	4030539057448
6536	4030539024198
6538	5606251002326
6539	6285117019570
6542	7680594630024
6544	4260108281527
6549	7730900994095
6557	5283026901246
6561	3663555002935
6562	7629999055083
6568	5413868110968
6569	6285147002801
6570	6285147002795
6571	4260108281510
6574	NULL
6575	NULL
6576	5400835013773
6577	5400835013780
6578	5400835013971
6583	7640128546801
6584	3664798008876
6599	NULL
6602	NULL
6603	NULL
6604	NULL
6605	NULL
6606	NULL
6607	NULL
6608	NULL
6620	6251065022283
6621	6251065018811
6622	6251065018828
6623	6285101004438
6624	6251065016633
6625	6251065016640
6626	6251065016671
6631	85412626406
6632	85412626413
6634	NULL
6635	771313137942
6636	NULL
6645	5283009050701
6650	NULL
6651	NULL
6652	NULL
6653	5283009050848
6654	5283009050831
6655	5283009050961
6656	5283009050954
6657	5600360210436
6658	5600360210429
6664	6285074002264
6668	6251599000412
6669	6251599000405
6674	8050513470090
6675	NULL
6676	NULL
6681	5290665005716
6682	5290665005709
6687	6251107125019
6689	6251107405012
6691	8435373701599
6694	3662042006555
6695	NULL
6696	5283026900331
6697	5283026900331
6702	6291100085958
6704	6291100085941
6705	6291100085934
6706	NULL
6707	NULL
6708	NULL
6709	NULL
6712	5285006161039
6713	5285006160490
6714	5285006160155
6715	5285006161893
6719	6251160020405
6721	NULL
6722	NULL
6723	8055271669748
6724	6223003570354
6726	NULL
6727	15285003471343
6728	15285003471350
6729	15285003471367
6730	6251160060401
6738	NULL
6739	NULL
6740	NULL
6746	6251154206037
6752	6251151001208
6753	6251151000959
6754	6251151000140
6755	4048846011121
6757	5712249104047
6762	6285147002429
6763	6285147004621
6764	5400835013780
6765	5400835013971
6766	5400835013773
6767	7640128549420
6768	5400835013322
6769	5413787020225
6772	6285074002721
6773	6285074002677
6775	6285074002691
6776	NULL
6779	5283009051197
6781	5280250000257
6782	5280250000080
6784	5280250000202
6785	5280250000042
6786	5280250000219
6787	5280250000226
6791	6291107933320
6797	5413868111736
6798	5413868111767
6799	5413868111750
6800	5413868111743
6802	NULL
6803	NULL
6804	NULL
6812	5280250000592
6814	8022086001797
6817	5281019902843
6818	5281019902836
6822	6251154210010
6823	6251154209014
6824	6251154238014
6825	6221076161189
6830	NULL
6831	NULL
6832	NULL
6833	NULL
6834	5283026900935
6835	5283026901499
6836	8433042021368
6837	6281086012321
6838	6281086012338
6839	6281086012345
6840	6281086012352
6844	5415062007945
6845	15285003471374
6846	15285003471381
6847	15285003471398
6848	15285003471404
6850	NULL
6853	6251106401619
6854	6251599000979
6855	6251599000849
6858	10677683065991
6860	6251065016657
6861	6251065016664
6862	NULL
6863	7321839783043
6865	6285117019631
6867	6223003579630
6868	6221508200912
6869	6221508220316
6872	5702191009699
6879	5281019902713
6880	5281019902720
6881	5281019902881
6883	6251065034071
6884	5283026900416
6885	5283026900423
6886	5283026900058
6887	5283026900737
6890	7640128543398
6891	5280250000493
6892	5280250001698
6893	5280250001629
6894	5280250000035
6895	6251599000467
6903	5283009051241
6904	NULL
6905	NULL
6906	5015997106258
6907	5015997106241
6909	5060263710028
6912	5290931028319
6914	7640128549567
6915	7640128549543
6917	6223002454075
6919	5283009055263
6922	6281086012079
6926	6251600000561
6927	3614250000337
6930	7612797267684
6934	5280250000806
6935	5280250000813
6938	5280250001742
6939	6192405003077
6940	5280250000943
6941	5280250000967
6942	5280250000950
6943	15285003471909
6947	5013457016239
6951	7613326003711
6953	7612797402764
6954	3400933965303
6955	3400934748271
6958	85412643403
6962	6091403205639
6963	6285147000203
6965	366582502456
6966	366582502449
6968	3400939501109
6976	890111723476
6978	18901067038175
6979	18901067032814
6980	7680597650012
6986	6251106210167
6988	6285101004421
6991	6251106401978
6992	6251106401961
6993	5016007203554
6995	6251065015803
6997	NULL
6999	6251065010822
7000	18907730010981
7001	6251065045411
7003	5420024613454
7004	4008500024201
7010	5206901002661
7011	5206901002678
7012	5283009054679
7021	6291100087198
7023	6291100087082
7025	6291100087105
7026	8435232341805
7027	8435232336597
7032	6291107933573
7037	6192012011168
7038	6192012011151
7041	6285101001222
7045	NULL
7046	NULL
7047	NULL
7049	NULL
7050	5203622113485
7051	5203622113492
7057	3662042006395
7060	8435232336788
7061	8435232341836
7063	6285147004706
7064	6285147004669
7065	6285147004683
7068	7629999056701
7069	6223003570439
7073	3400957619107
7074	3400957619046
7075	3400957618964
7076	3400957618735
7077	8051739230017
7078	5713219025867
7080	NULL
7081	NULL
7082	52018240009304
7087	7730900994118
7088	7730900994132
7091	NULL
7092	NULL
7093	NULL
7101	8024861000445
7115	5283009054822
7116	5283009054839
7117	NULL
7118	NULL
7119	NULL
7120	5283009051364
7121	15285003471473
7122	50085412559280
7125	NULL
7126	NULL
7127	NULL
7129	NULL
7130	NULL
7131	NULL
7132	NULL
7136	5415062361290
7137	5415062307595
7147	3582186004234
7148	3582186004241
7149	3582186004258
7150	646520485516
7152	6285128010764
7153	6285128010887
7155	6285128003155
7156	6285128010689
7158	5285006160728
7159	5285006160261
7160	4032717996266
7163	10057606018646
7167	5290665000469
7168	5290665003422
7169	5290665005389
7170	5290665005396
7171	5290665006454
7172	5290665006447
7173	5290665005914
7174	5290665006881
7176	6251599001174
7177	6251599000085
7178	7640128543572
7179	7640128543565
7180	6091403219414
7183	7640128543466
7184	5283026900546
7188	7613326016421
7190	5712249104320
7193	6285117019587
7194	5280250000929
7195	6251599001051
7196	6251599001044
7197	NULL
7198	NULL
7204	6285094000059
7205	6285094000042
7211	NULL
7212	NULL
7214	18024672000013
7216	6192405002742
7220	5280250000882
7221	5280250000790
7222	5280250000844
7223	5283009000607
7224	5283009000652
7225	5283009000614
7226	5281019902898
7227	5281019902904
7228	15285003471749
7232	6251144101212
7233	6251144101601
7234	6251144500732
7235	6251144001048
7237	8715131010324
7238	8715131013936
7239	5712249104344
7242	6291100782789
7243	5606251002982
7244	5606251002319
7246	6251599001167
7249	NULL
7250	6192405002759
7251	5060147028140
7252	5060147028157
7253	6251144020865
7254	NULL
7255	NULL
7256	NULL
7257	8436024610413
7258	5415062341315
7261	6223002454242
7262	622300453788
7265	3582910091127
7266	5030045000104
7267	5030045000258
7268	6251065034095
7269	6251065043981
7270	6251065045404
7273	3400937831260
7274	3400937831031
7276	4037353332225
7280	8901038731114
7281	8901038731213
7282	6251160020740
7283	80552716600426
7284	3499320002974
7285	5600360210443
7286	8022086001056
7287	8022086001049
7289	8428255925503
7290	8056446340479
7291	4013054002599
7292	4013054002612
7294	5280250000745
7296	5280250000738
7303	6291107931517
7304	8435232339727
7305	7795345010069
7306	5283009051487
7307	5283009055065
7308	5283009000409
7309	5283009054686
7310	NULL
7311	6285147002252
7314	6285147002337
7315	8436024612578
7316	771313221962
7317	771313199513
7318	6285117019624
7319	6223003570460
7320	6221508220422
7321	6221508240116
7322	6221508210218
7323	5413868111200
7327	6091403202621
7328	8002660028488
7330	5285006161046
7331	5285006161053
7332	5285006160285
7333	5283009051647
7338	5283009051654
7339	5283009051685
7340	5283009051739
7341	5283009051692
7342	5283009051678
7343	5283009051661
7344	5283009051722
7345	5283009050237
7346	5283009055140
7347	5283009054716
7348	NULL
7349	5283009051494
7350	5283009055256
7358	5283009060083
7359	5283009055201
7360	5283009050190
7361	5283009050176
7362	5283009000621
7363	5283009000560
7365	5200251681088
7366	5200251681071
7367	5203622114321
7368	5203622114338
7369	5203622114345
7371	3838989615055
7372	4260108282197
7373	8715131012298
7374	8715131012311
7375	8715131012380
7376	8715131012304
7377	8715131012359
7378	8715131012342
7379	8715131012373
7381	8715131012366
7383	8715131012335
7384	5283026901307
7385	9332986001223
7386	NULL
7387	NULL
7388	NULL
7389	NULL
7390	NULL
7393	6295120018293
7394	6251065037843
7395	6251065037850
7396	6251065035306
7397	6251065035313
7401	4260016652167
7404	5065000521028
7406	8023824000560
7408	5400835013735
7409	5400835013612
7410	5400835013742
7411	5400835014039
7412	5400835013797
7413	5400835013834
7414	5400835013827
7415	6291107430935
7417	6251107330017
7419	7680630120014
7420	6285074002097
7421	625720616777
7422	625720616364
7423	625720615688
7427	13583313357237
7430	8715131007348
7431	NULL
7432	8715131007355
7434	3664798010602
7436	8425342000020
7437	3400921763645
7440	3400941509377
7444	4011548018972
7445	89011708827
7452	4011548018996
7455	8022086001087
7464	6251065023723
7469	5413787998319
7470	5413787998326
7471	5413787015221
7472	5413787014224
7483	8901038730919
7484	8901038730926
7485	5285006161329
7486	6251653090007
7487	NULL
7488	NULL
7490	5283009051128
7491	5283009051968
7492	625720616333
7493	625720615527
7494	6291100781294
7495	6251065040164
7496	771313198226
7497	771313198233
7498	771313198240
7500	NULL
7502	7795336290906
7506	6091403200832
7507	6091403204069
7508	6091403203918
7509	366582505679
7510	5407005590041
7511	5407005590461
7512	6281086012673
7513	6281086012680
7514	10057606027808
7515	10057606027778
7516	10057606027785
7517	10057606027761
7518	10057606027792
7521	8715131020750
7525	6251599000078
7526	6251599000948
7527	8032668871823
7530	6251151001697
7531	6251151001611
7532	NULL
7533	7612797486047
7534	7612797318591
7536	6251148220100
7539	6291100087167
7543	6251106160455
7544	3400933672676
7547	5400835013599
7551	4011548018903
7552	6291107435657
7554	4011548018959
7555	5600837240003
7558	3400933927622
7559	5283026901321
7560	5283026900317
7562	6251106210235
7569	3838989627669
7570	3838989602673
7571	3838989602499
7573	7321839722103
7576	771313215053
7585	3582910080015
7586	3582910064978
7587	8718692510968
7589	5283009052507
7591	7640153080783
7594	7640153080677
7595	7640153080608
7596	625720050069
7597	7640153080493
7598	NULL
7600	5281019903109
7601	NULL
7602	5281019903123
7603	6251107378255
7604	6251107378231
7605	3400949721542
7606	3400949721832
7609	5283009052521
7611	8906045945950
7612	8906045945967
7613	8906045945974
7614	5280250000158
7615	5280250000608
7617	5280250001711
7618	5280250000912
7622	8430445317487
7624	7798050061593
7626	3400935730961
7629	7613326003759
7630	4019338602967
7631	7613326004015
7632	7613326004008
7635	4008500024294
7637	NULL
7638	3582910064985
7639	6251065036211
7640	6251065036228
7641	6251065036235
7642	6251065036242
7644	6192405001233
7645	6192405000014
7646	3582186001080
7647	15285003471824
7648	15285003471831
7650	NULL
7651	3574661089751
7653	3663502002995
7654	3663502002988
7655	7612797481615
7658	5415062008454
7659	7791909321800
7660	5283026900225
7661	5283026900232
7662	8050513470083
7663	NULL
7664	7640153080653
7665	7640153080691
7666	7640153087874
7668	6251159025220
7669	6251065002575
7670	6251065038017
7674	6251107378217
7675	6251107378248
7676	6251107378224
7677	6251107425331
7678	5206901002708
7680	5283026901031
7681	5283026900447
7687	8906045945943
7688	5200251680982
7689	9008732006070
7691	NULL
7694	3400934625923
7697	NULL
7698	6251599001648
7703	6221508121118
7706	6221508016414
7707	5413787010226
7708	5413787103720
7709	4008500024317
7710	8435232336467
7711	8435232336399
7712	8435232336443
7713	5280250000691
7715	NULL
7716	NULL
7717	NULL
7724	5281019903222
7726	4011548018941
7727	3400937283571
7728	3400949751938
7729	4008500024386
7730	8022086001780
7731	8022086001766
7732	5281019903239
7733	8718692510760
7734	NULL
7735	8052742100588
7738	6221508511711
7742	6285095004643
7743	6285095004681
7744	5407005590768
7745	5600360012245
7746	3838989602666
7748	NULL
7750	5280250000233
7753	7613326031707
7754	7613326031691
7755	6251107424518
7760	5407005590454
7761	6251600000400
7762	5400835014060
7763	5400835013766
7764	5400835014046
7765	5400835014053
7766	5400835013759
7767	NULL
7768	NULL
7769	NULL
7770	NULL
7771	NULL
7772	NULL
7773	NULL
7774	NULL
7775	NULL
7776	NULL
7777	5283026901451
7779	NULL
7781	8436043013066
7787	20801500110800
7790	5283009050923
7791	5283009050930
7792	3400938339994
7793	5280250000004
7798	NULL
7806	6285095005374
7809	8052742100571
7817	3400936986046
7818	NULL
7819	NULL
7820	8430433000759
7824	6251065038314
7825	5060077235885
7826	5283026901192
7827	5283026901185
7835	NULL
7836	8435232336429
7837	8435232336672
7838	8435232340259
7840	NULL
7844	NULL
7846	4032717995818
7847	6291107931524
7849	3582910069164
7850	5203622113898
7851	5203622113973
7852	5285006161305
7855	6285147003808
7856	6285147003785
7857	6285147002696
7858	6285147002689
7861	6285147000128
7862	6285147000135
7864	6285147000029
7865	4037353333321
7867	4037353433335
7868	6192405000458
7869	4008500024379
7870	6285074002660
7871	366582505839
7875	NULL
7877	4019338602196
7878	5702150149930
7879	3400936326866
7882	5425003040016
7884	771313204057
7889	5283009054860
7890	5283009054792
7891	5283009054808
7892	5283009060632
7893	5283009054884
7894	5283009054891
7895	5283009054907
7896	5283009054914
7897	8437007279047
7898	8435232336573
7907	NULL
7908	6291107438177
7909	6251600001360
7910	6251106610240
7911	3400934883385
7913	4011548026175
7918	4011548026113
7919	4011548026083
7920	4011548026076
7921	3582910091127
7922	5281019902911
7923	NULL
7926	5702589309103
7928	6281086012765
7929	6281086012758
7930	5280250000684
7932	5600837240379
7933	5600837240119
7934	8436575500065
7935	8436575500041
7936	8436575500058
7938	300032327114
7940	4104480708046
7941	5012854047167
7942	5012854047204
7943	5012854047181
7947	6223003570286
7949	4011548026144
7950	4011548026151
7951	4011548026137
7952	8435232336634
7956	5283009052910
7957	5283009052927
7959	5600837240591
7960	8718692510470
7961	5712249104337
7965	8715131011871
7966	8715131011376
7967	5702589309134
7968	5702589309141
7969	8436024612608
7970	8053677611415
7972	5283009052668
7973	5011111813422
7974	5280250000875
7976	20366794001703
7978	7640168160111
7980	5712249103859
7982	6285147003792
7984	NULL
7985	6192405002773
7986	6192405002766
7987	4019338603117
7989	7612797511107
7990	4086000034821
7991	366582505907
7992	366582505891
7993	366582504825
7996	5702150149657
7997	5702150149626
7998	5702150149664
7999	7612797298688
8000	7612797298695
8001	7612797298701
8010	5283026901376
8011	4011548026090
8013	4011548026120
8014	NULL
8015	6251065039359
8016	6251065042939
8017	5283026901178
8018	366582504771
8024	6251600002220
8025	6251600002251
8026	6251600002268
8030	5702191010916
8031	3582186001615
8032	6251599004212
8033	6251599004205
8034	6251599001570
8035	6251599001587
8036	6251599001808
8048	7612291096261
8049	8435232341751
8050	8435232341799
8052	8433042021382
8053	NULL
8059	52018958007500
8060	5291171002213
8063	4037353016392
8064	4037353016408
8065	4037353016415
8066	4037353016897
8067	5283009053191
8068	NULL
8069	NULL
8070	8436531246440
8075	NULL
8076	NULL
8081	5285006161022
8082	5285006160803
8083	300020086559
8084	300020087556
8085	5712249104245
8087	5712249103781
8088	5712249104191
8089	5712249104214
8090	NULL
8092	4030539161701
8093	NULL
8094	7790375003555
8095	7790375003548
8096	5200251681019
8098	4008500024263
8099	4008500074855
8100	6192405000731
8101	6192405002438
8102	6192405002421
8103	5400835013506
8104	5400835013513
8105	5400835013414
8106	5425003041129
8107	7640168160357
8111	NULL
8112	NULL
8113	NULL
8118	5283009052934
8119	5283009052941
8120	8436024612547
8121	8436024612561
8125	3838989633431
8130	5391189310741
8131	5391189320689
8132	5391189330725
8133	5391189340724
8138	9008732000122
8141	5283026900027
8142	5290931028142
8143	5290931028135
8144	4104480780042
8145	8052742100595
8155	366582507161
8156	366582506560
8157	7640107470165
8158	7640107471681
8159	3400937157452
8165	8433042021504
8169	4008500024447
8175	5283009053214
8176	9120039163062
8177	5200251681002
8181	366582505969
8183	18902319025783
8191	5702191009576
8192	5702191009569
8193	5702191009552
8194	6251065015063
8195	6251065015056
8196	6251065016237
8201	7613326003926
8202	7613326003797
8203	4048846011251
8204	4048846011268
8210	5283009051951
8214	NULL
8222	5415062304280
8224	5285006160834
8225	NULL
8226	NULL
8227	6251106803437
8231	54250238503960
8239	366582506119
8241	5200251681378
8242	5200251681026
8243	5200251681033
8244	5200251681040
8245	5200251681057
8246	3400932716623
8249	6192405000380
8252	18907730005956
8253	5000456018364
8255	5283009052859
8256	5283009052866
8261	5283009052774
8262	5283009052781
8263	5283009052798
8264	5283009052804
8269	6285074002455
8270	6285074002493
8272	6285074002851
8273	6285074002479
8279	5290931028227
8281	3664798028607
8284	8022086001759
8285	5030045000142
8286	7640168161040
8287	8002660016874
8288	8002660029614
8290	3594456400882
8292	3582910077350
8299	5206901002609
8300	5206901002593
8304	NULL
8306	5283009054938
8307	5283009054815
8312	7795347988069
8313	7795347988076
8314	9120035550613
8315	6285117019549
8316	5702589309110
8317	5702589309127
8318	5702589309417
8319	4032717994903
8320	4032717996716
8321	4032717996747
8322	NULL
8323	5060337261890
8325	3400933248611
8326	3400933248840
8329	5281019903451
8331	319810902511
8332	319810902504
8333	NULL
8338	7613326015981
8339	4048846009760
8340	6251106803437
8341	5283009053009
8342	5283009060052
8343	5283009060069
8345	4250104712019
8346	4250104712002
8347	5036519002698
8348	5036519002711
8349	5036519002728
8350	5036519002735
8351	5036519002742
8352	5036519002759
8353	6285147000784
8354	6285147000791
8357	6285147000777
8362	6251151001000
8363	6251151001017
8366	8470006541302
8368	7640160350121
8372	3400957691073
8373	3400935731104
8374	3400936578418
8377	3838989632076
8379	NULL
8382	6251599001891
8383	6251599002171
8384	6251599001921
8385	6251599002201
8386	6251599001945
8387	6251599002225
8388	10677683067209
8389	10677683067216
8390	10677683067223
8394	6291107434452
8395	6291107434469
8396	6291107434476
8397	5283026900911
8398	8053677611972
8399	5208080000018
8402	NULL
8403	5415062007983
8404	6285074003438
8405	4008500024911
8406	4008500024492
8407	366582502883
8408	5290487000210
8409	4030539127912
8410	7612626900133
8411	5290931028104
8412	5290931028388
8413	3582910073031
8418	8437007279030
8419	5281019903253
8420	5281019903260
8421	20801500110466
8422	NULL
8423	3400932892839
8424	4030031894534
8425	5203622111153
8428	3400957562113
8433	6291107931258
8435	4048846010445
8436	4031571058264
8437	4031571058271
8438	3582910069874
8441	7612797484975
8443	8470006528471
8444	8428255264053
8445	8470006632826
8446	NULL
8447	7612797473016
8448	7612797473030
8449	7612797473047
8453	NULL
8454	NULL
8455	NULL
8456	6285101001611
8457	6285101001628
8458	6251065019498
8459	7612626900225
8461	5283026900478
8462	5283026901291
8463	6251599002010
8464	6251599002027
8466	5283009052972
8467	5283009053054
8468	5283009053061
8469	5283009060090
8470	5283009060106
8471	5283009060113
8477	13583313110030
8478	4031571058240
8479	5055565728710
8480	3663555002935
8481	3400926803933
8482	3400926804305
8483	3400926805364
8484	5206901002685
8485	6291103731449
8486	6291103731432
8487	4037353016705
8488	4037353016712
8489	4048846009777
8491	7612797408087
8492	300020126552
8493	300020127559
8496	5712249104177
8497	5712249104153
8498	8715131009816
8499	8715131022105
8502	3400949250318
8503	NULL
8504	NULL
8506	39686014926
8507	6251107424860
8508	5400835014008
8509	6291107932316
8510	6291107932323
8512	5283009053146
8513	5283009053153
8514	5283009053160
8515	10677683069050
8516	10677683069043
8517	10677683069036
8518	7680598760031
8519	7680598760055
8520	5415062008614
8521	5415062008621
8522	5415062008607
8524	4048846011688
8525	4048846011671
8526	8435232336733
8528	3400930192252
8529	5060098730253
8530	NULL
8531	6251160020337
8532	NULL
8534	5012854029583
8535	5012854029576
8541	NULL
8542	8715131012045
8543	4048846012098
8544	6223004512834
8546	8436024612615
8547	8002660024381
8548	8002660024497
8551	7640168160180
8553	3838989638757
8556	3838989638177
8558	6285117019556
8559	6091403203215
8560	366582506904
8561	6291107932385
8562	6291107932392
8563	366582507055
8565	366582506584
8566	18907730011117
8570	8436561840083
8571	5000456011235
8572	5000456011181
8573	6666666686404
8575	5283026900485
8577	NULL
8578	NULL
8579	NULL
8580	5283009053238
8581	5283009053245
8582	5283009053252
8584	6251653630012
8587	6192405000540
8588	3400926838713
8589	5285006161176
8590	5285006161145
8593	5285006160933
8603	9332986001766
8608	20801500112019
8609	6251065019139
8610	6251065025703
8613	5283026900164
8616	NULL
8617	3400926669966
8618	NULL
8619	NULL
8620	NULL
8621	NULL
8628	10057606021301
8633	6291107432465
8634	6291107432441
8635	6291107432472
8640	NULL
8641	NULL
8644	6251599001549
8650	NULL
8651	NULL
8652	3499320010214
8653	6291107431062
8654	6291107435558
8655	6291107430089
8656	9332986002060
8658	5285006160957
8659	5285006160940
8660	5285006160971
8661	5280250000189
8662	5280250000172
8663	5280250000165
8669	4054839572043
8670	4054839572050
8671	5285006160964
8672	8032668870604
8673	NULL
8674	NULL
8675	3664798014143
8680	4048846013545
8681	4048846013538
8682	4048846013514
8683	4048846013521
8685	7791909318060
8686	366582506072
8687	366582506096
8688	366582506089
8689	7680594350014
8690	7680594350038
8691	8902412025126
8692	3760001041989
8695	5283009053337
8701	3582910060314
8704	3400949922574
8705	3400949924585
8706	5060098730468
8707	5290931028111
8708	5283026900287
8709	5283026900294
8710	5283026900874
8711	5283026900492
8712	6251600002336
8713	366582505068
8714	366582505051
8715	366582505075
8719	5036519001899
8720	5036519001882
8721	8433042021450
8722	8433042021436
8723	8433042021443
8724	3400935811677
8725	3400936788435
8726	8050513470120
8728	NULL
8729	NULL
8731	NULL
8732	NULL
8733	9003533000050
8734	5055565736296
8735	5055565736302
8737	366582506133
8738	5283009053597
8739	5283009060243
8741	5283009052965
8742	NULL
8743	6192405000021
8744	6192405000441
8745	6251065023624
8748	5283026900706
8751	4260016652204
8753	771313230445
8754	771313230452
8758	5283001010857
8759	3400930016527
8760	3400930016930
8761	9001505004396
8763	3400927580666
8764	3400921965919
8765	3400921966688
8766	3400921967289
8767	5283009053320
8768	5283009053306
8769	5283009053313
8773	5280250000097
8774	5280250000615
8775	8436024611762
8777	6281086012895
8779	NULL
8782	3400936240667
8783	5425025991433
8785	10057606025675
8786	7680597660042
8787	7680597660035
8788	5413868112634
8789	7612797333082
8790	7612797332269
8791	7612797339329
8792	7612797339275
8793	5415062008744
8794	5415062008003
8796	3400926881245
8797	3400926881184
8800	3400936263260
8804	8901038732869
8805	8901038730636
8806	8901038730629
8807	6285095004704
8809	3400941656958
8810	3400941656378
8811	3400941656729
8812	5415062330760
8814	4019338606767
8820	NULL
8822	3400930632192
8823	5415062008256
8824	5415062310458
8825	5415062307250
8826	3400930035221
8827	NULL
8828	NULL
8829	NULL
8830	3400922079004
8831	3400922080871
8832	6091403217779
8833	6291107431734
8834	8901038732883
8835	8901038732876
8836	5000456033206
8838	6251065037089
8839	6251065019931
8840	6251065019924
8841	6251065019917
8842	10677683003887
8843	10677683003870
8844	5283026900881
8847	4104480705465
8848	366582507437
8849	5415062004807
8850	5415062004814
8851	5415062004821
8852	5415062004838
8853	4048846013583
8854	5712249104115
8856	NULL
8857	NULL
8858	3400937850070
8859	3400955002710
8863	4260016652181
8864	4260016652174
8865	4260016652150
8868	6291100085378
8869	6285094000547
8870	5283026900041
8871	5290931028241
8873	10057606021929
8874	10057606021936
8876	6251065012925
8877	6251065019863
8878	6251065019900
8879	6251065019856
8880	6251065019849
8881	5060149312001
8882	3838989670313
8883	3838989670306
8886	3701008900053
8887	6297000720173
8888	3400930020647
8889	3400930020609
8890	5280250000653
8892	5415062336397
8893	5000158071674
8894	5413868112122
8895	5413868112139
8896	5413868112146
8897	5413868112153
8898	7640111933137
8899	5413868112764
8900	5413868113433
8901	7613326004039
8903	4054839572067
8904	4054839572074
8905	4054839572081
8906	NULL
8907	300020441556
8908	366582507567
8909	366582507574
8910	642621060478
8911	642621060485
8912	366582507512
8913	7640168160401
8914	7640168160333
8915	7640168160395
8918	NULL
8919	NULL
8920	678112801220
8921	8715131006983
8922	6192405001769
8923	8437010381188
8924	9332986002046
8925	6192405001875
8926	NULL
8927	6297000720159
8928	NULL
8929	NULL
8931	5702191014297
8932	5702191014341
8933	5702191014334
8942	5055565740279
8943	5055565740286
8944	300020088553
8947	366582505976
8948	300020007554
8949	3400926847418
8950	3400926848828
8951	3400926850258
8952	4104480704222
8958	6251065014202
8959	6251065030127
8960	5415062008188
8961	5415062306048
8962	6192405000748
8963	NULL
8964	NULL
8965	7640180262169
8973	8010161104013
8975	7640249150024
8976	7640249150017
8978	7640249150048
8979	5055565735206
8980	6251065043691
8982	5283009053382
8983	NULL
8984	NULL
8985	5283009053375
8986	NULL
8987	5283009053443
8988	NULL
8989	5283009054198
8991	5285006161015
8992	5285006160988
8993	5000456011303
8994	5000456011327
8996	5702191014310
8998	771313190749
8999	771313190718
9000	7640133685519
9001	7640133685502
9002	5713219494366
9003	5713219494359
9004	NULL
9005	3400926659332
9006	3400926657901
9007	3400927626425
9008	3400921717631
9009	3400938750126
9010	3400927580956
9011	3400927974397
9012	3400927970207
9013	NULL
9014	NULL
9015	NULL
9017	5702191014464
9019	8436035562565
9022	838891030833
9023	3400941715372
9024	3400941715143
9025	3400930033371
9026	3400930033630
9031	3400958157646
9032	3400958157707
9036	5281019903758
9037	5281019903765
9038	5280250000240
9039	6251107425690
9040	6091403201945
9041	6091403201587
9042	6285447000125
9043	6221076013334
9045	838891030673
9046	NULL
9051	3664898060989
9052	3664898060972
9053	5055565740231
9054	5055565740248
9055	5055565718759
9056	5055565740262
9058	5038903000099
9059	5038903000105
9061	3499320007368
9063	15285003470360
9064	15285003470469
9065	15285003470452
9066	NULL
9067	3400930009772
9068	3400930010129
9069	3400930008966
9070	3400927440588
9071	3400927440878
9072	9003578000664
9073	NULL
9081	5055565740316
9083	3582910074014
9086	5280250000707
9087	5280250000714
9090	3400937635202
9095	8435232339413
9096	6285447000064
9097	NULL
9098	NULL
9099	NULL
9100	5206901002753
9101	5285006160995
9103	4037353017627
9104	4037353017610
9105	5206938079407
9106	4008500024423
9108	6285447000057
9110	3400941845345
9114	3400927710780
9115	3400927967184
9116	NULL
9117	NULL
9118	8470008817221
9120	9325728000011
9122	5281019903703
9123	5281019903642
9124	5281019903697
9125	5281019903857
9126	6251107425256
9127	NULL
9128	NULL
9129	NULL
9130	NULL
9132	NULL
9133	NULL
9134	NULL
9139	3400934828157
9141	3400930004562
9144	NULL
9146	NULL
9147	NULL
9148	3400922031507
9149	8435232339420
9150	5413868112641
9151	6223004514883
9152	8054083015309
9153	8054083015293
9154	7640114724213
9155	7640114724220
9156	7640114724237
9157	3400927939730
9160	8002660025364
9161	8002660025357
9162	5413868111071
9163	5413868111088
9164	5413868111095
9165	5712249106539
9167	NULL
9169	7612797359303
9170	7612797359297
9172	7038319114760
9173	7038319114777
9174	7038319114784
9175	8054083015286
9176	8054083015316
9179	843603556129
9180	843603556096
9181	NULL
9182	NULL
9183	4104480706073
9184	5283009053405
9185	5283009053399
9186	5283009053412
9189	NULL
9190	NULL
9191	7640128548461
9196	5281019903864
9198	NULL
9199	3838989665951
9200	3838989665975
9201	NULL
9202	5200251681101
9203	5200251681095
9204	NULL
9205	NULL
9206	8056515860617
9207	8056515860600
9214	3400958435072
9215	3400934088360
9216	NULL
9217	6291107438771
9218	6291107438757
9220	5283026900980
9221	5283026900829
9222	5283026900836
9223	5283026901574
9224	3838989648497
9227	8410840049305
9228	5200040228029
9230	NULL
9234	3400930112489
9235	3400926933265
9236	3400926933906
9237	3400926934446
9238	3400936240667
9239	3400936263260
9240	6251065030936
9241	6223004513794
9242	9120039163055
9243	6285447000071
9244	771313241625
9245	5281019903819
9246	5281019903871
9247	5281019903888
9248	5281019903895
9259	5283009053757
9260	5283009053870
9261	366582507345
9262	9332986002053
9263	84370110381409
9264	6251106802713
9269	NULL
9270	NULL
9271	3400949247127
9272	6192405002308
9275	NULL
9276	3665084000017
9277	8056515860587
9278	8056515860594
9279	5281019903475
9280	5281019903482
9281	5281019903949
9282	5281019903956
9283	5281019903963
9284	3400927649028
9285	3400927649547
9286	3400921871845
9287	3400921872965
9288	5285006161138
9289	5285006161312
9294	5290931028197
9295	5290931028180
9296	NULL
9297	NULL
9298	NULL
9299	7612291282589
9300	4037353017870
9302	NULL
9303	NULL
9313	6251065043653
9314	6251065043646
9315	NULL
9317	3400938734737
9318	8718692510982
9320	8906045945981
9321	NULL
9322	NULL
9323	NULL
9324	6221151004660
9325	5702150150103
9326	3400927626944
9327	5391507143365
9328	6221076511014
9329	NULL
9330	5283026900973
9331	5036519002360
9332	8435373701575
9333	6251065037119
9337	5000456007832
9339	5000456007870
9340	5283009053764
9341	5283009053733
9342	5283009054006
9344	NULL
9345	6297000720371
9346	NULL
9347	NULL
9348	NULL
9350	15285003472920
9351	6291107432755
9352	6291107432724
9353	NULL
9354	NULL
9356	7612291548678
9357	7612291548654
9358	4104480718038
9359	6091403217786
9360	NULL
9361	NULL
9362	3400927607905
9365	5413868113402
9367	5290931028371
9368	NULL
9369	8052742100601
9370	NULL
9371	NULL
9372	NULL
9373	NULL
9374	NULL
9375	NULL
9376	NULL
9377	NULL
9378	NULL
9379	NULL
9380	NULL
9382	8436024612585
9383	6291107933627
9384	6291107933603
9385	6291107933634
9386	5283009053962
9387	3400930045275
9389	NULL
9391	3582910090311
9394	5283009053993
9395	5415062335833
9396	5285006161343
9397	5206901002623
9399	6251065045954
9406	5413868111866
9407	300020205554
9408	300020206551
9410	3499320007047
9411	8902412025133
9412	890111738279
9414	3400930065518
9416	NULL
9419	5281019903277
9420	5415062305591
9422	6091403218950
9423	6091403218967
9426	6251891000073
9433	6251107425881
9436	6291100783014
9437	6223004515316
9438	3594455600245
9439	NULL
9441	3400934237355
9442	5283009054174
9444	5055565747599
9445	4104480806018
9446	8718692510975
9449	NULL
9450	5413787103768
9451	5413787022229
9452	5413787103782
9453	5413787024223
9454	6251107388018
9455	NULL
9456	5712249104382
9457	5712249104375
9458	NULL
9459	7613326024228
9460	6281086012932
9461	6281086012949
9462	3400935554192
9463	3400935554253
9464	3400935554314
9465	3400930071106
9466	3400930071199
9467	3400930071007
9468	3400930071243
9469	3400930073209
9472	3400927697104
9473	5283009053740
9474	NULL
9475	NULL
9477	5055565751916
9478	5285006161367
9479	5285006161381
9480	5285006160780
9481	5285006160865
9482	6192405002018
9483	NULL
9484	NULL
9485	5415062008232
9486	5290665008359
9487	5290665008366
9489	6091403218912
9491	5283026901680
9492	5283026900010
9494	5290931028289
9495	5283026901437
9496	8424342000047
9498	5413868113358
9499	10057606025217
9500	10057606025194
9501	3664798006537
9502	3664798006568
9504	6291100084579
9505	6291100087372
9506	5413760500874
9507	5413760500867
9508	5413760500850
9511	6251065047767
9513	5283009054099
9514	5283009054105
9515	5283009054242
9516	5283009054259
9519	5283009054143
9520	5283009054150
9522	NULL
9523	NULL
9526	6285111003575
9530	5283026900928
9531	5283026901659
9532	3400930077214
9534	8033219750352
9535	5281058130115
9537	NULL
9538	4054839569272
9539	4054839569289
9540	4054839569296
9541	3400922080062
9542	3400926708689
9544	622300214967
9545	6251599003055
9546	5056227202098
9547	5000456018807
9549	7613326013345
9550	5413868112283
9552	8052742100649
9553	NULL
9554	NULL
9555	NULL
9556	NULL
9557	NULL
9558	NULL
9559	NULL
9560	NULL
9561	NULL
9562	NULL
9563	NULL
9564	NULL
9565	NULL
9567	NULL
9571	5285006161879
9572	5285006161411
9573	5285006161602
9574	5285006161374
9575	5285006161350
9577	NULL
9578	NULL
9579	NULL
9580	NULL
9581	8002660030122
9582	NULL
9583	6251065043899
9584	NULL
9585	NULL
9586	NULL
9587	NULL
9588	NULL
9589	NULL
9590	NULL
9591	NULL
9593	5606251002753
9595	5034593021406
9597	8054083018287
9598	8054083018294
9599	5285006161909
9600	366582505877
9601	6285447000118
9602	NULL
9603	5415062331958
9604	NULL
9605	8052742100922
9606	8052742100632
9607	3400931533429
9608	8436024611830
9609	5283009054129
9610	5283009054136
9611	5283009054266
9612	5283009054273
9613	5283009054280
9614	5283009054297
9615	5283009054303
9616	8715131020286
9617	8715131020279
9618	8715131020385
9622	5285006161916
9623	5285006161817
9624	5281058231935
9625	5205411002963
9626	5413868116182
9629	3582186006139
9630	3582186006146
9631	3582186006153
9632	5290931028159
9633	5290931028166
9634	6251891001339
9638	7640153080561
9639	5415062313022
9640	5415062310397
9641	5415062310410
9644	NULL
9645	7640153088826
9646	NULL
9648	6251599002256
9649	6251599002263
9650	6251599002270
9651	6251599002287
9653	7038319116207
9654	7038319115385
9656	6251891000325
9657	4008500024904
9658	7612797507940
9659	7612797360309
9660	7612797507803
9661	7612797507902
9662	7612797504376
9663	NULL
9664	NULL
9666	NULL
9667	5407005591215
9668	5407005591239
9669	5280250000998
9671	5415062316382
9673	300020595556
9674	300020594559
9675	300020596553
9676	300020597550
9677	6285128007368
9678	3664898037042
9679	3664898037059
9685	20801500110787
9686	5283026901758
9687	5283026901611
9688	5415062343623
9690	NULL
9691	5290931028418
9692	8437010381225
9693	6192405001004
9694	6192405000403
9696	6251106802423
9697	6251106802447
9698	3400926980801
9699	NULL
9700	NULL
9703	6291107433202
9704	6291107438245
9705	6251159045051
9706	6251159052196
9707	6251159052219
9708	NULL
9709	NULL
9710	NULL
9711	NULL
9712	NULL
9713	NULL
9714	NULL
9715	NULL
9716	NULL
9717	NULL
9718	NULL
9723	7612797507872
9724	7612797507896
9725	7612797507834
9727	5415062008683
9728	5415062008676
9729	5285006161657
9730	3664798027716
9731	8715131007324
9732	6221076053613
9733	NULL
9734	3400930093290
9735	NULL
9738	NULL
9739	NULL
9742	8435232340518
9743	8435232340525
9744	8435232340532
9745	5283026901666
9746	6251107425478
9747	6251107425461
9748	6291107934365
9749	NULL
9755	5050650144062
9756	5050650144048
9757	5050650144055
9758	NULL
9759	NULL
9760	NULL
9761	6285447000088
9762	5283009054013
9763	5283009054020
9764	368611190023
9765	6291107934464
9766	6251065052921
9767	3400930067833
9768	3400930099230
9769	3400934152566
9771	NULL
9772	NULL
9773	NULL
9774	NULL
9775	NULL
9776	3400934159770
9777	6251891001315
9780	4030539193283
9781	6221508150118
9782	3400930121528
9783	5283009054464
9784	NULL
9785	NULL
9786	NULL
9787	NULL
9788	NULL
9789	NULL
9790	NULL
9791	NULL
9792	NULL
9793	NULL
9794	4260161043209
9795	4260161043193
9796	4260161043186
9797	3662042006562
9798	5600904003197
9799	5600904003203
9800	NULL
9801	6251653630005
9802	6251653220404
9803	NULL
9804	5702589309202
9805	6251065016237
9806	6251065015063
9807	6251065015056
9808	7640107470400
9809	3664798003376
9810	3400937627276
9817	366582508175
9818	NULL
9819	NULL
9820	5283009054112
9821	3400930096284
9822	3400926803124
9823	3400930125533
9826	NULL
9827	NULL
9829	NULL
9830	5280250001117
9831	300691195307
9832	5415062350317
9833	7612797529164
9836	6251891000233
9837	5415062334171
9839	6285094000776
9841	6285094000769
9842	6291107430966
9843	6091403218424
9845	5413787103232
9846	5413787103249
9847	5413787103256
9848	5413787220144
9849	NULL
9850	5400835013438
9851	NULL
9852	5056227202081
9853	NULL
9854	NULL
9855	8904182702313
9856	6091403218738
9857	7792183489590
9858	5600360211693
9859	6251065045534
9860	6251649000232
9861	6285064000096
9862	6285064000126
9863	6285064000065
9864	6285064000058
9865	6285064000089
9866	6285064000119
9867	6285064000041
9868	6285064000102
9869	6285064000072
9870	5413868110975
9871	5413868111859
9873	NULL
9874	NULL
9875	5413868111125
9876	5413868111002
9877	5413868110999
9879	NULL
9880	NULL
9881	NULL
9882	NULL
9883	NULL
9884	5285006161886
9885	5285006161664
9886	5285006161671
9889	5280250000264
9890	369516001032
9891	369516001025
9892	NULL
9893	NULL
9894	NULL
9895	NULL
9896	NULL
9897	NULL
9898	NULL
9899	3400930009772
9900	5391507144485
9901	20801500112835
9902	7613326023740
9903	7613326023733
9904	7613326023757
9905	7613326023764
9906	3585554171132
9907	5034593027200
9910	5415062344750
9911	5415062344736
9912	5415062344712
9913	5413868116373
9914	NULL
9915	NULL
9916	6251891000752
9917	3664798002249
9918	8032668871847
9919	5285006161404
9921	8059617890155
9922	300020688555
9923	366582502593
9924	366582507017
9927	5283026900683
9928	5283026901420
9929	6192405000304
9930	5391507143389
9931	5391507142092
9932	5391507143402
9933	5391507143372
9934	5391507143594
9935	5391507143396
9936	3838989721398
9938	8024790123451
9939	310702001091
9940	8436024612295
9941	6291107435497
9942	6291107430003
9943	6291107430041
9945	6291107430065
9946	6291107430812
9947	6291107430164
9948	6291107430195
9949	6192405005545
9950	6192405005552
9951	6192405005569
9952	6192405005576
9954	NULL
9955	NULL
9956	NULL
9957	NULL
9958	NULL
9959	NULL
9960	5285006161947
9961	4260161043230
9962	4260161043247
9963	4260161043223
9964	NULL
9965	NULL
9966	NULL
9967	NULL
9968	NULL
9970	5056227202531
9971	5056227202524
9972	NULL
9973	4897102130041
9974	5000158069008
9975	3400927396083
9976	3585554171668
9977	3585554171675
9978	3585554172351
9979	3585554166022
9980	3585554170654
9981	3585554171682
9982	5415062008294
9983	300081041108
9985	5391507143419
9987	5213008081062
9988	5213008081055
9989	3585554172344
9990	3585554172237
9991	3585554166190
9992	3585554172238
9993	7612797577707
9994	NULL
9997	NULL
9998	NULL
9999	NULL
10001	5038903001089
10002	5038903001072
10004	NULL
10005	NULL
10006	5603690002191
10007	NULL
10008	NULL
10009	8056860910012
10010	5281019904250
10011	NULL
10012	NULL
10013	6251649000317
10014	5600837241079
10015	6251148120028
10016	8032668871854
10018	3400930082812
10019	3400955037231
10020	3400930128336
10021	NULL
10022	NULL
10023	NULL
10024	3838989717476
10025	3838989717551
10026	6285074003346
10027	4897102130034
10029	6262286710040
10030	6262286710033
10031	6251065045466
10032	6251065045473
10033	5000456055369
10034	5000456055376
10035	300690231013
10036	NULL
10037	5600368490090
10038	NULL
10039	3400930085332
10040	NULL
10041	5712249109332
10042	5712249109325
10043	5712249109318
10044	8715131020798
10045	8715131020804
10046	NULL
10055	5281058930111
10056	5285006161831
10057	5391507143433
10061	6251151001062
10062	8055271669731
10063	8055271669717
10064	8055271669724
10065	8055271669700
10067	6291107433578
10068	6291107433646
10069	6291107433554
10070	3838989717568
10071	5415062341964
10073	8056860910005
10074	3400930085370
10075	5280250001131
10076	NULL
10077	NULL
10078	NULL
10079	NULL
10080	NULL
10081	NULL
10082	6251154206013
10083	6262268710132
10084	6260626475758
10085	6260626451615
10086	6260626477547
10087	6260626445645
10088	6260626444259
10089	NULL
10090	NULL
10091	5283026901703
10092	3400930090213
10094	3574661428666
10095	NULL
10096	NULL
10097	5285006161695
10098	3400930101094
10099	3400930101070
10100	3400930069325
10105	5600360211471
10106	4260584150225
10107	6291107438382
10108	NULL
10109	3400921738681
10110	3400941564895
10111	3400941567339
10112	3400941585777
10113	3400941600838
10114	6251065052792
10115	8025153006015
10116	8718692511415
10117	NULL
10118	NULL
10119	5600360211488
10120	6291107432335
10122	NULL
10123	NULL
10124	NULL
10125	NULL
10126	3585554170739
10127	3585554171941
10128	5280250001193
10129	NULL
10130	NULL
10131	NULL
10132	3400935794376
10133	3400930100585
10134	3400930100561
10135	3400930154861
10136	6251151001604
10138	5283026901741
10139	9088884203077
10140	9088884203060
10141	9088884203091
10142	9088884203107
10143	4019338607757
10144	5000456035361
10145	NULL
10146	5283009054631
10147	5283026901673
10148	NULL
10152	NULL
10153	5283026901734
10154	NULL
10155	NULL
10156	8436024613230
10157	5281019904311
10158	4019338607429
10159	6251891002480
10160	NULL
10161	NULL
10162	NULL
10163	NULL
10164	NULL
10165	NULL
10168	4019338607436
10174	87192449016427
10175	87192449016311
10176	3400927814150
10177	3400935794147
10178	NULL
10179	6291107438412
10180	6291107438399
10181	NULL
10182	NULL
10183	6262887500408
10184	6262887500392
10185	NULL
10186	NULL
10187	5415062343098
10188	5281019904656
10189	5415062343111
10190	NULL
10191	NULL
10192	NULL
10193	6260164689754
10194	5281019904281
10195	NULL
10196	NULL
10197	5285006161701
10198	5285006161640
10200	NULL
10201	NULL
10202	6291107432786
10203	NULL
10204	NULL
10205	NULL
10206	6260164604047
10207	NULL
10211	5415062351123
10212	5415062351116
10213	NULL
10214	NULL
10215	NULL
10216	5283009054549
10217	5283009054556
10218	5283009054662
10220	NULL
10221	52807601865181
10223	6251107425379
10225	NULL
10226	300084510014
10227	300698730303
10236	6260538400404
10238	3582910079217
10239	7612098002953
10240	7612098002960
10241	7612098002984
10242	7612098002977
10243	5415062305621
10244	5415062309599
10245	9088884456411
10246	9088884456398
10247	9088884456404
10248	NULL
10249	300690342016
10251	NULL
10252	NULL
10253	NULL
10255	3664798033700
10256	3582910091110
10259	NULL
10260	6260164680058
10261	NULL
10262	NULL
10263	NULL
10264	NULL
10265	NULL
10266	5415062346204
10268	NULL
10276	5000283660910
10277	8002660034632
10278	8002660035585
10279	8002660035592
10284	5712249108335
10285	5712249108342
10286	5712249108359
10287	300690315010
10289	5285006161961
10290	5285006161954
10292	5283009054945
10294	5280250001223
10295	5280250001230
10314	5281019904380
10315	5281019904366
10316	5281019904373
10319	5415062310144
10320	5011111813422
10321	5285006161749
10323	6260626474751
10324	6262286710071
10325	6262286710088
10326	6262286710064
10327	6262286710057
10328	6262887500040
10329	5285006161398
10330	5283009055126
10331	5283009055133
10335	5280250001278
10336	5285006161770
10337	5285006161787
10348	5283009060410
10349	5283009060533
10350	5283009060557
10351	5283009055010
10352	5283009053955
10353	5283009053948
10357	5283026901789
10359	5281019904847
10360	5281019904854
10361	5281019904830
10362	5281019904908
10375	5283009055072
10377	6262286710026
10394	5600360211136
10395	5600360211143
10410	6262286710019
10411	5283009055102
10412	5283009055119
10413	5283009055096
10415	5283009054068
10416	3400926847418
10417	3400926848828
10419	3400938999464
10420	3400927453656
10421	5285006161923
10422	5285006161800
10423	5281058340446
10424	5281058351930
10425	5281058320943
10427	3400927859274
10429	5280250001261
10441	5283009054594
10481	3400930152621
10482	3400930152645
10483	3400930152669
10484	3400930112427
10490	5283026901888
10491	5283026901895
10499	5291171001728
10500	5291171001711
10501	5285006161763
10502	5285006161756
10515	5283009055324
10530	5281019904915
10531	5281019904298
10544	5285006161688
10547	5281019904267
10548	5285006161930
10565	5283009060656
10577	5281019904519
10579	5281019904533
10580	5281019904274
10581	5281019904304
10585	5281019904649
10586	5283009055331
10587	5283009055355
10588	5283009055348
10589	5283009055362
10590	5283009055379
10593	3400930091524
10594	3400930091678
10607	5285006161732
10608	5285006161725
10659	7796285287023
10669	5281019904939
10679	5281019907572
10683	5281019904076
10687	5283009060458
10688	3400930117460
10689	3400930117507
10690	3400930170908
10691	3400930170885
10692	3400930098660
10693	3400930112038
10694	3400930112090
10698	5283009060373
10699	5283009060380
10702	5283009060311
10703	5283009060328
10706	5283009060335
10711	52807601495197
10712	52807601494190
10713	52807601118195
10714	52807601117198
10725	5281019904083
10726	5281019904090
10727	5281019904106
10728	3400930154991
10742	5283026901727
10743	5283026901987
10744	5283026901994
10751	5283009060038
10752	5283026901765
10753	5283026901840
10755	3400956068944
10756	8720648782008
10763	5281019907190
10764	5281019907206
10765	5281019907213
10766	5281019907893
10767	5281019907695
10768	5281058341931
10772	5280250001643
10774	5280250001612
10775	5280250001353
10778	5281019907657
10779	5281019903499
10780	5281019903505
10781	5281019904885
10782	5281019904892
10785	7609999840432
10786	7609999840425
10788	5281019907459
10789	5281019907435
10790	5283009060342
10791	5283009060045
10792	5283009060540
10793	5283009054976
10794	5283009060502
10795	5283009060496
10797	5283009060175
10798	5285006161978
10799	5285006161985
10809	5283009060526
10810	5283009060519
10835	3400941686474
10836	3400930099957
10837	3400930100035
10845	5280250001254
10846	5281058320448
10851	5281058330942
10852	6251144500978
10853	6251891000387
10863	7795355998852
10865	8410840051483
10866	7795355998708
10900	8904220501441
10902	5281058130917
10903	5280250001186
10904	5280250001179
10913	3400930187050
10923	5283009060618
10925	5280250000110
10926	5280250001629
10927	5280250000035
10928	5280250001728
10929	5280250001711
10930	5280250001698
10931	5280250000202
10932	5280250001650
10950	18901415204368
10981	5283009060281
10983	5283009060274
10984	5281058320912
10997	3400930204931
10998	3400930204962
10999	3400930203955
11000	3400930204986
