Code	Parenteral
28	Parentaral
30	Parentaral
31	Parentaral
32	Parentaral
33	Parentaral
34	Parentaral
49	
52	
53	
54	
55	
57	Parentaral
59	
92	
96	
103	
117	
133	
138	
141	
164	
168	
169	
196	
197	
253	
259	
272	Parentaral
274	
275	
276	
285	Parentaral
291	Parentaral
292	Parentaral
319	
321	
322	
363	Parentaral
369	
411	
412	
416	Parentaral
417	Parentaral
437	Parentaral
439	Parentaral
441	Parentaral
442	Parentaral
449	Parentaral
465	
480	
481	
482	
484	
490	
491	Parentaral
508	
509	Parentaral
511	
513	Parentaral
515	Parentaral
516	Parentaral
518	Parentaral
519	
521	Parentaral
522	Parentaral
528	
529	
530	
531	
542	Parentaral
544	
545	
550	
554	Parentaral
557	
570	Parentaral
571	
572	Parentaral
573	
579	
585	
603	
611	
612	
618	
622	
624	
637	
638	
639	
688	Parentaral
730	
731	
733	
753	
754	
755	Parentaral
759	
760	
761	
765	
767	
771	
772	
786	
790	
792	
793	
794	
796	
797	
798	
803	
804	
806	
808	
845	Parentaral
850	Parentaral
856	
867	
868	
869	
870	
885	
889	
890	
893	
897	
899	
955	Parentaral
956	Parentaral
957	
958	Parentaral
966	
968	
969	
973	
974	
975	
978	
983	
988	
993	
998	
1001	
1002	
1007	
1008	
1009	
1025	
1026	
1028	Parentaral
1037	Parentaral
1038	Parentaral
1039	Parentaral
1057	
1058	
1062	
1068	
1069	
1083	
1084	
1086	
1087	
1088	
1089	
1095	Parentaral
1096	Parentaral
1097	Parentaral
1099	Parentaral
1104	
1105	
1106	
1121	Parentaral
1122	
1123	
1124	
1129	
1130	
1131	
1132	
1134	
1137	
1139	
1141	
1151	
1157	
1161	
1162	
1163	
1164	
1167	
1169	
1177	
1179	
1191	Parentaral
1192	Parentaral
1193	Parentaral
1194	
1204	
1205	
1210	
1211	
1239	
1240	
1241	
1248	
1253	Parentaral
1255	Parentaral
1256	
1260	
1263	Parentaral
1271	
1274	
1277	
1278	
1290	Parentaral
1292	
1301	
1302	
1309	
1310	
1311	
1312	
1337	
1338	Parentaral
1340	
1341	
1342	
1343	
1350	
1351	
1352	
1356	
1362	
1363	
1369	
1372	
1373	
1381	
1382	
1383	
1384	
1385	
1386	
1394	Parentaral
1395	
1402	Parentaral
1403	
1415	
1416	
1433	Parentaral
1434	Parentaral
1440	
1453	
1454	
1455	
1459	
1460	
1475	
1478	
1479	
1490	
1491	
1492	Parentaral
1493	Parentaral
1494	
1497	
1498	
1499	
1503	
1510	
1511	
1523	
1525	
1527	
1531	
1542	
1543	
1544	
1548	
1551	
1552	
1553	
1554	
1555	Parentaral
1556	
1557	
1559	
1564	
1570	Parentaral
1571	Parentaral
1575	
1579	Parentaral
1580	
1581	
1589	
1591	
1595	
1602	
1606	
1610	
1617	Parentaral
1618	Parentaral
1629	
1630	
1636	
1641	
1642	
1643	
1644	
1646	Parentaral
1651	
1652	
1658	
1659	
1660	Parentaral
1662	
1664	
1665	
1668	
1671	
1679	
1681	
1682	
1685	
1686	
1689	
1705	Parentaral
1709	
1710	
1711	
1712	
1713	
1720	
1721	
1722	
1725	
1726	
1727	
1728	
1731	Parentaral
1732	Parentaral
1735	
1736	Parentaral
1746	
1747	
1752	Parentaral
1757	Parentaral
1758	Parentaral
1759	Parentaral
1765	
1766	
1770	
1772	
1779	Parentaral
1780	Parentaral
1781	
1800	
1801	
1808	
1809	
1811	
1812	
1819	
1820	
1822	
1823	
1832	
1835	
1837	
1839	
1840	
1842	Parentaral
1846	
1847	
1848	
1849	
1850	Parentaral
1852	
1853	
1854	
1855	
1857	
1858	
1859	
1860	
1861	
1862	
1864	
1865	
1867	
1869	
1870	
1872	
1877	
1878	
1879	
2010	
2012	
2014	Parentaral
2015	Parentaral
2016	Parentaral
2017	Parentaral
2018	Parentaral
2019	Parentaral
2023	Parentaral
2025	Parentaral
2028	Parentaral
2029	Parentaral
2036	
2038	
2041	
2043	
2045	
2085	Parentaral
2096	Parentaral
2097	Parentaral
2124	Parentaral
2127	Parentaral
2137	Parentaral
2139	Parentaral
2140	Parentaral
2156	
2157	
2177	Parentaral
2179	Parentaral
2198	
2199	
2217	
2219	Parentaral
2220	Parentaral
2222	
2224	Parentaral
2226	
2227	
2241	
2248	
2249	
2250	Parentaral
2251	
2263	Parentaral
2265	
2266	Parentaral
2267	Parentaral
2268	Parentaral
2271	Parentaral
2272	Parentaral
2273	Parentaral
2277	
2279	Parentaral
2280	Parentaral
2281	Parentaral
2282	Parentaral
2283	Parentaral
2284	Parentaral
2285	Parentaral
2287	Parentaral
2288	
2289	
2293	Parentaral
2295	
2308	
2322	
2326	
2332	Parentaral
2334	Parentaral
2344	
2345	
2349	
2350	
2361	
2365	
2366	
2370	
2381	
2382	
2417	
2418	
2419	
2420	
2421	
2423	
2426	
2427	Parentaral
2429	Parentaral
2451	
2462	Parentaral
2465	
2469	Parentaral
2473	Parentaral
2476	
2479	Parentaral
2480	Parentaral
2481	
2491	
2492	
2497	Parentaral
2498	Parentaral
2503	
2504	Parentaral
2511	Parentaral
2512	
2520	
2521	
2543	
2548	
2555	
2557	
2566	Parentaral
2570	Parentaral
2573	Parentaral
2576	
2579	
2581	
2593	
2595	Parentaral
2596	Parentaral
2610	Parentaral
2611	Parentaral
2612	
2626	Parentaral
2630	
2634	
2638	
2639	
2640	Parentaral
2645	
2647	Parentaral
2650	
2652	
2661	Parentaral
2662	Parentaral
2669	
2688	
2695	
2700	Parentaral
2705	
2708	
2714	
2719	
2731	
2735	Parentaral
2736	Parentaral
2739	Parentaral
2747	
2748	
2753	
2755	
2767	
2768	
2771	Parentaral
2793	Parentaral
2800	
2801	
2802	
2803	Parentaral
2805	
2806	Parentaral
2810	Parentaral
2811	Parentaral
2813	
2815	
2827	Parentaral
2855	Parentaral
2869	Parentaral
2871	Parentaral
2886	
2904	
2905	
2909	
2910	
2924	
2936	
2937	Parentaral
2938	
2941	Parentaral
2942	Parentaral
2968	
2969	
2974	
2975	
2976	Parentaral
2977	
2978	Parentaral
2979	
2980	
2985	
2986	Parentaral
2987	
3027	
3028	
3038	Parentaral
3045	
3046	
3047	
3054	
3055	
3058	
3059	
3069	
3070	
3074	
3077	
3079	
3086	
3094	
3110	
3115	
3116	
3119	Parentaral
3121	
3156	Parentaral
3161	
3168	
3172	
3180	
3188	Parentaral
3195	
3196	
3203	Parentaral
3206	
3247	
3263	Parentaral
3265	
3267	Parentaral
3268	
3272	Parentaral
3273	Parentaral
3274	Parentaral
3279	
3280	
3281	
3340	
3345	
3351	Parentaral
3353	Parentaral
3354	Parentaral
3356	Parentaral and Non-parentaral
3358	Parentaral
3367	
3371	
3376	Parentaral
3382	
3385	
3388	
3392	
3393	
3400	Parentaral
3401	Parentaral
3404	Parentaral
3411	Parentaral
3412	Parentaral
3413	Parentaral
3414	
3415	
3426	Parentaral
3427	
3434	
3435	
3436	
3444	
3447	Parentaral
3464	
3472	
3483	
3486	
3487	Parentaral
3488	Parentaral
3489	Parentaral
3490	
3491	
3495	
3504	Parentaral
3512	
3525	
3526	
3528	
3530	
3531	
3532	Parentaral
3539	Parentaral
3546	Parentaral
3559	
3560	
3561	
3563	
3564	
3570	
3571	
3572	
3576	Parentaral
3577	Parentaral
3578	Parentaral
3579	
3588	
3590	
3591	
3592	
3593	
3594	
3595	
3596	
3597	
3598	
3599	
3600	
3601	
3603	
3604	Parentaral
3605	
3607	
3610	
3611	
3621	
3626	Parentaral
3631	
3632	
3633	
3634	
3635	
3651	
3658	
3660	
3677	
3678	
3679	
3682	
3683	
3684	
3685	
3686	
3692	
3694	
3695	
3698	
3711	
3712	
3714	
3715	
3717	
3733	
3740	
3747	
3748	
3749	
3754	
3755	
3757	
3758	
3774	
3775	
3777	
3780	
3781	
3790	
3791	
3792	
3793	
3794	Parentaral
3795	Parentaral
3819	
3820	
3829	
3830	
3831	
3832	
3838	
3847	
3851	
3853	
3854	
3863	
3881	
3882	
3885	Parentaral
3887	
3888	
3889	
3890	
3891	
3894	
3895	
3898	
3899	
3900	
3902	
3903	
3904	Parentaral
3905	Parentaral
3906	
3907	
3909	Parentaral
3915	
3919	
3920	
3922	Parentaral
3928	Parentaral
3938	
3939	Parentaral
3940	Parentaral
3943	Parentaral
3944	Parentaral
3949	
3951	Parentaral
3952	Parentaral
3956	
3959	
3960	
3961	
3962	
3963	
3969	
3970	
3974	
3976	
3977	
3978	
3979	Parentaral
3980	
3981	
3984	Parentaral
3986	
3987	
3990	
3992	
3993	
3994	
3996	
3999	Parentaral
4015	
4016	
4017	
4018	
4019	
4020	Parentaral
4021	Parentaral
4022	Parentaral
4025	Parentaral
4028	Parentaral
4029	Parentaral
4041	
4043	Parentaral
4048	Parentaral
4057	Parentaral
4058	Parentaral
4061	
4067	
4070	
4071	
4075	
4078	
4079	
4082	
4083	Parentaral
4086	
4092	Parentaral
4093	Parentaral
4094	
4095	Parentaral
4097	Parentaral
4098	
4100	
4103	Parentaral
4104	Parentaral
4105	
4106	
4107	
4108	
4109	
4110	Parentaral
4111	Parentaral
4112	Parentaral
4113	Parentaral
4114	Parentaral
4115	Parentaral
4117	Parentaral
4119	Parentaral
4122	Parentaral
4124	Parentaral
4126	Parentaral
4128	Parentaral
4130	Parentaral
4133	Parentaral
4134	Parentaral
4136	Parentaral
4138	Parentaral
4142	Parentaral
4144	Parentaral
4147	Parentaral
4149	Parentaral
4151	Parentaral
4153	Parentaral
4155	Parentaral
4157	Parentaral
4159	Parentaral
4163	Parentaral
4165	Parentaral
4166	Parentaral
4167	Parentaral
4169	Parentaral
4174	Parentaral
4175	Parentaral
4176	Parentaral
4177	Parentaral
4179	Parentaral
4181	Parentaral
4182	Parentaral
4184	Parentaral
4187	Parentaral
4189	Parentaral
4191	
4192	
4196	Parentaral
4197	Parentaral
4198	Parentaral
4199	Parentaral
4200	Parentaral
4201	Parentaral
4202	Parentaral
4203	Parentaral
4204	Parentaral
4205	Parentaral
4206	Parentaral
4207	Parentaral
4208	Parentaral
4209	Parentaral
4211	Parentaral
4212	Parentaral
4214	Parentaral
4215	Parentaral
4217	Parentaral
4219	Parentaral
4221	Parentaral
4223	Parentaral
4224	Parentaral
4225	Parentaral
4227	
4229	
4231	
4235	
4236	Parentaral
4237	
4238	
4239	
4240	
4241	
4242	
4243	
4245	
4246	
4249	
4250	
4251	
4252	
4253	
4254	
4258	
4259	
4260	
4261	
4262	
4263	
4264	
4265	
4266	
4267	
4268	
4269	
4270	
4271	
4272	
4275	
4276	
4277	
4278	
4284	
4285	
4286	
4287	
4288	
4289	
4290	
4291	
4292	
4293	
4294	
4295	
4296	
4297	
4300	
4301	
4302	
4303	
4304	
4305	
4306	
4309	
4310	
4311	
4312	
4313	
4314	
4315	
4316	
4317	
4318	
4319	
4320	
4321	
4322	
4324	
4325	
4326	
4327	
4331	
4332	
4333	
4336	
4337	
4338	
4339	
4340	
4341	
4345	
4350	
4351	
4354	
4355	
4357	
4361	
4362	
4364	
4367	
4368	
4369	
4370	
4371	
4372	
4373	
4374	
4376	
4377	
4378	
4379	
4380	
4387	
4388	
4389	
4390	
4392	
4393	
4395	
4396	
4397	
4398	
4399	
4400	
4401	
4402	
4404	
4405	
4406	
4411	
4413	
4414	
4415	
4416	
4417	
4418	
4419	
4420	
4421	
4422	
4423	
4424	
4425	
4427	
4428	
4429	
4431	
4433	
4434	
4435	
4436	
4438	
4439	
4440	
4442	
4446	
4447	
4448	
4450	
4451	
4452	
4453	
4454	
4455	
4456	
4457	
4458	
4459	
4460	
4461	
4462	
4463	
4464	
4466	
4467	
4468	
4469	
4481	
4488	
4490	
4492	
4494	
4495	
4497	
4499	
4501	
4502	
4503	
4504	
4505	
4507	
4508	
4509	
4513	
4516	
4517	
4518	
4519	
4523	
4524	
4525	
4532	
4535	
4536	
4537	
4540	
4541	
4543	
4545	
4547	
4548	
4549	
4551	
4552	
4554	
4559	
4560	
4561	
4562	
4563	
4564	
4565	
4566	
4567	
4568	
4569	
4572	
4573	
4574	
4575	
4576	
4577	
4578	
4579	
4580	
4581	
4582	
4583	
4584	
4585	
4586	
4587	
4588	
4589	
4590	
4591	
4592	
4593	
4594	
4595	
4596	
4597	
4598	
4599	
4600	
4602	
4603	
4604	
4605	
4607	
4608	
4610	
4611	
4612	
4613	
4614	
4615	
4616	
4617	
4618	
4619	
4620	
4621	
4622	
4623	
4624	
4626	
4628	
4629	
4630	
4631	
4632	
4633	
4634	
4635	
4636	
4637	
4638	
4639	
4640	
4641	
4642	
4643	
4644	
4645	
4646	
4648	
4649	
4650	
4651	
4652	
4653	
4658	
4660	
4661	
4662	
4664	
4666	
4667	
4668	
4673	
4674	
4675	
4676	
4677	
4680	
4682	
4684	
4688	
4693	
4694	
4695	
4696	
4697	
4698	
4699	
4700	
4701	
4702	
4703	
4704	Parentaral
4710	
4714	
4715	
4718	
4719	
4720	
4721	
4722	
4725	
4728	
4729	
4730	
4731	
4735	
4736	
4737	
4738	
4745	
4747	Parentaral
4748	Parentaral
4749	Parentaral
4750	Parentaral
4751	Parentaral
4752	Parentaral
4753	Parentaral
4754	Parentaral
4755	Parentaral
4756	Parentaral
4764	Parentaral
4765	Parentaral
4766	Parentaral
4767	Parentaral
4769	Parentaral
4770	Parentaral
4772	Parentaral
4773	Parentaral
4774	Parentaral
4775	Parentaral
4776	Parentaral
4777	Parentaral
4778	Parentaral
4779	Parentaral
4780	Parentaral
4781	Parentaral
4782	Parentaral
4783	Parentaral
4784	Parentaral
4785	Parentaral
4786	Parentaral
4787	Parentaral
4788	Parentaral
4789	Parentaral
4790	Parentaral
4792	Parentaral
4793	Parentaral
4794	Parentaral
4795	Parentaral
4796	Parentaral
4800	
4801	Parentaral
4802	
4803	
4804	
4805	
4806	
4808	Parentaral
4809	Parentaral
4810	Parentaral
4811	
4830	
4831	
4857	Parentaral
4858	
4859	
4860	
4864	Parentaral
4874	
4875	
4898	
4903	
4904	
5021	
5027	
5036	
5037	
5039	
5040	
5041	
5042	
5043	Parentaral
5044	Parentaral
5045	
5046	
5047	Parentaral
5048	Parentaral
5049	Parentaral
5056	
5057	Parentaral
5060	Parentaral
5061	Parentaral
5065	
5066	Parentaral
5071	
5074	
5075	
5076	
5077	
5078	
5079	
5080	
5081	
5082	
5083	
5084	
5085	
5086	
5087	
5088	
5089	
5090	
5091	Parentaral
5092	Parentaral
5094	
5095	
5096	
5097	
5098	
5099	
5103	
5113	
5114	
5115	
5116	
5117	
5120	
5121	
5122	
5123	
5124	
5125	
5126	
5134	
5135	
5136	
5137	
5143	
5144	
5146	
5150	Parentaral
5152	Parentaral
5153	Parentaral
5155	
5157	
5158	
5159	
5161	
5163	
5164	
5171	
5172	
5173	
5174	
5175	
5177	
5179	
5180	
5181	
5182	
5184	
5185	Parentaral
5186	
5187	
5188	
5189	
5190	
5191	
5192	
5193	Parentaral
5194	Parentaral
5195	
5198	Parentaral
5199	
5201	Parentaral
5202	Parentaral
5205	
5206	
5207	
5208	
5209	
5210	Parentaral
5211	
5213	Parentaral
5216	
5220	
5222	Parentaral
5223	
5224	
5225	
5226	
5229	
5233	
5234	
5235	
5236	
5237	
5238	
5239	
5240	
5241	
5243	
5244	
5245	
5248	
5250	
5252	
5253	
5258	
5262	Parentaral
5263	Parentaral
5264	Parentaral
5266	
5267	
5268	
5269	
5270	
5271	
5274	
5275	
5276	Parentaral
5277	Parentaral
5278	
5282	
5283	
5284	
5285	
5286	
5289	
5291	
5292	
5293	
5295	
5298	
5302	
5303	
5306	
5309	Parentaral
5310	Parentaral
5311	Parentaral
5312	Parentaral
5313	Parentaral
5314	
5315	
5316	
5317	
5319	
5325	
5326	Parentaral
5327	Parentaral
5329	
5330	
5331	
5332	
5334	Parentaral
5335	
5336	
5341	
5342	
5343	Parentaral
5344	Parentaral
5345	
5346	
5356	
5357	
5358	
5359	
5360	
5361	
5363	
5364	
5365	
5366	Parentaral and Non-parentaral
5376	
5381	
5382	
5383	
5384	
5385	
5386	
5387	
5390	
5394	Parentaral
5396	
5397	
5399	
5400	
5401	
5404	
5405	
5416	
5417	
5418	
5419	
5420	
5422	
5427	
5429	
5432	
5434	Parentaral
5436	
5438	
5439	
5440	
5449	
5462	
5464	
5468	
5475	
5476	
5478	
5481	
5482	
5483	
5484	
5485	
5486	
5487	
5489	Parentaral
5490	
5492	
5493	
5497	Parentaral
5498	Parentaral
5499	
5500	
5502	Parentaral
5504	
5506	
5507	
5513	Parentaral
5516	
5518	
5519	
5520	
5521	
5522	
5523	
5524	
5537	
5538	
5539	
5540	
5541	
5542	
5543	
5545	
5546	
5547	
5548	
5549	
5554	Parentaral
5555	Parentaral
5561	
5562	
5565	
5567	Parentaral
5569	
5573	Parentaral
5574	Parentaral
5576	
5577	
5580	
5583	
5585	
5586	
5587	
5588	
5589	
5590	
5593	
5595	Parentaral
5596	
5598	Parentaral
5599	Parentaral
5610	Parentaral
5611	Parentaral
5612	Parentaral
5613	Parentaral
5614	
5615	
5616	
5617	
5623	
5624	
5625	
5626	Parentaral
5630	
5633	Parentaral
5639	
5644	
5647	
5648	
5658	Parentaral
5659	Parentaral
5661	
5662	
5666	
5667	
5669	
5670	
5671	
5672	
5673	Parentaral
5679	Parentaral
5680	Parentaral
5681	Parentaral
5683	
5688	
5689	
5690	
5691	
5693	
5694	Parentaral
5695	
5696	
5697	
5704	
5707	Parentaral
5709	Parentaral
5710	
5711	
5712	
5716	Parentaral
5717	Parentaral
5719	
5724	
5725	
5729	
5730	
5733	Parentaral
5734	
5735	
5739	
5742	Parentaral
5754	
5758	Parentaral
5759	
5761	
5763	
5764	
5766	
5768	Parentaral
5769	Parentaral
5770	
5771	
5774	
5775	
5776	
5779	Parentaral
5781	
5782	
5783	
5784	
5785	
5787	
5788	Parentaral
5789	Parentaral
5790	Parentaral
5791	
5792	
5795	
5797	
5798	Parentaral
5801	
5802	
5806	
5807	
5808	
5810	
5811	
5812	
5823	
5825	
5826	
5827	
5828	
5831	Parentaral
5833	Parentaral
5837	Parentaral
5838	Parentaral
5842	Parentaral
5843	Parentaral
5844	Parentaral
5846	Parentaral
5847	
5848	Parentaral
5849	Parentaral
5856	
5859	
5860	
5861	
5863	
5866	Parentaral
5867	Parentaral
5877	
5878	
5879	
5880	
5881	
5882	
5883	
5886	
5888	Parentaral
5889	
5891	
5894	Parentaral
5896	
5897	
5900	Parentaral
5901	Parentaral
5902	Parentaral
5904	Parentaral
5905	Parentaral
5906	Parentaral
5907	Parentaral
5910	
5911	
5912	
5913	
5914	
5915	
5916	
5924	
5925	
5927	
5929	
5930	
5931	Parentaral
5938	Parentaral
5942	
5944	
5948	
5949	
5950	
5951	
5954	
5956	Parentaral
5957	
5958	
5959	
5962	Parentaral
5963	Parentaral
5966	Parentaral
5967	
5968	
5969	
5970	
5971	
5974	
5976	
5979	
5980	
5981	
5982	
5983	
5984	
5986	
5987	
5988	
5989	
5990	
5992	
5996	
5998	
5999	
6001	
6002	Parentaral
6003	
6007	
6008	
6012	
6013	
6014	
6017	
6018	
6024	Parentaral
6025	
6026	
6027	
6028	
6029	
6030	
6031	
6047	
6048	
6054	
6055	
6056	
6057	
6058	
6059	
6060	Parentaral
6064	
6065	
6066	
6072	
6073	
6077	
6078	
6080	
6088	
6089	
6092	
6093	
6094	
6095	
6096	
6097	
6099	
6100	
6101	
6103	
6104	
6105	
6109	Parentaral
6110	Parentaral
6113	
6118	
6119	
6120	
6121	
6122	
6123	
6124	
6125	
6126	
6127	
6130	
6131	
6132	
6133	
6138	Parentaral
6143	
6144	
6149	
6150	
6151	
6152	
6157	
6158	
6161	Parentaral
6162	Parentaral
6163	
6164	
6169	
6180	Parentaral
6181	
6182	
6187	
6188	
6192	
6193	
6197	Parentaral
6201	Parentaral
6204	
6206	Parentaral
6207	
6211	Parentaral
6212	
6213	
6215	Parentaral
6216	Parentaral
6217	
6218	
6219	
6220	
6222	
6223	
6224	
6225	
6231	Parentaral
6232	Parentaral
6233	
6236	
6237	
6238	
6239	Parentaral
6240	
6241	
6242	
6243	
6248	
6249	
6251	
6252	
6253	
6254	Parentaral
6255	
6258	
6260	
6262	
6264	
6265	
6267	
6269	
6270	
6271	
6272	
6283	
6284	
6285	
6286	
6288	Parentaral
6290	
6293	
6294	
6295	
6299	Parentaral
6300	Parentaral
6301	
6302	
6303	
6304	Parentaral
6305	Parentaral
6306	
6307	
6308	
6309	
6310	
6311	
6312	
6313	
6314	
6318	Parentaral
6319	Parentaral
6320	
6322	Parentaral
6323	Parentaral
6324	
6325	Parentaral
6326	Parentaral
6327	
6335	Parentaral
6336	
6337	
6338	
6339	
6340	
6342	
6343	
6344	
6345	
6347	
6351	
6352	
6353	
6354	
6355	
6356	
6358	
6359	
6360	
6361	Parentaral
6362	Parentaral
6364	
6367	
6368	Parentaral
6370	Parentaral
6372	Parentaral
6374	
6375	
6380	
6383	Parentaral
6384	Parentaral
6385	
6387	
6388	
6389	
6390	
6393	
6394	
6395	
6396	
6398	
6400	
6401	
6402	
6404	Parentaral
6405	Parentaral
6406	Parentaral
6407	
6408	
6409	
6410	
6411	Parentaral
6412	Parentaral
6413	Parentaral
6420	
6421	
6422	
6425	Parentaral
6426	Parentaral
6434	
6437	
6438	
6439	
6441	
6442	Parentaral
6443	
6445	
6446	
6451	Parentaral
6453	
6455	Parentaral
6456	Parentaral
6457	
6459	
6460	Parentaral
6461	
6462	
6463	Parentaral
6464	Parentaral
6465	Parentaral
6466	
6467	
6468	Parentaral
6469	Parentaral
6470	Parentaral
6471	
6473	
6474	
6475	Parentaral
6477	
6478	
6480	
6481	
6483	
6484	
6486	
6487	
6488	
6489	
6494	
6497	Parentaral
6505	Parentaral
6512	
6513	Parentaral
6516	
6517	
6523	
6526	
6527	
6528	
6529	
6530	
6531	Parentaral
6532	Parentaral
6533	Parentaral
6534	Parentaral
6535	Parentaral
6536	Parentaral
6538	
6539	Parentaral
6542	Parentaral
6544	
6546	
6549	
6553	
6557	
6561	
6562	Parentaral
6568	Parentaral
6569	
6570	
6571	
6572	
6573	
6574	
6575	
6576	
6577	
6578	
6581	
6583	
6584	Parentaral
6586	
6587	Parentaral
6588	
6589	
6590	
6591	
6592	
6593	
6594	
6595	
6596	
6597	
6598	
6599	
6600	
6602	
6603	
6604	
6605	
6606	
6607	
6608	
6615	
6616	
6618	Parentaral
6620	
6621	
6622	
6623	
6624	Parentaral
6625	Parentaral
6626	Parentaral
6631	Parentaral
6632	Parentaral
6634	
6635	
6636	Parentaral
6637	Parentaral
6638	
6645	Parentaral
6649	
6650	Parentaral
6651	Parentaral
6652	Parentaral
6653	Parentaral
6654	Parentaral
6655	Parentaral
6656	Parentaral
6657	
6658	
6661	Parentaral
6663	
6664	
6668	
6669	
6674	
6675	
6676	
6677	
6678	
6679	
6680	
6681	
6682	
6687	
6689	
6691	
6692	
6694	
6695	Parentaral
6696	
6697	
6700	
6702	
6703	
6704	
6705	
6712	
6713	
6714	
6715	
6719	
6721	
6722	
6723	Parentaral
6724	
6726	
6727	
6728	
6729	
6730	
6738	
6739	
6740	Parentaral
6745	
6746	
6752	
6753	
6754	
6755	
6756	
6757	
6758	
6762	
6763	
6764	
6765	
6766	
6767	
6768	Parentaral
6769	Parentaral
6772	
6773	
6775	
6776	Parentaral
6779	Parentaral
6781	Parentaral
6782	Parentaral
6784	
6785	Parentaral
6786	Parentaral
6787	
6791	Parentaral
6797	Parentaral
6798	Parentaral
6799	Parentaral
6800	Parentaral
6805	
6806	
6812	Parentaral
6814	
6817	
6818	
6822	
6823	
6824	Parentaral
6825	
6830	Parentaral
6831	Parentaral
6832	Parentaral
6833	Parentaral
6834	
6835	
6836	
6837	
6838	
6839	
6840	
6841	
6844	
6845	
6846	
6847	
6848	
6849	
6850	Parentaral
6853	
6854	
6855	
6858	
6860	Parentaral
6861	Parentaral
6862	Parentaral
6863	Parentaral
6865	Parentaral
6867	
6868	
6869	
6872	
6879	
6880	
6881	
6883	
6884	
6885	
6886	
6887	
6890	
6891	Parentaral
6892	Parentaral
6893	Parentaral
6894	Parentaral
6895	
6903	Parentaral
6904	
6905	
6906	Parentaral
6907	Parentaral
6909	Parentaral
6912	Parentaral
6914	
6915	
6917	
6918	
6919	
6922	
6924	
6925	
6926	
6927	
6930	
6934	
6935	
6938	
6939	Parentaral
6940	
6941	
6942	
6943	
6946	
6947	
6951	
6953	
6955	
6958	Parentaral
6962	
6963	
6965	Parentaral
6966	Parentaral
6968	
6969	
6970	Parentaral
6971	Parentaral
6975	
6976	
6977	
6978	
6979	
6980	Parentaral
6982	Parentaral
6983	Parentaral
6984	Parentaral
6985	Parentaral
6986	
6988	
6991	
6992	
6993	
6995	Parentaral
6997	Parentaral
6999	
7000	Parentaral
7001	
7003	
7004	
7010	
7011	
7012	
7014	
7015	
7017	
7018	
7020	Parentaral
7021	Parentaral
7023	
7025	
7026	
7027	
7028	
7029	
7032	Parentaral
7035	
7036	
7037	
7038	
7041	
7042	
7043	
7044	
7045	
7046	
7047	
7048	
7049	
7050	Parentaral
7051	Parentaral
7052	Parentaral
7053	Parentaral
7054	Parentaral
7057	
7058	
7059	
7060	
7061	
7063	
7064	
7065	
7068	Parentaral
7069	Parentaral
7073	Parentaral
7074	Parentaral
7075	Parentaral
7076	Parentaral
7077	Parentaral
7078	
7082	
7087	
7088	
7091	
7092	Parentaral
7093	Parentaral
7094	
7095	
7097	Parentaral
7098	Parentaral
7099	Parentaral
7101	Parentaral
7115	
7116	
7117	
7118	
7119	
7120	
7121	
7122	
7123	Parentaral
7125	Parentaral
7126	Parentaral
7127	Parentaral
7129	Parentaral
7130	Parentaral
7131	Parentaral
7132	Parentaral
7136	
7137	
7142	
7145	
7146	
7147	Parentaral
7148	Parentaral
7149	Parentaral
7150	Parentaral
7152	
7153	
7155	
7156	
7158	
7159	
7160	
7163	
7167	
7168	
7169	
7170	
7171	
7172	
7173	
7174	
7176	
7177	
7178	Parentaral
7179	Parentaral
7180	
7183	
7184	
7185	
7187	Parentaral
7188	
7190	Parentaral
7193	Parentaral
7194	
7195	
7196	
7197	
7198	Parentaral
7199	
7204	
7205	
7211	Parentaral
7212	Parentaral
7214	
7216	Parentaral
7220	
7221	
7222	
7223	
7224	
7225	
7226	
7227	
7228	
7232	
7233	
7234	
7235	
7237	Parentaral
7238	Parentaral
7239	Parentaral
7242	
7243	
7244	
7246	
7249	Parentaral
7250	Parentaral
7251	
7252	
7253	
7257	
7258	
7261	
7262	
7263	
7264	
7265	
7266	Parentaral
7267	Parentaral
7268	
7269	
7270	
7273	
7274	
7276	
7280	Parentaral
7281	Parentaral
7282	
7283	Parentaral
7284	
7285	
7286	
7287	
7289	
7290	
7291	
7292	
7294	
7296	
7303	
7304	
7305	
7306	
7307	
7308	
7309	
7310	
7311	
7314	
7315	
7316	
7317	
7318	Parentaral
7319	
7320	
7321	
7322	
7323	Parentaral
7327	
7328	
7329	Parentaral
7330	
7331	
7332	
7333	
7337	
7338	
7339	
7340	
7341	
7342	
7343	
7344	
7345	
7346	
7347	
7348	
7349	
7350	
7352	
7353	
7354	
7355	
7356	
7357	
7358	
7359	
7360	
7361	
7362	
7363	
7365	Parentaral
7366	Parentaral
7367	Parentaral
7368	Parentaral
7369	Parentaral
7371	
7372	
7373	Parentaral
7374	Parentaral
7375	Parentaral
7376	Parentaral
7377	Parentaral
7378	Parentaral
7379	Parentaral
7381	Parentaral
7383	Parentaral
7384	
7385	
7386	
7387	
7388	
7389	
7390	
7393	
7394	
7395	
7396	
7397	
7400	Parentaral
7401	Parentaral
7402	Parentaral
7404	
7405	Parentaral
7406	
7408	
7409	
7410	
7411	
7412	
7413	
7414	
7415	
7417	
7419	Parentaral
7420	
7421	
7422	
7423	
7427	Parentaral
7428	
7429	
7430	
7431	
7432	
7434	
7435	
7436	
7437	
7440	
7443	Parentaral
7444	Parentaral
7445	
7446	
7447	
7452	Parentaral
7455	
7465	
7469	
7470	
7471	
7472	
7479	
7481	
7482	
7483	Parentaral
7484	Parentaral
7485	
7486	
7487	
7488	
7490	
7491	
7492	
7493	
7494	
7495	
7496	
7497	
7498	
7500	
7502	
7506	
7507	
7508	
7509	
7510	
7511	
7512	
7513	
7514	
7515	
7516	
7517	
7518	
7521	Parentaral
7525	
7526	
7527	
7530	
7531	
7532	
7533	Parentaral
7534	
7535	
7536	
7539	
7543	
7544	
7547	
7548	
7551	Parentaral
7552	
7554	Parentaral
7555	
7558	
7559	
7560	
7562	
7569	
7570	
7571	
7573	
7576	
7579	Parentaral
7582	
7583	
7585	
7586	Parentaral
7587	Parentaral
7589	
7591	
7594	Parentaral
7595	
7596	
7597	Parentaral
7598	Parentaral
7600	
7602	
7603	
7604	
7605	
7606	
7609	
7610	
7611	
7612	
7613	
7614	Parentaral
7615	Parentaral
7617	
7618	
7622	
7624	Parentaral
7626	
7628	Parentaral
7629	Parentaral
7630	
7631	
7632	
7633	Parentaral
7635	
7637	
7638	Parentaral
7639	
7640	
7641	
7642	
7643	Parentaral
7644	
7645	
7646	Parentaral
7647	
7648	
7650	
7651	
7653	Parentaral
7654	Parentaral
7655	Parentaral
7658	
7659	Parentaral
7660	
7661	
7662	
7663	
7664	
7665	
7666	
7668	
7669	
7670	Parentaral
7671	Parentaral
7674	
7675	
7676	
7677	
7678	
7679	
7680	
7681	
7685	
7687	
7688	
7689	
7694	
7697	
7698	
7703	
7706	
7707	Parentaral
7708	
7709	
7710	
7711	
7712	
7713	Parentaral
7715	Parentaral
7716	Parentaral
7717	Parentaral
7718	
7724	
7726	Parentaral
7727	
7728	
7729	
7730	
7731	
7732	
7733	
7734	
7735	Parentaral
7738	
7742	
7743	
7744	
7745	
7746	
7748	Parentaral
7750	Parentaral
7752	
7753	Parentaral
7754	Parentaral
7755	
7760	
7761	
7762	
7763	
7764	
7765	
7766	
7767	
7768	
7769	
7770	
7771	
7772	
7773	
7774	
7775	
7776	
7777	
7778	
7779	Parentaral
7781	
7787	Parentaral
7788	
7789	
7790	
7791	
7792	
7793	Parentaral
7798	
7806	
7809	Parentaral
7811	
7812	
7817	
7818	Parentaral
7819	Parentaral
7820	
7824	Parentaral
7825	
7826	
7827	
7832	
7836	Parentaral
7837	
7838	
7839	
7840	
7841	
7842	
7843	
7844	
7846	
7847	
7849	
7850	Parentaral
7851	Parentaral
7852	
7853	
7855	
7856	
7857	
7858	
7861	
7862	
7864	
7865	Parentaral
7866	Parentaral
7867	Parentaral
7868	Parentaral
7869	
7870	
7871	
7872	
7875	
7877	
7878	
7879	
7882	
7884	
7889	
7890	
7891	
7892	
7893	
7894	
7895	
7896	
7897	
7898	Parentaral
7907	
7908	
7909	
7910	
7911	
7913	
7918	
7919	
7920	
7921	
7922	
7923	Parentaral
7926	
7928	
7929	
7930	Parentaral
7932	
7933	
7934	
7935	
7936	
7938	Parentaral
7940	
7941	
7942	
7943	
7947	
7949	
7950	
7951	
7952	
7956	Parentaral
7957	Parentaral
7959	
7960	
7961	Parentaral
7964	Parentaral
7965	Parentaral
7966	Parentaral
7967	
7968	
7969	
7970	Parentaral
7972	
7973	
7974	Parentaral
7976	
7978	Parentaral
7980	
7982	
7985	Parentaral
7986	Parentaral
7987	
7989	
7990	Parentaral
7991	
7992	
7993	
7994	
7995	
7996	
7997	
7998	
7999	
8000	
8001	
8002	
8003	
8004	
8005	
8006	
8010	
8011	Parentaral
8013	
8014	
8015	Parentaral
8016	
8017	
8018	
8024	
8025	
8026	
8030	
8031	
8032	
8033	
8034	
8035	
8036	
8048	Parentaral
8049	
8050	
8052	
8053	Parentaral
8059	
8060	
8062	Parentaral
8063	Parentaral
8064	Parentaral
8065	Parentaral
8066	Parentaral
8067	
8068	
8069	
8070	
8075	Parentaral
8076	Parentaral
8081	
8082	Parentaral
8083	Parentaral
8084	Parentaral
8085	Parentaral
8087	Parentaral
8088	Parentaral
8089	Parentaral
8090	Parentaral
8092	Parentaral
8093	Parentaral
8094	
8095	
8096	
8098	
8099	Parentaral
8100	
8101	Parentaral
8102	Parentaral
8103	
8104	
8105	
8106	
8107	Parentaral
8111	Parentaral
8112	Parentaral
8113	Parentaral
8118	
8119	
8120	
8121	
8125	
8127	
8128	
8130	
8131	
8132	
8133	
8138	Parentaral
8141	
8142	Parentaral
8143	Parentaral
8144	
8145	Parentaral
8147	
8148	
8149	
8155	
8156	
8157	
8158	
8159	
8165	
8169	
8173	
8174	
8175	
8176	
8177	
8181	Parentaral
8183	
8186	Parentaral
8187	Parentaral
8188	
8189	
8191	
8192	
8193	
8194	
8195	
8196	
8201	Parentaral
8202	Parentaral
8203	
8204	
8210	
8214	
8215	
8216	
8217	
8222	
8223	
8224	Parentaral
8225	
8226	
8227	
8230	Parentaral
8231	
8232	
8233	
8234	
8235	
8236	Parentaral
8237	
8239	Parentaral
8240	
8241	
8242	
8243	
8244	
8245	
8246	
8249	Parentaral
8250	
8251	
8252	Parentaral
8253	
8254	Parentaral
8255	
8256	
8260	
8261	
8262	
8263	
8264	
8269	
8270	
8272	Parentaral
8273	
8274	
8275	
8278	
8279	Parentaral
8281	Parentaral
8284	
8285	Parentaral
8286	
8287	
8288	
8289	Parentaral
8290	
8292	
8299	
8300	
8301	
8302	
8304	
8306	
8307	
8308	
8309	
8312	
8313	
8314	
8315	
8316	
8317	
8318	
8319	
8320	
8321	
8322	
8323	
8324	
8325	
8326	
8329	
8331	Parentaral
8332	Parentaral
8333	
8338	
8339	
8340	
8341	
8342	
8343	
8345	
8346	
8347	
8348	
8349	
8350	
8351	
8352	
8353	
8354	
8357	
8360	
8362	
8363	
8364	
8365	
8366	
8368	Parentaral
8372	Parentaral
8373	
8374	
8377	
8378	
8379	
8380	
8381	
8382	
8383	
8384	
8385	
8386	
8387	
8388	
8389	
8390	
8394	
8395	
8396	
8397	
8398	Parentaral
8399	Parentaral
8402	Parentaral
8403	
8404	
8405	
8406	
8407	
8408	
8409	Parentaral
8410	
8411	
8412	Parentaral
8413	Parentaral
8414	Parentaral
8418	
8419	
8420	
8421	Parentaral
8422	
8423	
8424	
8425	
8428	Parentaral
8433	
8435	
8436	Parentaral
8437	Parentaral
8438	
8441	Parentaral
8443	
8444	
8445	
8446	Parentaral
8447	
8448	
8449	
8451	
8452	Parentaral
8453	Parentaral
8454	Parentaral
8455	Parentaral
8456	
8457	
8458	Parentaral
8459	
8460	Parentaral
8461	
8462	
8463	
8464	
8466	
8467	
8468	
8469	
8470	
8471	
8472	
8473	
8474	
8475	
8477	
8478	Parentaral
8479	
8480	
8481	
8482	
8483	
8484	
8485	
8486	
8487	Parentaral
8488	Parentaral
8489	
8491	
8492	Parentaral
8493	Parentaral
8496	Parentaral
8497	Parentaral
8498	Parentaral
8499	Parentaral
8502	
8503	Parentaral
8504	Parentaral
8506	
8507	
8508	
8509	
8510	
8512	
8513	
8514	
8515	
8516	
8517	
8518	Parentaral
8519	Parentaral
8520	
8521	
8522	
8524	
8525	
8526	
8527	Parentaral
8528	
8529	Parentaral
8530	
8531	
8532	
8534	
8535	
8541	Parentaral
8542	Parentaral
8543	
8544	
8546	
8547	
8548	
8551	
8553	
8556	
8558	
8559	Parentaral
8560	
8561	
8562	
8563	
8565	Parentaral
8566	Parentaral
8569	
8570	
8571	
8572	
8573	
8575	
8577	Parentaral
8578	Parentaral
8579	
8580	
8581	
8582	
8584	
8585	
8586	
8587	Parentaral
8588	
8589	
8590	Parentaral
8593	
8594	
8596	
8597	
8603	
8605	Parentaral
8606	Parentaral
8607	Parentaral
8608	Parentaral
8609	
8610	Parentaral
8613	
8616	
8617	
8620	
8621	
8622	
8628	
8633	
8634	
8635	
8637	
8638	
8639	Parentaral
8640	Parentaral
8641	Parentaral
8643	
8644	
8649	
8650	
8651	
8652	
8653	
8654	
8655	
8656	
8657	
8658	
8659	
8660	
8661	Parentaral
8662	Parentaral
8663	Parentaral
8664	
8669	
8670	
8671	
8672	
8673	Parentaral
8674	Parentaral
8675	Parentaral
8680	
8681	
8682	
8683	
8684	
8685	
8686	
8687	
8688	
8689	Parentaral
8690	Parentaral
8692	
8695	
8701	Parentaral
8704	
8705	
8706	Parentaral
8707	Parentaral
8708	
8709	
8710	
8711	
8712	
8713	
8714	
8715	
8719	
8720	
8721	
8722	
8723	
8724	
8725	
8726	
8728	Parentaral
8729	Parentaral
8731	Parentaral
8732	Parentaral
8733	Parentaral
8734	Parentaral
8735	Parentaral
8736	Parentaral
8737	Parentaral
8738	
8739	
8740	
8741	
8742	
8743	
8744	Parentaral
8745	Parentaral
8746	Parentaral
8747	Parentaral
8748	
8751	Parentaral
8753	
8754	
8756	
8757	
8758	Parentaral
8759	
8760	
8761	
8763	
8764	
8765	
8766	
8767	
8768	
8769	
8773	Parentaral
8774	Parentaral
8775	
8777	
8778	
8779	
8782	
8783	
8785	
8786	Parentaral
8787	Parentaral
8788	Parentaral
8789	
8790	
8791	
8792	
8793	
8794	
8796	
8797	
8800	
8804	Parentaral
8805	Parentaral
8806	Parentaral
8807	
8809	
8810	
8811	
8812	
8814	
8815	
8816	
8817	
8818	
8819	
8820	
8822	
8823	
8824	
8825	
8826	
8827	
8828	
8829	
8830	
8831	
8832	Parentaral
8833	
8834	Parentaral
8835	Parentaral
8836	
8838	
8839	
8840	
8841	
8842	
8843	
8844	
8847	
8848	Parentaral
8849	Parentaral
8850	Parentaral
8851	Parentaral
8852	Parentaral
8853	Parentaral
8854	Parentaral
8856	Parentaral
8857	Parentaral
8858	Parentaral
8859	
8862	Parentaral
8863	Parentaral
8864	Parentaral
8865	Parentaral
8868	Parentaral
8869	
8870	
8871	Parentaral
8876	Parentaral
8877	
8879	
8880	
8881	
8882	
8883	
8886	
8887	
8888	
8889	
8892	
8893	
8894	Parentaral
8895	Parentaral
8896	Parentaral
8897	Parentaral
8898	
8899	Parentaral
8900	Parentaral
8901	Parentaral
8903	
8904	
8905	
8906	
8907	Parentaral
8908	Parentaral
8909	Parentaral
8910	Parentaral
8911	Parentaral
8912	Parentaral
8913	
8914	
8915	
8918	
8919	
8920	
8921	Parentaral
8922	Parentaral
8923	
8924	
8925	Parentaral
8926	Parentaral
8927	
8928	
8929	
8931	
8932	
8933	
8938	
8939	
8942	Parentaral
8943	Parentaral
8944	Parentaral
8947	Parentaral
8948	Parentaral
8949	
8950	
8951	
8952	
8953	
8957	
8958	
8959	
8960	
8961	
8962	
8963	Parentaral
8964	Parentaral
8965	
8971	
8972	
8973	
8975	
8976	
8978	
8979	
8980	Parentaral
8981	Parentaral
8982	Parentaral
8983	
8984	
8985	
8986	
8987	
8988	
8989	Parentaral
8990	
8991	
8992	
8993	
8994	
8996	
8998	
8999	
9000	
9001	
9002	Parentaral
9003	Parentaral
9004	Parentaral
9005	
9006	
9007	
9008	
9009	
9010	
9011	
9012	
9013	
9014	
9015	Parentaral
9016	Parentaral
9017	
9019	
9020	Parentaral
9021	Parentaral
9022	
9023	
9024	
9025	
9026	
9029	
9031	Parentaral
9032	Parentaral
9033	Parentaral
9034	
9035	Parentaral
9036	
9037	
9038	
9039	
9040	
9041	
9042	
9043	
9045	
9046	
9048	
9050	
9051	
9052	
9053	
9054	
9055	
9056	
9058	
9059	
9061	
9063	
9064	
9065	
9066	
9067	
9068	
9069	
9070	
9071	
9072	
9073	Parentaral
9081	
9083	
9086	Parentaral
9087	Parentaral
9090	
9092	
9093	
9094	
9095	
9096	
9097	
9098	
9099	
9100	
9101	
9102	Parentaral
9103	Parentaral
9104	Parentaral
9105	Parentaral
9106	
9108	
9109	Parentaral
9110	Parentaral
9111	Parentaral
9112	
9114	
9115	
9116	Parentaral
9117	Parentaral
9118	
9120	
9122	
9123	
9124	
9125	
9126	
9127	Parentaral
9128	Parentaral
9129	Parentaral
9130	Parentaral
9132	Parentaral
9133	Parentaral
9134	Parentaral
9139	
9140	
9141	
9144	Parentaral
9146	
9147	
9148	
9149	
9150	Parentaral
9151	
9152	
9153	
9154	
9155	
9156	
9157	
9160	
9161	
9162	
9163	
9164	
9165	Parentaral
9166	
9167	
9169	
9170	
9172	
9173	
9174	
9175	
9176	
9179	
9180	
9181	
9182	
9183	
9184	Parentaral
9185	Parentaral
9186	Parentaral
9189	Parentaral
9190	Parentaral
9191	
9196	
9198	Parentaral
9199	
9200	
9201	
9202	Parentaral
9203	Parentaral
9204	
9205	Parentaral
9206	Parentaral
9207	Parentaral
9209	Parentaral
9210	Parentaral
9211	Parentaral
9212	Parentaral
9214	Parentaral
9215	
9216	Parentaral
9217	
9218	
9220	
9221	
9222	
9223	
9224	
9227	
9228	Parentaral
9230	
9234	
9235	
9236	
9237	
9238	
9239	
9240	Parentaral
9241	
9242	Parentaral
9243	
9244	
9245	
9246	
9247	
9248	
9249	
9250	
9251	
9252	
9253	
9254	
9255	
9256	
9257	
9259	
9260	
9261	
9262	
9263	
9264	
9265	
9266	
9267	
9268	
9269	Parentaral
9270	Parentaral
9271	
9272	Parentaral
9275	
9276	
9277	
9278	
9279	
9280	
9281	
9282	
9283	
9284	
9285	
9286	
9287	
9288	Parentaral
9289	Parentaral
9290	
9294	
9295	
9296	
9297	
9298	
9299	Parentaral
9300	Parentaral
9302	Parentaral
9303	Parentaral
9313	
9314	
9315	Parentaral
9317	
9318	
9320	
9321	
9322	
9323	
9324	
9325	Parentaral
9326	
9327	
9328	
9329	
9330	
9331	
9332	Parentaral
9333	Parentaral
9337	
9339	
9340	
9341	
9342	
9343	
9344	
9345	
9346	Parentaral
9347	Parentaral
9348	Parentaral
9349	
9350	
9351	
9352	
9353	
9354	
9355	
9356	Parentaral
9357	Parentaral
9358	
9359	Parentaral
9360	
9361	
9362	
9363	
9364	
9365	
9366	Parentaral
9367	
9368	
9369	Parentaral
9370	Parentaral
9371	Parentaral
9372	Parentaral
9373	Parentaral
9374	Parentaral
9375	Parentaral
9376	Parentaral
9377	Parentaral
9378	Parentaral
9379	Parentaral
9380	Parentaral
9382	
9383	Parentaral
9384	Parentaral
9385	Parentaral
9386	Parentaral
9387	
9389	Parentaral
9390	
9391	
9394	Parentaral
9395	Parentaral
9396	Parentaral
9397	Parentaral
9399	Parentaral
9400	
9406	
9407	
9408	
9409	
9410	
9411	Parentaral
9412	
9413	
9414	
9416	Parentaral
9419	
9420	
9422	Parentaral
9423	Parentaral
9426	Parentaral
9427	Parentaral
9432	Parentaral
9433	
9436	
9437	
9438	
9439	Parentaral
9440	Parentaral
9441	
9442	
9443	Parentaral
9444	Parentaral
9445	
9446	
9448	Parentaral
9449	
9450	
9451	
9452	
9453	
9454	
9455	
9456	Parentaral
9457	Parentaral
9458	Parentaral
9459	
9460	
9461	
9462	
9463	
9464	
9465	
9466	
9467	
9468	
9469	
9470	Parentaral
9471	Parentaral
9472	
9473	
9474	
9475	
9477	Parentaral
9478	
9479	
9480	
9481	
9482	Parentaral
9483	Parentaral
9484	Parentaral
9485	
9486	
9487	
9488	
9489	Parentaral
9491	
9492	
9493	Parentaral
9494	Parentaral
9495	
9496	
9497	Parentaral
9498	Parentaral
9499	
9500	
9501	
9502	
9504	
9505	
9506	
9507	
9508	
9509	Parentaral
9510	Parentaral
9511	
9513	
9514	
9515	
9516	
9519	Parentaral
9520	Parentaral
9522	
9523	
9526	Parentaral
9527	Parentaral
9528	Parentaral
9529	Parentaral
9530	
9531	
9532	
9534	
9535	
9536	Parentaral
9537	
9538	
9539	
9540	
9541	
9542	
9543	Parentaral
9544	Parentaral
9545	
9546	
9547	
9548	Parentaral
9549	Parentaral
9550	Parentaral
9552	Parentaral
9553	
9554	
9555	Parentaral
9556	Parentaral
9557	Parentaral
9558	Parentaral
9559	Parentaral
9560	Parentaral
9561	Parentaral
9562	Parentaral
9563	Parentaral
9564	Parentaral
9565	Parentaral
9567	
9568	
9570	Parentaral
9571	Parentaral
9572	
9573	
9574	
9575	
9577	
9578	Parentaral
9579	
9580	
9581	
9582	
9583	
9584	Parentaral
9585	Parentaral
9586	Parentaral
9587	Parentaral
9588	Parentaral
9589	
9590	
9591	
9592	Parentaral
9593	
9595	
9597	Parentaral
9598	Parentaral
9599	Parentaral
9600	
9601	
9602	
9603	Parentaral
9604	Parentaral
9605	Parentaral
9606	Parentaral
9607	
9608	
9609	
9610	
9611	
9612	
9613	
9614	
9615	
9616	Parentaral
9617	Parentaral
9618	Parentaral
9619	
9621	
9622	Parentaral
9623	Parentaral
9624	
9625	Parentaral
9626	
9627	
9628	
9629	
9630	
9631	
9632	Parentaral
9633	Parentaral
9634	Parentaral
9635	Parentaral
9638	
9639	
9640	
9641	
9644	Parentaral
9645	
9646	
9648	
9649	
9650	
9651	
9652	
9653	
9654	
9655	
9656	Parentaral
9657	
9658	
9659	
9660	
9661	
9662	
9663	
9664	
9666	
9667	
9668	
9669	Parentaral
9671	Parentaral
9672	Parentaral
9673	
9674	
9675	
9676	
9677	
9678	
9679	
9682	
9683	
9684	
9685	Parentaral
9686	
9687	
9688	Parentaral
9689	
9690	
9691	Parentaral
9692	
9693	Parentaral
9694	Parentaral
9695	Parentaral
9696	Parentaral
9697	Parentaral
9698	
9699	
9700	
9701	
9702	
9703	
9704	
9705	
9706	
9707	
9708	Parentaral
9709	Parentaral
9710	Parentaral
9711	Parentaral
9712	Parentaral
9713	Parentaral
9714	Parentaral
9715	Parentaral
9716	Parentaral
9717	Parentaral
9718	Parentaral
9723	
9724	
9725	
9726	
9727	
9728	
9729	Parentaral
9730	Parentaral
9731	Parentaral
9732	
9733	Parentaral
9734	
9735	
9738	
9739	
9740	
9741	
9742	
9743	
9744	
9745	
9746	
9747	
9748	Parentaral
9749	Parentaral
9751	
9752	
9753	
9754	
9755	Parentaral
9756	Parentaral
9757	Parentaral
9758	
9759	
9760	
9761	
9762	
9763	
9764	
9765	Parentaral
9766	Parentaral
9767	
9768	
9769	
9770	
9771	
9772	Parentaral
9773	Parentaral
9774	Parentaral
9775	Parentaral
9776	
9777	Parentaral
9778	Parentaral
9779	Parentaral
9780	Parentaral
9781	
9782	
9783	
9784	Parentaral
9785	Parentaral
9786	Parentaral
9787	Parentaral
9788	Parentaral
9789	Parentaral
9790	Parentaral
9791	Parentaral
9792	Parentaral
9793	Parentaral
9794	
9795	
9796	
9797	
9798	
9799	
9800	
9801	
9802	
9803	
9804	
9805	
9806	
9807	
9808	
9809	Parentaral
9810	
9811	
9812	
9813	
9814	
9815	
9816	
9817	
9818	Parentaral
9819	
9820	
9821	
9822	
9823	
9825	Parentaral
9826	
9827	
9828	Parentaral
9829	
9830	Parentaral
9831	
9832	
9833	Parentaral
9834	Parentaral
9835	Parentaral
9836	
9837	Parentaral
9839	
9841	
9842	
9843	
9845	
9846	
9847	
9848	
9849	
9850	
9851	Parentaral and Non-parentaral
9852	Parentaral
9853	
9854	
9855	
9856	
9857	
9858	
9859	Parentaral
9860	
9861	
9862	
9863	
9864	
9865	
9866	
9867	
9868	
9869	
9870	
9871	
9872	Parentaral
9873	
9874	
9875	
9876	
9877	
9878	
9879	
9880	Parentaral
9881	Parentaral
9882	Parentaral
9883	Parentaral
9884	Parentaral
9885	Parentaral
9886	Parentaral
9887	
9888	
9889	Parentaral
9890	
9891	
9892	Parentaral
9893	Parentaral
9894	Parentaral
9895	Parentaral
9896	Parentaral
9897	Parentaral
9898	
9899	
9900	
9901	Parentaral
9902	Parentaral
9903	Parentaral
9904	Parentaral
9905	Parentaral
9906	
9907	
9908	
9909	
9910	
9911	
9912	
9913	Parentaral
9914	
9915	
9916	Parentaral
9917	Parentaral
9918	
9919	
9920	Parentaral
9921	Parentaral
9922	Parentaral
9923	
9924	Parentaral
9925	
9926	
9927	
9928	
9929	Parentaral
9930	
9931	
9932	
9933	
9934	
9935	
9936	
9938	
9939	
9940	
9941	
9942	
9943	
9945	
9946	
9947	
9948	
9949	Parentaral
9950	Parentaral
9951	Parentaral
9952	Parentaral
9953	
9954	Parentaral
9955	Parentaral
9956	Parentaral
9957	Parentaral
9958	Parentaral
9959	Parentaral
9960	
9961	
9962	
9963	
9964	
9965	
9966	
9967	
9968	
9970	
9971	
9972	Parentaral
9973	
9974	
9975	
9976	
9977	
9978	
9979	
9980	
9981	
9982	Parentaral
9983	
9984	Parentaral
9985	Parentaral
9987	Parentaral
9988	Parentaral
9989	
9990	
9991	
9992	
9993	
9994	
9996	
9997	Parentaral
9998	Parentaral
9999	Parentaral
10001	
10002	
10004	
10005	
10006	
10007	
10008	
10009	
10010	
10011	
10012	
10013	
10014	
10015	
10016	
10018	
10019	Parentaral
10020	
10021	Parentaral
10022	Parentaral
10023	Parentaral
10024	
10025	
10026	
10027	Parentaral
10029	Parentaral
10030	Parentaral
10031	
10032	
10033	Parentaral
10034	Parentaral
10035	
10036	
10037	Parentaral
10038	
10039	
10040	
10041	Parentaral
10042	Parentaral
10043	Parentaral
10044	Parentaral
10045	Parentaral
10046	
10047	
10048	Parentaral
10055	
10056	
10057	
10058	
10059	
10060	
10061	
10062	Parentaral
10063	Parentaral
10064	Parentaral
10065	Parentaral
10067	
10068	
10069	
10070	
10071	Parentaral
10073	
10074	
10075	Parentaral
10076	Parentaral
10077	Parentaral
10078	Parentaral
10079	
10080	
10081	
10082	
10083	
10084	Parentaral
10085	Parentaral
10086	Parentaral
10087	Parentaral
10088	Parentaral
10089	
10090	
10091	
10092	
10093	
10094	
10095	
10096	Parentaral
10097	Parentaral
10098	
10099	
10100	
10105	
10106	
10107	
10108	Parentaral
10109	
10110	
10111	
10112	
10113	
10114	Parentaral
10115	
10116	Parentaral
10117	
10118	
10119	
10120	
10122	
10123	
10124	
10125	
10126	
10127	
10128	Parentaral
10129	Parentaral
10130	Parentaral
10131	Parentaral
10132	
10133	
10134	
10135	
10136	
10137	Parentaral
10138	
10139	
10140	
10141	
10142	
10143	
10144	Parentaral
10145	
10146	
10147	
10148	
10152	Parentaral
10153	
10154	Parentaral
10155	Parentaral
10156	
10157	
10158	
10159	Parentaral
10160	
10161	
10162	
10163	
10164	Parentaral
10165	
10166	Parentaral
10167	Parentaral
10168	
10169	
10170	
10171	
10172	
10173	
10174	
10175	
10176	
10177	
10178	Parentaral
10179	
10180	
10181	
10182	
10183	
10184	
10185	
10186	
10187	Parentaral
10188	
10189	Parentaral
10190	
10191	
10192	
10193	
10194	
10195	Parentaral
10196	
10197	
10198	
10200	
10201	
10202	
10203	
10204	
10205	
10206	Parentaral
10207	
10208	
10209	
10210	
10211	Parentaral
10212	Parentaral
10213	
10214	
10215	
10216	Parentaral
10217	Parentaral
10218	
10219	
10220	
10221	
10222	Parentaral
10223	
10224	
10225	Parentaral
10226	Parentaral
10227	
10236	
10238	
10239	Parentaral
10240	Parentaral
10241	Parentaral
10242	Parentaral
10243	
10244	
10245	
10246	
10247	
10248	
10249	Parentaral
10251	
10252	
10253	Parentaral
10255	Parentaral
10256	
10259	
10260	Parentaral
10261	
10262	
10263	
10264	
10265	
10266	Parentaral
10268	
10269	
10270	
10271	
10272	
10273	
10274	
10275	Parentaral
10276	Parentaral
10277	Parentaral
10278	
10279	
10280	
10281	Parentaral
10282	Parentaral
10283	Parentaral
10284	Parentaral
10285	Parentaral
10286	Parentaral
10287	Parentaral
10288	Parentaral
10289	
10290	
10291	
10292	Parentaral
10293	
10294	
10295	
10296	
10297	
10298	
10299	
10300	
10301	
10302	
10303	
10304	
10305	
10306	Parentaral
10307	Parentaral
10308	Parentaral
10309	Parentaral
10310	Parentaral
10311	Parentaral
10312	Parentaral
10313	
10314	
10315	
10316	
10317	
10318	
10319	
10320	
10321	
10323	Parentaral
10324	Parentaral
10325	Parentaral
10326	Parentaral
10327	Parentaral
10328	Parentaral
10329	
10330	
10331	
10332	
10333	
10334	
10335	
10336	
10337	
10338	
10339	
10340	
10341	
10342	
10343	
10344	Parentaral
10348	
10349	
10350	
10351	
10352	
10353	
10354	
10355	Parentaral
10356	Parentaral
10357	
10358	Parentaral
10359	
10360	
10361	
10362	
10363	
10364	
10365	
10366	
10367	
10368	
10369	
10370	
10371	
10372	
10373	
10374	
10375	
10376	
10377	Parentaral
10380	
10381	Parentaral
10382	Parentaral
10383	Parentaral
10384	Parentaral
10385	Parentaral
10386	Parentaral
10387	Parentaral
10388	Parentaral
10389	Parentaral
10390	Parentaral
10391	Parentaral
10392	Parentaral
10393	Parentaral
10394	
10395	
10396	
10397	Parentaral
10398	Parentaral
10399	Parentaral
10400	
10401	
10402	
10403	
10404	
10405	
10406	
10407	
10408	
10409	
10410	Parentaral
10411	
10412	
10413	
10415	Parentaral
10416	
10417	
10418	
10419	
10420	
10421	Parentaral
10422	Parentaral
10423	
10424	
10425	
10426	Parentaral
10427	
10428	Parentaral
10429	
10430	
10431	
10432	
10433	
10434	
10435	
10436	
10437	
10438	
10439	
10440	Parentaral
10441	
10442	
10443	
10444	
10445	Parentaral
10446	
10447	
10448	Parentaral
10449	Parentaral
10450	
10451	
10452	
10453	
10454	
10455	
10456	
10457	
10458	
10460	
10461	
10462	
10463	
10464	
10465	
10466	
10467	
10468	
10469	
10470	Parentaral
10471	Parentaral
10472	Parentaral
10473	Parentaral
10474	
10475	Parentaral
10476	Parentaral
10477	Parentaral
10478	Parentaral
10479	Parentaral
10480	
10481	
10482	
10483	
10484	
10485	
10486	
10487	
10488	
10489	Parentaral
10490	
10491	
10492	
10493	
10494	Parentaral
10495	Parentaral
10496	Parentaral
10497	Parentaral
10498	Parentaral
10499	
10500	
10501	
10502	
10503	
10504	
10505	
10506	
10507	Parentaral
10508	Parentaral
10509	
10510	
10511	
10512	
10514	
10515	
10516	
10517	Parentaral
10518	
10519	Parentaral
10520	Parentaral
10521	
10522	
10523	
10524	
10525	Parentaral
10526	
10527	
10528	
10529	
10530	
10531	
10532	
10533	
10534	
10535	
10536	
10537	
10538	
10539	
10540	
10541	
10542	
10543	
10544	
10545	
10546	
10547	
10548	
10550	
10551	
10552	
10553	
10554	
10555	
10556	
10557	Parentaral
10558	Parentaral
10559	Parentaral
10560	Parentaral
10561	
10562	
10563	
10564	
10565	
10566	Parentaral
10567	Parentaral
10568	Parentaral
10569	Parentaral
10570	Parentaral
10571	Parentaral
10572	Parentaral
10573	Parentaral
10574	Parentaral
10575	Parentaral
10576	
10577	
10578	
10579	
10580	
10581	
10582	
10583	Parentaral
10584	Parentaral
10585	
10586	
10587	
10588	
10589	
10590	
10591	
10592	Parentaral
10593	
10594	
10595	Parentaral
10596	
10597	
10598	Parentaral
10599	
10600	
10601	
10602	
10603	
10604	
10605	
10606	
10607	
10608	
10609	
10610	
10611	Parentaral
10612	Parentaral
10613	Parentaral
10614	Parentaral
10615	Parentaral
10616	Parentaral
10617	
10618	
10619	Parentaral
10620	
10621	
10622	Parentaral
10623	Parentaral
10624	Parentaral
10625	Parentaral
10626	Parentaral
10627	Parentaral
10628	Parentaral
10629	
10630	
10631	
10632	Parentaral
10633	
10634	
10635	
10636	
10637	
10638	
10639	
10640	Parentaral
10643	
10645	
10646	
10647	
10648	
10649	
10650	
10651	
10652	Parentaral
10653	Parentaral
10654	Parentaral
10655	Parentaral
10656	Parentaral
10657	Parentaral
10658	
10659	
10660	Parentaral
10661	Parentaral
10662	
10663	
10664	
10665	
10666	
10667	
10668	
10669	
10670	
10671	
10672	Parentaral
10673	Parentaral
10674	Parentaral
10675	Parentaral
10676	Parentaral
10677	Parentaral
10678	
10679	
10680	
10681	
10682	
10683	Parentaral
10684	Parentaral
10685	Parentaral
10686	
10687	Parentaral
10688	
10689	
10690	
10691	
10692	
10693	
10694	
10695	
10696	
10697	
10698	
10699	
10702	
10703	
10706	
10707	Parentaral
10708	
10709	
10710	
10711	
10712	
10713	
10714	
10715	Parentaral
10716	Parentaral
10717	Parentaral
10718	Parentaral
10719	Parentaral
10720	Parentaral
10721	Parentaral
10722	Parentaral
10723	Parentaral
10724	Parentaral
10725	
10726	
10727	
10728	
10729	
10730	
10731	Parentaral
10732	Parentaral
10733	Parentaral
10734	Parentaral
10735	Parentaral
10736	Parentaral
10737	Parentaral
10738	Parentaral
10739	Parentaral
10740	
10741	
10742	
10743	
10744	
10745	
10746	
10747	
10748	
10749	Parentaral
10750	
10751	
10752	
10753	
10754	Parentaral
10755	Parentaral
10756	
10757	
10758	
10759	
10760	
10761	
10762	Parentaral
10763	
10764	
10765	
10766	
10767	
10768	
10771	
10772	Parentaral
10773	
10774	Parentaral
10775	Parentaral
10776	Parentaral
10777	Parentaral
10778	
10779	
10780	
10781	
10782	
10783	
10784	
10785	Parentaral
10786	Parentaral
10788	
10789	
10790	
10791	
10792	
10793	
10794	Parentaral
10795	Parentaral
10796	
10797	
10798	
10799	
10800	
10801	
10802	Parentaral
10803	
10804	
10805	
10806	
10807	
10808	
10809	Parentaral
10810	Parentaral
10811	
10812	
10813	
10814	
10815	
10816	
10817	Parentaral
10818	Parentaral
10819	Parentaral
10820	
10821	
10822	
10823	
10824	
10825	Parentaral
10826	Parentaral
10827	
10828	Parentaral
10829	Parentaral
10830	Parentaral
10831	
10832	
10833	
10834	
10835	Parentaral
10836	
10837	
10838	Parentaral
10839	Parentaral
10840	
10841	
10842	
10843	
10844	
10845	
10846	
10847	
10848	
10849	
10850	Parentaral
10851	
10852	
10853	Parentaral
10854	
10855	
10856	
10857	
10858	
10859	Parentaral
10860	
10861	
10862	
10863	Parentaral
10864	Parentaral
10865	
10866	Parentaral
10867	Parentaral
10868	Parentaral
10869	
10870	
10871	
10872	
10873	
10874	
10875	
10876	Parentaral
10877	
10878	
10879	
10880	
10881	
10882	
10883	
10884	
10885	
10886	Parentaral
10887	
10889	
10890	
10891	
10892	
10893	
10894	
10895	
10896	
10897	
10898	
10899	
10900	
10901	
10902	
10903	Parentaral
10904	Parentaral
10905	Parentaral
10906	
10907	
10908	Parentaral
10909	Parentaral
10910	
10911	
10912	
10913	
10914	
10915	
10916	
10918	Parentaral
10919	Parentaral
10920	Parentaral
10921	Parentaral
10922	
10923	
10924	
10925	Parentaral
10926	Parentaral
10927	Parentaral
10928	Parentaral
10929	
10930	Parentaral
10931	
10932	Parentaral
10933	
10934	Parentaral
10935	Parentaral
10936	Parentaral
10937	Parentaral
10938	
10939	
10940	
10941	Parentaral
10942	
10943	
10944	
10945	
10946	
10947	
10948	
10949	
10950	Parentaral
10951	
10952	
10953	Parentaral
10954	Parentaral
10955	Parentaral
10956	
10957	
10958	
10959	Parentaral
10960	Parentaral
10961	
10962	
10963	
10964	
10965	
10966	
10967	
10968	
10969	
10970	
10971	
10972	
10973	
10974	Parentaral
10975	Parentaral
10976	Parentaral
10977	
10978	Parentaral
10979	
10980	
10981	Parentaral
10982	
10983	Parentaral
10984	
10985	Parentaral
10986	Parentaral
10987	Parentaral
10988	Parentaral
10989	Parentaral
10990	Parentaral
10991	
10992	
10993	
10994	Parentaral
10995	Parentaral
10996	Parentaral
10997	
10998	
10999	
11000	
11001	Parentaral
11002	
11003	
11004	
11005	
11006	
11007	Parentaral
11008	
11009	Parentaral
11010	Parentaral
11011	Parentaral
11012	Parentaral
11013	
11014	
11015	
11016	
11017	
11018	
11019	
11020	Parentaral
11021	Parentaral
11022	Parentaral
11023	
11024	
11025	
11026	
11027	
11028	
11029	
11030	
11031	
11032	
11033	
11034	Parentaral
11035	
11036	
11037	
11038	
11039	Parentaral
11040	
11041	
11042	
11043	
11044	
11045	
11046	
11047	
11048	
11049	
11050	
11051	Parentaral
11052	
11053	
11054	
11055	
11056	Parentaral