MoPHCode,ProductType
28,B
30,B
31,B
32,B
33,B
34,B
49,G
52,G
53,G
54,G
55,G
57,G
59,G
92,B
96,B
103,B
117,B
133,B
138,B
141,B
164,G
168,B
169,B
196,B
197,B
253,B
259,B
272,G
274,G
275,G
276,G
285,G
291,G
292,G
319,B
321,B
322,B
363,BioTech
369,B
411,B
412,B
416,B
417,B
437,B
439,B
441,B
442,B
449,B
465,G
480,G
481,G
482,B
484,B
490,B
491,B
508,B
509,BioHuman
511,B
513,B
515,B
516,B
518,B
519,B
521,B
522,B
528,G
529,G
530,G
531,G
542,B
544,B
545,B
550,G
554,B
557,B
570,G
571,B
572,G
573,B
579,B
585,B
603,B
611,B
612,B
618,B
622,B
624,B
637,B
638,B
639,B
688,B
730,B
731,B
733,B
753,G
754,G
755,G
759,G
760,G
761,G
765,B
767,B
771,B
772,B
786,G
790,G
792,G
793,G
794,G
796,G
797,G
798,G
803,G
804,G
806,G
808,G
845,B
850,B
856,B
867,B
868,B
869,B
870,B
885,B
889,B
890,B
893,G
897,G
899,G
955,G
956,G
957,G
958,G
966,B
968,G
969,G
973,G
974,G
975,G
978,G
983,G
988,G
993,G
998,G
1001,G
1002,G
1007,B
1008,B
1009,B
1025,B
1026,B
1028,BioTech
1037,BioTech
1038,BioTech
1039,BioTech
1057,B
1058,B
1062,B
1068,B
1069,B
1083,B
1084,B
1086,B
1087,B
1088,B
1089,B
1095,BioTech
1096,BioTech
1097,BioTech
1099,BioTech
1104,G
1105,G
1106,G
1121,B
1122,B
1123,B
1124,B
1129,G
1130,G
1131,G
1132,G
1134,G
1137,G
1139,G
1141,G
1151,B
1157,B
1161,B
1162,B
1163,B
1164,B
1167,B
1169,B
1177,B
1179,B
1191,G
1192,B
1193,B
1194,G
1204,B
1205,B
1210,B
1211,B
1239,G
1240,G
1241,B
1248,B
1253,B
1255,B
1256,B
1260,B
1263,B
1271,B
1274,G
1277,G
1278,G
1290,B
1292,B
1301,B
1302,B
1309,B
1310,B
1311,B
1312,B
1337,G
1338,G
1340,B
1341,G
1342,G
1343,G
1350,G
1351,G
1352,G
1356,B
1362,G
1363,G
1369,B
1372,B
1373,B
1381,B
1382,B
1383,G
1384,G
1385,B
1386,B
1394,G
1395,G
1402,G
1403,G
1415,B
1416,B
1433,BioTech
1434,BioTech
1440,G
1453,B
1454,B
1455,B
1459,G
1460,G
1475,G
1478,G
1479,G
1490,G
1491,G
1492,BioTech
1493,BioTech
1494,B
1497,G
1498,G
1499,B
1503,G
1510,B
1511,B
1523,B
1525,B
1527,G
1531,G
1542,G
1543,G
1544,G
1548,G
1551,B
1552,G
1553,G
1554,G
1555,G
1556,G
1557,G
1559,B
1564,B
1570,B
1571,B
1575,B
1579,G
1580,B
1581,B
1589,G
1591,B
1595,B
1602,B
1606,B
1610,G
1617,G
1618,G
1629,B
1630,G
1636,B
1641,B
1642,B
1643,B
1644,B
1646,B
1651,G
1652,G
1658,G
1659,G
1660,G
1662,G
1664,G
1665,G
1668,G
1671,G
1679,G
1681,G
1682,G
1685,G
1686,G
1689,G
1705,G
1709,G
1710,G
1711,B
1712,B
1713,B
1720,G
1721,G
1722,G
1725,G
1726,G
1727,G
1728,G
1731,G
1732,G
1735,G
1736,G
1746,B
1747,B
1752,BioTech
1757,BioTech
1758,BioTech
1759,BioTech
1765,B
1766,B
1770,B
1772,B
1779,B
1780,B
1781,B
1800,B
1801,B
1808,G
1809,G
1811,G
1812,G
1819,G
1820,G
1822,G
1823,G
1832,G
1835,G
1837,G
1839,G
1840,G
1842,G
1846,G
1847,G
1848,G
1849,B
1850,G
1852,G
1853,G
1854,G
1855,G
1857,G
1858,G
1859,G
1860,G
1861,G
1862,G
1864,G
1865,G
1867,B
1869,B
1870,B
1872,B
1877,B
1878,B
1879,B
2010,B
2012,G
2014,BioTech
2015,BioTech
2016,BioTech
2017,BioTech
2018,BioTech
2019,BioTech
2023,BioTech
2025,BioTech
2028,BioTech
2029,BioTech
2036,B
2038,B
2041,B
2043,B
2045,G
2085,G
2096,G
2097,G
2124,BioTech
2127,G
2137,G
2139,G
2140,G
2156,B
2157,B
2177,G
2179,G
2198,B
2199,B
2217,BioTech
2219,G
2220,G
2222,B
2224,BioTech
2226,B
2227,B
2241,G
2248,G
2249,B
2250,G
2251,B
2263,G
2265,B
2266,G
2267,G
2268,G
2271,G
2272,G
2273,G
2277,B
2279,G
2280,G
2281,G
2282,G
2283,G
2284,G
2285,G
2287,G
2288,B
2289,B
2293,B
2295,B
2308,B
2322,B
2326,B
2332,G
2334,G
2344,B
2345,B
2349,G
2350,G
2361,B
2365,B
2366,B
2370,B
2381,G
2382,G
2417,B
2418,B
2419,B
2420,B
2421,B
2423,B
2426,B
2427,G
2429,B
2451,B
2462,G
2465,G
2469,G
2473,B
2476,B
2479,G
2480,G
2481,G
2491,G
2492,G
2497,G
2498,G
2503,G
2504,G
2511,G
2512,B
2520,B
2521,G
2543,G
2548,B
2555,B
2557,B
2566,B
2570,B
2573,G
2576,G
2579,B
2581,B
2593,B
2595,G
2596,G
2610,B
2611,G
2612,B
2626,G
2630,B
2634,B
2638,B
2639,B
2640,G
2645,B
2647,G
2650,B
2652,B
2661,G
2662,B
2669,B
2688,B
2695,B
2700,G
2705,B
2708,B
2714,B
2719,B
2731,G
2735,G
2736,G
2739,G
2747,B
2748,B
2753,B
2755,G
2767,B
2768,G
2771,G
2793,G
2800,B
2801,B
2802,B
2803,B
2805,B
2806,B
2810,B
2811,B
2813,B
2815,B
2827,G
2855,G
2869,B
2871,G
2886,B
2904,B
2905,B
2909,B
2910,B
2924,G
2936,B
2937,G
2938,B
2941,G
2942,G
2968,B
2969,B
2974,G
2975,B
2976,B
2977,B
2978,G
2979,B
2980,B
2985,B
2986,B
2987,B
3027,B
3028,G
3038,G
3045,B
3046,B
3047,B
3054,B
3055,B
3058,B
3059,B
3069,B
3070,B
3074,B
3077,B
3079,B
3086,B
3094,B
3110,B
3115,B
3116,B
3119,G
3121,G
3156,G
3161,G
3168,B
3172,B
3180,B
3188,B
3195,B
3196,B
3203,B
3206,B
3247,B
3263,G
3265,B
3267,BioHuman
3268,G
3272,BioHuman
3273,BioHuman
3274,BioHuman
3279,BioHuman
3280,BioHuman
3281,BioHuman
3340,B
3345,B
3351,B
3353,B
3354,G
3356,G
3358,G
3367,G
3371,G
3376,B
3382,B
3385,B
3388,B
3392,B
3393,B
3400,BioTech
3401,BioTech
3404,B
3411,B
3412,B
3413,B
3414,G
3415,B
3426,BioTech
3427,B
3434,G
3435,G
3436,G
3444,B
3447,BioTech
3464,G
3472,B
3483,G
3486,G
3487,BioHuman
3488,BioHuman
3489,BioHuman
3490,G
3491,G
3495,G
3504,G
3512,B
3525,G
3526,G
3528,G
3530,G
3531,B
3532,G
3539,B
3546,G
3559,G
3560,B
3561,B
3563,G
3564,G
3570,G
3571,G
3572,G
3576,G
3577,G
3578,G
3579,G
3588,B
3590,G
3591,G
3592,G
3593,G
3594,G
3595,G
3596,G
3597,B
3598,B
3599,B
3600,B
3601,B
3603,B
3604,BioHuman
3605,B
3607,B
3610,B
3611,B
3621,B
3626,BioTech
3631,B
3632,B
3633,B
3634,B
3635,B
3651,B
3658,B
3660,G
3677,G
3678,B
3679,B
3682,B
3683,B
3684,B
3685,B
3686,B
3692,G
3694,G
3695,G
3698,B
3711,B
3712,B
3714,B
3715,B
3717,B
3733,B
3740,G
3747,G
3748,G
3749,G
3754,B
3755,B
3757,G
3758,G
3774,B
3775,B
3777,G
3780,G
3781,B
3790,B
3791,B
3792,B
3793,B
3794,B
3795,B
3819,G
3820,G
3829,B
3830,B
3831,B
3832,B
3838,B
3847,G
3851,B
3853,G
3854,G
3863,B
3881,G
3882,G
3885,G
3887,B
3888,B
3889,B
3890,B
3891,B
3894,G
3895,G
3898,G
3899,G
3900,G
3902,B
3903,B
3904,BioHuman
3905,BioHuman
3906,B
3907,B
3909,G
3915,B
3919,G
3920,B
3922,B
3928,B
3938,B
3939,G
3940,G
3943,G
3944,G
3949,G
3951,B
3952,G
3956,G
3959,G
3960,G
3961,G
3962,G
3963,G
3969,B
3970,B
3974,B
3976,G
3977,G
3978,G
3979,BioTech
3980,B
3981,B
3984,G
3986,G
3987,G
3990,G
3992,B
3993,B
3994,G
3996,G
3999,B
4015,B
4016,B
4017,B
4018,B
4019,B
4020,G
4021,G
4022,G
4025,BioHuman
4028,BioTech
4029,BioHuman
4041,B
4043,B
4048,BioHuman
4057,G
4058,G
4061,B
4067,B
4070,B
4071,B
4075,G
4078,G
4079,G
4082,B
4083,B
4086,G
4092,G
4093,BioTech
4094,G
4095,G
4097,G
4098,B
4100,B
4103,G
4104,G
4105,G
4106,G
4107,G
4108,G
4109,G
4110,G
4111,G
4112,G
4113,G
4114,G
4115,G
4117,G
4119,G
4122,G
4124,G
4126,G
4128,G
4130,G
4133,G
4134,G
4136,G
4138,G
4142,G
4144,G
4147,G
4149,G
4151,G
4153,G
4155,G
4157,G
4159,G
4163,G
4165,G
4166,G
4167,G
4169,G
4174,G
4175,G
4176,G
4177,G
4179,G
4181,G
4182,G
4184,G
4187,G
4189,G
4191,G
4192,G
4196,G
4197,G
4198,G
4199,G
4200,G
4201,G
4202,G
4203,G
4204,G
4205,G
4206,G
4207,G
4208,G
4209,G
4211,G
4212,G
4214,G
4215,G
4217,G
4219,G
4221,G
4223,G
4224,G
4225,G
4227,G
4229,G
4231,G
4235,G
4236,G
4237,G
4238,G
4239,G
4240,G
4241,G
4242,B
4243,B
4245,B
4246,B
4249,G
4250,G
4251,G
4252,G
4253,G
4254,G
4258,G
4259,G
4260,G
4261,G
4262,G
4263,G
4264,G
4265,G
4266,G
4267,B
4268,G
4269,G
4270,B
4271,G
4272,G
4275,G
4276,G
4277,G
4278,G
4284,B
4285,G
4286,G
4287,G
4288,B
4289,B
4290,B
4291,B
4292,B
4293,B
4294,B
4295,B
4296,B
4297,B
4300,G
4301,G
4302,G
4303,G
4304,B
4305,B
4306,B
4309,G
4310,G
4311,B
4312,B
4313,B
4314,B
4315,B
4316,B
4317,B
4318,B
4319,B
4320,G
4321,B
4322,G
4324,G
4325,G
4326,G
4327,B
4331,B
4332,G
4333,B
4336,B
4337,B
4338,G
4339,G
4340,G
4341,G
4345,G
4350,G
4351,G
4354,G
4355,G
4357,G
4361,G
4362,G
4364,G
4367,G
4368,G
4369,G
4370,G
4371,G
4372,G
4373,G
4374,G
4376,G
4377,G
4378,G
4379,G
4380,G
4387,G
4388,G
4389,G
4390,G
4392,G
4393,G
4395,G
4396,G
4397,G
4398,G
4399,G
4400,G
4401,G
4402,G
4404,G
4405,G
4406,G
4411,G
4413,G
4414,G
4415,G
4416,G
4417,G
4418,G
4419,G
4420,G
4421,G
4422,G
4423,G
4424,G
4425,G
4427,G
4428,G
4429,G
4431,G
4433,G
4434,G
4435,G
4436,G
4438,G
4439,G
4440,G
4442,G
4446,G
4447,G
4448,G
4450,G
4451,G
4452,G
4453,G
4454,G
4455,G
4456,G
4457,G
4458,G
4459,G
4460,G
4461,G
4462,G
4463,G
4464,G
4466,G
4467,G
4468,B
4469,G
4481,B
4488,G
4490,G
4492,G
4494,G
4495,G
4497,B
4499,G
4501,G
4502,G
4503,G
4504,G
4505,G
4507,G
4508,B
4509,G
4513,B
4516,B
4517,B
4518,G
4519,B
4523,G
4524,G
4525,G
4532,G
4535,G
4536,G
4537,G
4540,G
4541,G
4543,B
4545,B
4547,G
4548,G
4549,G
4551,G
4552,B
4554,G
4559,G
4560,G
4561,G
4562,G
4563,G
4564,G
4565,B
4566,B
4567,G
4568,G
4569,G
4572,G
4573,G
4574,G
4575,G
4576,G
4577,G
4578,G
4579,G
4580,G
4581,G
4582,G
4583,G
4584,G
4585,G
4586,G
4587,G
4588,G
4589,G
4590,G
4591,G
4592,G
4593,G
4594,G
4595,G
4596,G
4597,G
4598,G
4599,G
4600,G
4602,G
4603,G
4604,G
4605,G
4607,G
4608,B
4610,G
4611,G
4612,G
4613,G
4614,G
4615,G
4616,G
4617,G
4618,G
4619,G
4620,G
4621,G
4622,G
4623,G
4624,G
4626,G
4628,G
4629,G
4630,G
4631,G
4632,G
4633,G
4634,G
4635,G
4636,G
4637,G
4638,G
4639,G
4640,G
4641,G
4642,G
4643,G
4644,G
4645,G
4646,G
4648,G
4649,G
4650,G
4651,G
4652,G
4653,G
4658,G
4660,G
4661,G
4662,G
4664,G
4666,G
4667,G
4668,G
4673,G
4674,G
4675,G
4676,G
4677,G
4680,G
4682,G
4684,G
4688,G
4693,B
4694,B
4695,B
4696,B
4697,B
4698,B
4699,B
4700,B
4701,B
4702,B
4703,B
4704,B
4710,B
4714,G
4715,G
4718,G
4719,G
4720,G
4721,G
4722,G
4725,G
4728,G
4729,G
4730,G
4731,G
4735,G
4736,G
4737,G
4738,G
4745,G
4747,G
4748,G
4749,G
4750,G
4751,G
4752,G
4753,G
4754,G
4755,G
4756,G
4764,G
4765,G
4766,G
4767,G
4769,G
4770,G
4772,G
4773,G
4774,G
4775,G
4776,G
4777,G
4778,G
4779,G
4780,G
4781,G
4782,G
4783,G
4784,G
4785,G
4786,G
4787,G
4788,G
4789,G
4790,G
4792,G
4793,G
4794,G
4795,G
4796,G
4800,G
4801,G
4802,G
4803,G
4804,G
4805,G
4806,G
4808,G
4809,G
4810,G
4811,G
4830,G
4831,G
4857,G
4858,G
4859,G
4860,G
4864,G
4874,G
4875,G
4898,G
4903,G
4904,G
5021,G
5027,G
5036,B
5037,B
5039,G
5040,G
5041,G
5042,G
5043,G
5044,G
5045,G
5046,B
5047,G
5048,G
5049,G
5056,G
5057,BioTech
5060,BioTech
5061,BioTech
5065,G
5066,G
5071,G
5074,G
5075,G
5076,G
5077,G
5078,G
5079,G
5080,G
5081,G
5082,G
5083,G
5084,G
5085,G
5086,G
5087,G
5088,G
5089,G
5090,G
5091,G
5092,G
5094,G
5095,G
5096,G
5097,G
5098,G
5099,G
5103,B
5113,G
5114,G
5115,B
5116,B
5117,B
5120,B
5121,B
5122,G
5123,G
5124,G
5125,G
5126,G
5134,B
5135,G
5136,G
5137,G
5143,G
5144,G
5146,G
5150,B
5152,G
5153,G
5155,B
5157,G
5158,G
5159,G
5161,G
5163,G
5164,G
5171,G
5172,G
5173,G
5174,G
5175,G
5177,G
5179,G
5180,G
5181,G
5182,B
5184,B
5185,BioTech
5186,G
5187,G
5188,G
5189,G
5190,G
5191,G
5192,G
5193,G
5194,BioTech
5195,G
5198,G
5199,G
5201,G
5202,G
5205,G
5206,G
5207,G
5208,B
5209,BioTech
5210,G
5211,BioTech
5213,G
5216,G
5220,G
5222,B
5223,G
5224,G
5225,G
5226,G
5229,B
5233,G
5234,G
5235,G
5236,B
5237,G
5238,G
5239,G
5240,G
5241,G
5243,G
5244,G
5245,G
5248,G
5250,B
5252,G
5253,G
5258,B
5262,BioTech
5263,BioTech
5264,BioTech
5266,G
5267,G
5268,G
5269,G
5270,G
5271,G
5274,B
5275,B
5276,G
5277,G
5278,G
5282,B
5283,B
5284,B
5285,B
5286,B
5289,G
5291,G
5292,G
5293,G
5295,G
5298,G
5302,G
5303,BioTech
5306,G
5309,G
5310,G
5311,G
5312,G
5313,G
5314,B
5315,B
5316,B
5317,B
5319,B
5325,G
5326,G
5327,G
5329,G
5330,G
5331,G
5332,B
5334,BioHuman
5335,B
5336,G
5341,B
5342,G
5343,BioTech
5344,BioTech
5345,G
5346,BioTech
5356,G
5357,G
5358,G
5359,G
5360,G
5361,G
5363,B
5364,G
5365,G
5366,G
5376,G
5381,G
5382,G
5383,B
5384,G
5385,B
5386,B
5387,G
5390,B
5394,B
5396,B
5397,G
5399,B
5400,B
5401,B
5404,B
5405,B
5416,G
5417,G
5418,B
5419,B
5420,B
5422,B
5427,B
5429,B
5432,B
5434,B
5436,B
5438,B
5439,B
5440,B
5449,G
5462,B
5464,G
5468,B
5475,G
5476,G
5478,B
5481,G
5482,G
5483,G
5484,G
5485,G
5486,G
5487,G
5489,B
5490,G
5492,B
5493,B
5497,G
5498,G
5499,B
5500,B
5502,BioTech
5504,G
5506,G
5507,G
5513,B
5516,B
5518,B
5519,G
5520,G
5521,B
5522,G
5523,G
5524,G
5537,G
5538,G
5539,BioTech
5540,BioTech
5541,BioTech
5542,G
5543,B
5545,G
5546,G
5547,G
5548,G
5549,G
5554,BioTech
5555,BioTech
5561,B
5562,B
5565,B
5567,BioHuman
5569,B
5573,BioTech
5574,BioTech
5576,G
5577,G
5580,B
5583,G
5585,G
5586,G
5587,G
5588,G
5589,G
5590,G
5593,B
5595,BioHuman
5596,G
5598,G
5599,G
5610,B
5611,B
5612,BioHuman
5613,B
5614,G
5615,B
5616,B
5617,G
5623,G
5624,G
5625,G
5626,G
5630,B
5633,G
5639,B
5644,G
5647,G
5648,G
5658,G
5659,G
5661,B
5662,B
5666,G
5667,B
5669,G
5670,G
5671,G
5672,G
5673,B
5679,G
5680,G
5681,G
5683,B
5688,G
5689,G
5690,G
5691,G
5693,B
5694,G
5695,G
5696,G
5697,G
5704,B
5707,BioTech
5709,B
5710,B
5711,B
5712,G
5716,G
5717,G
5719,G
5724,B
5725,B
5729,B
5730,B
5733,B
5734,B
5735,B
5739,G
5742,BioTech
5754,G
5758,BioTech
5759,G
5761,G
5763,G
5764,G
5766,G
5768,G
5769,G
5770,B
5771,B
5774,G
5775,G
5776,B
5779,G
5781,B
5782,G
5783,B
5784,G
5785,G
5787,B
5788,BioHuman
5789,BioHuman
5790,BioHuman
5791,G
5792,B
5795,B
5797,B
5798,G
5801,B
5802,G
5806,B
5807,B
5808,B
5810,G
5811,G
5812,G
5823,G
5825,G
5826,G
5827,G
5828,G
5831,G
5833,G
5837,G
5838,G
5842,BioTech
5843,BioTech
5844,BioTech
5846,BioTech
5847,B
5848,B
5849,B
5856,G
5859,G
5860,B
5861,B
5863,G
5866,G
5867,G
5877,G
5878,G
5879,B
5880,B
5881,B
5882,B
5883,B
5886,B
5888,G
5889,G
5891,B
5894,G
5896,G
5897,B
5900,BioTech
5901,BioTech
5902,BioTech
5904,G
5905,G
5906,G
5907,G
5910,G
5911,G
5912,B
5913,B
5914,B
5915,B
5916,B
5924,G
5925,G
5927,G
5929,G
5930,G
5931,G
5938,G
5942,B
5944,B
5948,G
5949,G
5950,B
5951,G
5954,B
5956,B
5957,G
5958,G
5959,B
5962,G
5963,G
5966,G
5967,G
5968,G
5969,G
5970,G
5971,G
5974,B
5976,B
5979,B
5980,B
5981,G
5982,G
5983,G
5984,B
5986,B
5987,G
5988,G
5989,G
5990,BioHuman
5992,BioHuman
5996,B
5998,G
5999,G
6001,G
6002,B
6003,G
6007,B
6008,B
6012,B
6013,G
6014,G
6017,B
6018,B
6024,G
6025,G
6026,G
6027,G
6028,G
6029,G
6030,G
6031,G
6047,G
6048,BioTech
6054,B
6055,B
6056,B
6057,B
6058,B
6059,G
6060,B
6064,B
6065,B
6066,B
6072,B
6073,B
6077,G
6078,G
6080,G
6088,G
6089,G
6092,G
6093,G
6094,G
6095,G
6096,G
6097,G
6099,G
6100,B
6101,B
6103,G
6104,G
6105,G
6109,BioTech
6110,BioTech
6113,B
6118,G
6119,G
6120,G
6121,G
6122,G
6123,G
6124,G
6125,G
6126,G
6127,G
6130,G
6131,G
6132,G
6133,B
6138,G
6143,G
6144,G
6149,G
6150,G
6151,G
6152,G
6157,G
6158,G
6161,B
6162,B
6163,B
6164,G
6169,B
6180,G
6181,B
6182,B
6187,B
6188,G
6192,B
6193,B
6197,B
6201,BioTech
6204,G
6206,G
6207,B
6211,BioTech
6212,G
6213,B
6215,G
6216,G
6217,G
6218,G
6219,B
6220,G
6222,G
6223,G
6224,G
6225,G
6231,B
6232,B
6233,G
6236,G
6237,G
6238,B
6239,B
6240,G
6241,G
6242,G
6243,G
6248,B
6249,G
6251,B
6252,B
6253,B
6254,G
6255,G
6258,G
6260,B
6262,B
6264,G
6265,G
6267,G
6269,G
6270,B
6271,G
6272,G
6283,G
6284,B
6285,G
6286,G
6288,G
6290,G
6293,G
6294,B
6295,B
6299,BioHuman
6300,B
6301,G
6302,G
6303,G
6304,BioTech
6305,BioTech
6306,B
6307,G
6308,G
6309,G
6310,G
6311,G
6312,G
6313,G
6314,G
6318,G
6319,G
6320,G
6322,G
6323,G
6324,G
6325,G
6326,G
6327,G
6335,BioTech
6336,G
6337,G
6338,B
6339,B
6340,G
6342,G
6343,G
6344,B
6345,B
6347,B
6351,G
6352,B
6353,B
6354,G
6355,G
6356,G
6358,G
6359,G
6360,B
6361,G
6362,G
6364,G
6367,G
6368,BioTech
6370,BioTech
6372,BioTech
6374,G
6375,G
6380,G
6383,G
6384,G
6385,G
6387,G
6388,G
6389,G
6390,G
6393,B
6394,B
6395,B
6396,B
6398,G
6400,G
6401,B
6402,G
6404,G
6405,G
6406,G
6407,G
6408,G
6409,G
6410,G
6411,G
6412,G
6413,G
6420,B
6421,B
6422,G
6425,G
6426,G
6434,B
6437,G
6438,G
6439,G
6441,B
6442,BioTech
6443,B
6445,G
6446,G
6451,B
6453,B
6455,G
6456,G
6457,G
6459,B
6460,B
6461,B
6462,B
6463,G
6464,G
6465,G
6466,B
6467,B
6468,BioTech
6469,G
6470,BioHuman
6471,G
6473,B
6474,G
6475,G
6477,G
6478,G
6480,G
6481,G
6483,G
6484,G
6486,B
6487,B
6488,B
6489,B
6494,G
6497,B
6505,G
6512,G
6513,G
6516,B
6517,B
6523,B
6526,B
6527,B
6528,B
6529,B
6530,B
6531,G
6532,B
6533,B
6534,B
6535,B
6536,B
6538,G
6539,BioHuman
6542,G
6544,G
6546,G
6549,G
6553,G
6557,G
6561,B
6562,B
6568,B
6569,G
6570,G
6571,G
6572,G
6573,G
6574,G
6575,G
6576,B
6577,B
6578,B
6581,B
6583,B
6584,B
6586,B
6587,B
6588,B
6589,B
6590,B
6591,B
6592,B
6593,B
6594,B
6595,B
6596,B
6597,B
6598,B
6599,B
6600,B
6602,B
6603,B
6604,B
6605,B
6606,B
6607,B
6608,B
6615,B
6616,B
6618,G
6620,G
6621,G
6622,G
6623,G
6624,G
6625,G
6626,G
6631,BioHuman
6632,BioHuman
6634,B
6635,G
6636,G
6637,G
6638,B
6645,BioTech
6649,B
6650,G
6651,G
6652,G
6653,G
6654,G
6655,G
6656,G
6657,G
6658,G
6661,G
6663,G
6664,B
6668,G
6669,G
6674,G
6675,B
6676,B
6677,B
6678,B
6679,B
6680,B
6681,G
6682,G
6687,G
6689,G
6691,B
6692,G
6694,G
6695,B
6696,G
6697,G
6700,G
6702,G
6703,G
6704,G
6705,G
6712,G
6713,G
6714,G
6715,G
6719,G
6721,G
6722,G
6723,BioHuman
6724,G
6726,G
6727,B
6728,B
6729,B
6730,G
6738,B
6739,B
6740,G
6745,G
6746,G
6752,G
6753,G
6754,G
6755,B
6756,B
6757,G
6758,B
6762,G
6763,G
6764,B
6765,B
6766,B
6767,B
6768,B
6769,BioTech
6772,B
6773,B
6775,B
6776,G
6779,G
6781,G
6782,G
6784,G
6785,G
6786,G
6787,G
6791,BioTech
6797,B
6798,B
6799,B
6800,B
6805,B
6806,B
6812,G
6814,B
6817,G
6818,G
6822,G
6823,G
6824,G
6825,G
6830,G
6831,B
6832,B
6833,G
6834,G
6835,G
6836,G
6837,G
6838,G
6839,G
6840,G
6841,G
6844,B
6845,B
6846,B
6847,B
6848,B
6849,B
6850,G
6853,G
6854,G
6855,G
6858,G
6860,G
6861,G
6862,B
6863,B
6865,BioHuman
6867,G
6868,G
6869,G
6872,B
6879,G
6880,G
6881,G
6883,G
6884,G
6885,G
6886,G
6887,G
6890,B
6891,G
6892,G
6893,G
6894,G
6895,G
6903,G
6904,G
6905,G
6906,G
6907,G
6909,BioHuman
6912,G
6914,B
6915,B
6917,G
6918,G
6919,G
6922,G
6924,G
6925,G
6926,G
6927,B
6930,B
6934,G
6935,G
6938,G
6939,G
6940,G
6941,G
6942,G
6943,B
6946,G
6947,B
6951,B
6953,B
6955,G
6958,BioHuman
6962,B
6963,G
6965,B
6966,B
6968,B
6969,G
6970,G
6971,G
6975,G
6976,G
6977,G
6978,G
6979,G
6980,G
6982,G
6983,G
6984,G
6985,G
6986,G
6988,G
6991,G
6992,G
6993,B
6995,G
6997,G
6999,G
7000,G
7001,G
7003,B
7004,B
7010,G
7011,G
7012,G
7014,G
7015,G
7017,G
7018,G
7020,G
7021,G
7023,G
7025,G
7026,G
7027,G
7028,G
7029,G
7032,BioTech
7035,G
7036,G
7037,G
7038,G
7041,G
7042,G
7043,G
7044,G
7045,G
7046,G
7047,G
7048,G
7049,G
7050,G
7051,G
7052,G
7053,G
7054,G
7057,B
7058,G
7059,G
7060,G
7061,G
7063,G
7064,G
7065,G
7068,B
7069,BioTech
7073,BioHuman
7074,BioHuman
7075,BioHuman
7076,BioHuman
7077,G
7078,B
7082,G
7087,G
7088,G
7091,B
7092,G
7093,G
7094,G
7095,G
7097,G
7098,G
7099,G
7101,G
7115,G
7116,G
7117,G
7118,G
7119,G
7120,G
7121,G
7122,B
7123,G
7125,B
7126,B
7127,B
7129,B
7130,B
7131,B
7132,B
7136,B
7137,B
7142,G
7145,G
7146,G
7147,B
7148,B
7149,B
7150,BioTech
7152,G
7153,G
7155,G
7156,G
7158,G
7159,G
7160,B
7163,G
7167,G
7168,G
7169,G
7170,G
7171,G
7172,G
7173,G
7174,G
7176,G
7177,G
7178,BioHuman
7179,BioHuman
7180,B
7183,B
7184,G
7185,G
7187,G
7188,B
7190,BioTech
7193,BioHuman
7194,G
7195,G
7196,G
7197,G
7198,G
7199,G
7204,G
7205,G
7211,B
7212,B
7214,G
7216,G
7220,G
7221,G
7222,G
7223,G
7224,G
7225,G
7226,G
7227,G
7228,B
7232,G
7233,G
7234,G
7235,G
7237,BioTech
7238,BioTech
7239,BioTech
7242,G
7243,G
7244,G
7246,G
7249,G
7250,G
7251,B
7252,B
7253,G
7257,B
7258,B
7261,G
7262,G
7263,G
7264,G
7265,B
7266,B
7267,B
7268,G
7269,G
7270,G
7273,G
7274,G
7276,G
7280,G
7281,G
7282,G
7283,BioHuman
7284,B
7285,G
7286,G
7287,G
7289,G
7290,B
7291,B
7292,B
7294,G
7296,G
7303,G
7304,G
7305,B
7306,G
7307,G
7308,G
7309,G
7310,G
7311,G
7314,G
7315,G
7316,G
7317,G
7318,BioHuman
7319,BioTech
7320,G
7321,G
7322,G
7323,BioTech
7327,B
7328,B
7329,B
7330,G
7331,G
7332,G
7333,G
7337,G
7338,G
7339,G
7340,G
7341,G
7342,G
7343,G
7344,G
7345,G
7346,G
7347,G
7348,G
7349,G
7350,G
7352,G
7353,G
7354,G
7355,G
7356,G
7357,G
7358,G
7359,G
7360,G
7361,G
7362,G
7363,G
7365,G
7366,G
7367,G
7368,G
7369,G
7371,G
7372,G
7373,BioTech
7374,BioTech
7375,BioTech
7376,BioTech
7377,BioTech
7378,BioTech
7379,BioTech
7381,BioTech
7383,BioTech
7384,G
7385,G
7386,G
7387,G
7388,G
7389,G
7390,G
7393,G
7394,G
7395,G
7396,G
7397,G
7400,G
7401,G
7402,G
7404,G
7405,B
7406,G
7408,B
7409,B
7410,B
7411,B
7412,B
7413,B
7414,B
7415,B
7417,G
7419,G
7420,BioTech
7421,B
7422,G
7423,B
7427,G
7428,B
7429,G
7430,BioTech
7431,BioTech
7432,BioTech
7434,B
7435,G
7436,G
7437,G
7440,G
7443,G
7444,G
7445,G
7446,G
7447,G
7452,G
7455,G
7465,G
7469,B
7470,B
7471,B
7472,B
7479,B
7481,B
7482,B
7483,G
7484,G
7485,G
7486,G
7487,G
7488,G
7490,G
7491,G
7492,G
7493,B
7494,G
7495,G
7496,G
7497,G
7498,G
7500,G
7502,G
7506,B
7507,B
7508,B
7509,B
7510,B
7511,G
7512,G
7513,G
7514,G
7515,G
7516,G
7517,G
7518,G
7521,BioTech
7525,G
7526,G
7527,G
7530,G
7531,G
7532,G
7533,BioTech
7534,B
7535,G
7536,G
7539,G
7543,G
7544,B
7547,B
7548,B
7551,G
7552,B
7554,G
7555,B
7558,G
7559,G
7560,G
7562,G
7569,G
7570,G
7571,G
7573,B
7576,G
7579,G
7582,B
7583,B
7585,B
7586,BioTech
7587,B
7589,G
7591,G
7594,G
7595,G
7596,G
7597,G
7598,G
7600,G
7602,G
7603,G
7604,G
7605,G
7606,G
7609,G
7610,G
7611,G
7612,G
7613,G
7614,G
7615,G
7617,G
7618,G
7622,G
7624,G
7626,G
7628,BioHuman
7629,BioTech
7630,B
7631,B
7632,B
7633,G
7635,B
7637,B
7638,BioTech
7639,B
7640,B
7641,B
7642,B
7643,G
7644,G
7645,G
7646,BioTech
7647,G
7648,G
7650,G
7651,B
7653,B
7654,B
7655,B
7658,B
7659,G
7660,G
7661,G
7662,G
7663,B
7664,G
7665,G
7666,G
7668,G
7669,G
7670,G
7671,G
7674,G
7675,G
7676,G
7677,G
7678,G
7679,G
7680,G
7681,G
7685,B
7687,G
7688,G
7689,G
7694,G
7697,G
7698,G
7703,G
7706,G
7707,B
7708,B
7709,B
7710,G
7711,G
7712,G
7713,G
7715,G
7716,G
7717,G
7718,G
7724,G
7726,G
7727,G
7728,G
7729,B
7730,G
7731,G
7732,G
7733,B
7734,G
7735,G
7738,G
7742,G
7743,G
7744,G
7745,G
7746,G
7748,G
7750,G
7752,B
7753,BioTech
7754,BioTech
7755,G
7760,G
7761,G
7762,B
7763,B
7764,B
7765,B
7766,B
7767,G
7768,G
7769,G
7770,G
7771,G
7772,G
7773,G
7774,G
7775,G
7776,G
7777,G
7778,G
7779,G
7781,G
7787,G
7788,G
7789,G
7790,G
7791,G
7792,G
7793,G
7798,G
7806,G
7809,G
7811,B
7812,B
7817,B
7818,G
7819,G
7820,G
7824,G
7825,G
7826,G
7827,G
7832,B
7836,G
7837,G
7838,G
7839,B
7840,G
7841,B
7842,B
7843,B
7844,B
7846,B
7847,G
7849,B
7850,G
7851,G
7852,G
7853,G
7855,G
7856,G
7857,G
7858,G
7861,G
7862,G
7864,G
7865,G
7866,G
7867,G
7868,G
7869,B
7870,B
7871,B
7872,B
7875,G
7877,B
7878,B
7879,B
7882,B
7884,G
7889,G
7890,G
7891,G
7892,G
7893,G
7894,G
7895,G
7896,G
7897,G
7898,G
7907,B
7908,B
7909,G
7910,G
7911,G
7913,B
7918,B
7919,B
7920,B
7921,B
7922,G
7923,G
7926,B
7928,G
7929,G
7930,G
7932,G
7933,G
7934,G
7935,G
7936,G
7938,BioTech
7940,B
7941,B
7942,B
7943,B
7947,G
7949,B
7950,B
7951,B
7952,G
7956,BioTech
7957,BioTech
7959,G
7960,B
7961,BioTech
7964,BioTech
7965,BioTech
7966,BioTech
7967,B
7968,B
7969,G
7970,BioTech
7972,G
7973,G
7974,G
7976,G
7978,B
7980,BioTech
7982,G
7985,G
7986,G
7987,B
7989,B
7990,G
7991,B
7992,B
7993,B
7994,B
7995,B
7996,B
7997,B
7998,B
7999,B
8000,B
8001,B
8002,B
8003,B
8004,B
8005,B
8006,B
8010,G
8011,B
8013,B
8014,B
8015,G
8016,G
8017,G
8018,B
8024,G
8025,G
8026,G
8030,B
8031,B
8032,G
8033,G
8034,G
8035,G
8036,G
8048,BioHuman
8049,G
8050,G
8052,B
8053,BioTech
8059,G
8060,G
8062,G
8063,G
8064,G
8065,G
8066,G
8067,G
8068,G
8069,G
8070,G
8075,G
8076,G
8081,G
8082,G
8083,BioTech
8084,BioTech
8085,BioTech
8087,BioTech
8088,BioTech
8089,BioTech
8090,G
8092,G
8093,BioTech
8094,G
8095,G
8096,G
8098,B
8099,B
8100,G
8101,G
8102,G
8103,B
8104,B
8105,B
8106,G
8107,B
8111,BioTech
8112,BioTech
8113,BioTech
8118,G
8119,G
8120,B
8121,B
8125,G
8127,B
8128,B
8130,B
8131,B
8132,B
8133,B
8138,G
8141,G
8142,G
8143,G
8144,G
8145,G
8147,B
8148,B
8149,B
8155,B
8156,B
8157,B
8158,B
8159,G
8165,B
8169,B
8173,G
8174,G
8175,G
8176,G
8177,G
8181,B
8183,G
8186,BioHuman
8187,BioHuman
8188,BioHuman
8189,BioHuman
8191,B
8192,B
8193,B
8194,B
8195,B
8196,B
8201,BioTech
8202,BioTech
8203,B
8204,B
8210,G
8214,G
8215,G
8216,G
8217,G
8222,B
8223,B
8224,G
8225,B
8226,B
8227,G
8230,G
8231,G
8232,B
8233,B
8234,B
8235,B
8236,B
8237,B
8239,BioTech
8240,G
8241,G
8242,G
8243,G
8244,G
8245,G
8246,B
8249,G
8250,B
8251,B
8252,G
8253,B
8254,G
8255,G
8256,G
8260,G
8261,G
8262,G
8263,G
8264,G
8269,B
8270,B
8272,B
8273,B
8274,B
8275,B
8278,G
8279,G
8281,BioTech
8284,G
8285,BioHuman
8286,B
8287,B
8288,B
8289,BioTech
8290,B
8292,B
8299,G
8300,G
8301,G
8302,G
8304,B
8306,G
8307,G
8308,G
8309,G
8312,G
8313,G
8314,G
8315,BioHuman
8316,B
8317,B
8318,B
8319,B
8320,B
8321,B
8322,G
8323,B
8324,B
8325,G
8326,G
8329,G
8331,BioTech
8332,BioTech
8333,G
8338,B
8339,B
8340,G
8341,G
8342,G
8343,G
8345,G
8346,G
8347,B
8348,B
8349,B
8350,B
8351,B
8352,B
8353,G
8354,G
8357,G
8360,B
8362,G
8363,G
8364,B
8365,B
8366,G
8368,B
8372,G
8373,G
8374,G
8377,G
8378,G
8379,G
8380,G
8381,G
8382,G
8383,G
8384,G
8385,G
8386,G
8387,G
8388,G
8389,G
8390,G
8394,B
8395,B
8396,B
8397,G
8398,BioTech
8399,G
8402,G
8403,B
8404,B
8405,B
8406,B
8407,B
8408,G
8409,B
8410,B
8411,G
8412,G
8413,BioTech
8414,BioTech
8418,B
8419,G
8420,G
8421,G
8422,B
8423,B
8424,G
8425,G
8428,BioHuman
8433,G
8435,B
8436,G
8437,G
8438,B
8441,BioTech
8443,G
8444,G
8445,G
8446,B
8447,B
8448,B
8449,B
8451,B
8452,G
8453,G
8454,B
8455,G
8456,B
8457,B
8458,G
8459,B
8460,BioTech
8461,G
8462,G
8463,G
8464,G
8466,G
8467,G
8468,G
8469,G
8470,G
8471,G
8472,G
8473,G
8474,G
8475,G
8477,B
8478,G
8479,G
8480,B
8481,G
8482,G
8483,G
8484,G
8485,G
8486,G
8487,G
8488,G
8489,B
8491,B
8492,BioTech
8493,BioTech
8496,BioTech
8497,BioTech
8498,BioTech
8499,B
8502,G
8503,G
8504,G
8506,G
8507,G
8508,B
8509,G
8510,G
8512,G
8513,G
8514,G
8515,G
8516,G
8517,G
8518,G
8519,G
8520,B
8521,B
8522,B
8524,B
8525,B
8526,G
8527,G
8528,G
8529,G
8530,G
8531,G
8532,G
8534,B
8535,B
8541,BioTech
8542,BioTech
8543,B
8544,G
8546,G
8547,B
8548,B
8551,B
8553,G
8556,G
8558,BioTech
8559,B
8560,B
8561,G
8562,G
8563,B
8565,B
8566,G
8569,B
8570,G
8571,B
8572,B
8573,B
8575,G
8577,G
8578,G
8579,G
8580,G
8581,G
8582,G
8584,G
8585,G
8586,G
8587,G
8588,G
8589,G
8590,G
8593,G
8594,G
8596,B
8597,B
8603,G
8605,G
8606,G
8607,G
8608,B
8609,G
8610,G
8613,G
8616,B
8617,G
8620,G
8621,G
8622,G
8628,G
8633,B
8634,B
8635,B
8637,B
8638,B
8639,G
8640,G
8641,G
8643,G
8644,G
8649,B
8650,B
8651,B
8652,B
8653,B
8654,B
8655,B
8656,G
8657,G
8658,G
8659,G
8660,G
8661,G
8662,G
8663,G
8664,B
8669,B
8670,B
8671,G
8672,G
8673,BioTech
8674,BioTech
8675,BioTech
8680,B
8681,B
8682,B
8683,B
8684,G
8685,G
8686,B
8687,B
8688,B
8689,G
8690,G
8692,B
8695,G
8701,B
8704,G
8705,G
8706,G
8707,G
8708,G
8709,G
8710,G
8711,G
8712,G
8713,B
8714,B
8715,B
8719,B
8720,B
8721,B
8722,B
8723,B
8724,G
8725,G
8726,B
8728,G
8729,G
8731,G
8732,G
8733,G
8734,G
8735,G
8736,G
8737,B
8738,G
8739,G
8740,G
8741,G
8742,B
8743,G
8744,G
8745,G
8746,BioHuman
8747,BioHuman
8748,G
8751,G
8753,G
8754,G
8756,B
8757,B
8758,G
8759,G
8760,G
8761,G
8763,G
8764,G
8765,G
8766,G
8767,G
8768,G
8769,G
8773,G
8774,G
8775,G
8777,G
8778,G
8779,B
8782,G
8783,B
8785,G
8786,G
8787,G
8788,BioTech
8789,B
8790,B
8791,B
8792,B
8793,B
8794,B
8796,G
8797,G
8800,G
8804,G
8805,G
8806,G
8807,G
8809,G
8810,G
8811,G
8812,B
8814,B
8815,B
8816,B
8817,B
8818,B
8819,B
8820,G
8822,B
8823,B
8824,B
8825,B
8826,G
8827,G
8828,G
8829,G
8830,G
8831,G
8832,B
8833,B
8834,G
8835,G
8836,B
8838,G
8839,B
8840,B
8841,B
8842,G
8843,G
8844,G
8847,B
8848,B
8849,BioTech
8850,BioTech
8851,BioTech
8852,BioTech
8853,BioTech
8854,BioTech
8856,G
8857,G
8858,G
8859,G
8862,B
8863,G
8864,G
8865,G
8868,G
8869,B
8870,G
8871,G
8876,B
8877,B
8879,B
8880,B
8881,G
8882,G
8883,G
8886,B
8887,B
8888,G
8889,G
8892,B
8893,B
8894,B
8895,B
8896,B
8897,B
8898,B
8899,BioTech
8900,BioTech
8901,BioTech
8903,B
8904,B
8905,B
8906,G
8907,BioTech
8908,BioHuman
8909,BioHuman
8910,BioTech
8911,BioTech
8912,B
8913,B
8914,G
8915,B
8918,B
8919,B
8920,G
8921,BioTech
8922,G
8923,G
8924,G
8925,G
8926,G
8927,B
8928,B
8929,B
8931,B
8932,B
8933,B
8938,G
8939,G
8942,G
8943,G
8944,BioTech
8947,B
8948,BioTech
8949,G
8950,G
8951,G
8952,B
8953,G
8957,B
8958,G
8959,G
8960,B
8961,B
8962,G
8963,B
8964,B
8965,B
8971,B
8972,B
8973,B
8975,B
8976,B
8978,B
8979,G
8980,G
8981,G
8982,BioHuman
8983,BioHuman
8984,BioHuman
8985,BioHuman
8986,BioHuman
8987,BioHuman
8988,BioHuman
8989,BioHuman
8990,B
8991,G
8992,G
8993,B
8994,B
8996,B
8998,G
8999,G
9000,B
9001,B
9002,BioTech
9003,BioTech
9004,B
9005,G
9006,G
9007,G
9008,G
9009,G
9010,G
9011,G
9012,G
9013,G
9014,G
9015,G
9016,G
9017,B
9019,G
9020,G
9021,G
9022,G
9023,G
9024,G
9025,G
9026,G
9029,B
9031,BioHuman
9032,BioHuman
9033,G
9034,B
9035,B
9036,G
9037,G
9038,G
9039,G
9040,B
9041,B
9042,G
9043,G
9045,G
9046,G
9048,G
9050,G
9051,B
9052,B
9053,G
9054,G
9055,G
9056,G
9058,G
9059,G
9061,B
9063,B
9064,G
9065,G
9066,G
9067,G
9068,G
9069,G
9070,G
9071,G
9072,G
9073,B
9081,G
9083,B
9086,G
9087,G
9090,G
9092,B
9093,G
9094,G
9095,G
9096,G
9097,G
9098,G
9099,G
9100,G
9101,G
9102,B
9103,G
9104,G
9105,G
9106,G
9108,G
9109,B
9110,G
9111,G
9112,G
9114,G
9115,G
9116,B
9117,B
9118,G
9120,G
9122,G
9123,G
9124,G
9125,G
9126,G
9127,G
9128,G
9129,G
9130,G
9132,G
9133,G
9134,G
9139,B
9140,B
9141,G
9144,G
9146,G
9147,G
9148,B
9149,G
9150,BioTech
9151,G
9152,B
9153,B
9154,B
9155,B
9156,B
9157,G
9160,B
9161,B
9162,B
9163,B
9164,B
9165,BioTech
9166,B
9167,B
9169,B
9170,B
9172,B
9173,B
9174,B
9175,B
9176,B
9179,G
9180,G
9181,G
9182,B
9183,B
9184,BioHuman
9185,BioHuman
9186,BioHuman
9189,G
9190,G
9191,B
9196,G
9198,G
9199,G
9200,G
9201,G
9202,G
9203,G
9204,G
9205,G
9206,G
9207,G
9209,G
9210,G
9211,G
9212,G
9214,G
9215,G
9216,G
9217,B
9218,B
9220,G
9221,G
9222,G
9223,G
9224,G
9227,B
9228,G
9230,G
9234,G
9235,G
9236,G
9237,G
9238,G
9239,G
9240,G
9241,G
9242,G
9243,B
9244,G
9245,G
9246,G
9247,G
9248,G
9249,B
9250,B
9251,B
9252,B
9253,B
9254,B
9255,B
9256,B
9257,B
9259,G
9260,G
9261,B
9262,G
9263,G
9264,G
9265,B
9266,B
9267,B
9268,B
9269,BioHuman
9270,BioHuman
9271,G
9272,G
9275,G
9276,G
9277,G
9278,G
9279,G
9280,G
9281,G
9282,G
9283,G
9284,G
9285,G
9286,G
9287,G
9288,G
9289,G
9290,G
9294,G
9295,G
9296,G
9297,G
9298,G
9299,B
9300,BioTech
9302,BioTech
9303,BioTech
9313,G
9314,G
9315,G
9317,G
9318,B
9320,G
9321,G
9322,G
9323,G
9324,G
9325,B
9326,G
9327,B
9328,G
9329,G
9330,G
9331,B
9332,G
9333,G
9337,B
9339,B
9340,G
9341,G
9342,G
9343,G
9344,B
9345,B
9346,B
9347,B
9348,B
9349,B
9350,B
9351,B
9352,B
9353,B
9354,G
9355,G
9356,BioHuman
9357,BioHuman
9358,B
9359,B
9360,B
9361,B
9362,G
9363,B
9364,B
9365,B
9366,G
9367,G
9368,G
9369,G
9370,G
9371,G
9372,G
9373,G
9374,G
9375,G
9376,G
9377,G
9378,B
9379,G
9380,G
9382,G
9383,BioTech
9384,BioTech
9385,BioTech
9386,G
9387,G
9389,G
9390,B
9391,B
9394,BioTech
9395,BioTech
9396,G
9397,G
9399,G
9400,B
9406,B
9407,B
9408,B
9409,B
9410,B
9411,G
9412,G
9413,B
9414,G
9416,G
9419,G
9420,B
9422,B
9423,B
9426,G
9427,G
9432,B
9433,G
9436,G
9437,G
9438,B
9439,G
9440,G
9441,B
9442,G
9443,G
9444,G
9445,G
9446,B
9448,G
9449,B
9450,B
9451,B
9452,B
9453,B
9454,G
9455,G
9456,BioTech
9457,BioTech
9458,BioTech
9459,B
9460,G
9461,G
9462,G
9463,G
9464,G
9465,G
9466,G
9467,G
9468,G
9469,G
9470,G
9471,G
9472,G
9473,G
9474,G
9475,G
9477,G
9478,G
9479,G
9480,G
9481,G
9482,G
9483,G
9484,G
9485,B
9486,BioTech
9487,BioTech
9488,B
9489,B
9491,G
9492,G
9493,G
9494,G
9495,G
9496,G
9497,B
9498,B
9499,G
9500,G
9501,B
9502,B
9504,G
9505,G
9506,B
9507,B
9508,B
9509,G
9510,G
9511,G
9513,G
9514,G
9515,G
9516,G
9519,G
9520,G
9522,G
9523,B
9526,G
9527,G
9528,G
9529,G
9530,G
9531,G
9532,G
9534,G
9535,G
9536,B
9537,G
9538,B
9539,B
9540,B
9541,G
9542,G
9543,G
9544,G
9545,G
9546,B
9547,B
9548,BioTech
9549,BioTech
9550,BioTech
9552,G
9553,G
9554,G
9555,G
9556,G
9557,G
9558,G
9559,G
9560,G
9561,G
9562,G
9563,G
9564,G
9565,G
9567,B
9568,B
9570,G
9571,G
9572,G
9573,G
9574,G
9575,G
9577,B
9578,B
9579,B
9580,B
9581,B
9582,B
9583,G
9584,G
9585,G
9586,G
9587,G
9588,G
9589,G
9590,B
9591,G
9592,G
9593,G
9595,B
9597,BioTech
9598,BioTech
9599,G
9600,B
9601,G
9602,B
9603,B
9604,BioHuman
9605,G
9606,G
9607,G
9608,G
9609,G
9610,G
9611,G
9612,G
9613,G
9614,G
9615,G
9616,BioTech
9617,BioTech
9618,BioTech
9619,B
9621,B
9622,G
9623,G
9624,G
9625,G
9626,B
9627,G
9628,G
9629,B
9630,B
9631,B
9632,G
9633,G
9634,G
9635,G
9638,G
9639,B
9640,B
9641,B
9644,G
9645,B
9646,B
9648,G
9649,G
9650,G
9651,G
9652,B
9653,B
9654,B
9655,B
9656,G
9657,B
9658,B
9659,B
9660,B
9661,B
9662,B
9663,G
9664,G
9666,G
9667,B
9668,B
9669,G
9671,B
9672,B
9673,B
9674,B
9675,B
9676,B
9677,G
9678,B
9679,B
9682,G
9683,G
9684,G
9685,G
9686,G
9687,G
9688,BioTech
9689,G
9690,G
9691,G
9692,G
9693,G
9694,G
9695,G
9696,G
9697,G
9698,G
9699,G
9700,B
9701,G
9702,B
9703,B
9704,B
9705,B
9706,B
9707,B
9708,G
9709,G
9710,G
9711,G
9712,G
9713,G
9714,G
9715,G
9716,BioHuman
9717,BioHuman
9718,BioHuman
9723,G
9724,B
9725,B
9726,B
9727,B
9728,B
9729,G
9730,B
9731,BioTech
9732,G
9733,G
9734,G
9735,B
9738,B
9739,B
9740,B
9741,B
9742,G
9743,G
9744,G
9745,G
9746,G
9747,G
9748,BioTech
9749,BioTech
9751,B
9752,B
9753,B
9754,B
9755,BioTech
9756,BioTech
9757,BioTech
9758,G
9759,G
9760,G
9761,G
9762,BioTech
9763,BioTech
9764,B
9765,G
9766,G
9767,G
9768,G
9769,G
9770,B
9771,B
9772,G
9773,G
9774,G
9775,G
9776,B
9777,G
9778,G
9779,G
9780,B
9781,G
9782,G
9783,G
9784,G
9785,G
9786,G
9787,G
9788,G
9789,G
9790,G
9791,G
9792,G
9793,G
9794,B
9795,B
9796,B
9797,G
9798,G
9799,G
9800,G
9801,G
9802,G
9803,B
9804,B
9805,B
9806,B
9807,B
9808,B
9809,B
9810,G
9811,B
9812,B
9813,B
9814,B
9815,B
9816,B
9817,B
9818,G
9819,G
9820,G
9821,G
9822,G
9823,G
9825,BioTech
9826,B
9827,B
9828,BioTech
9829,G
9830,BioTech
9831,B
9832,B
9833,BioTech
9834,G
9835,G
9836,G
9837,BioTech
9839,B
9841,B
9842,B
9843,B
9845,B
9846,B
9847,B
9848,B
9849,B
9850,B
9851,B
9852,B
9853,B
9854,B
9855,B
9856,B
9857,G
9858,G
9859,BioTech
9860,G
9861,B
9862,B
9863,B
9864,B
9865,B
9866,B
9867,B
9868,B
9869,B
9870,B
9871,B
9872,B
9873,B
9874,B
9875,B
9876,B
9877,B
9878,B
9879,B
9880,G
9881,G
9882,G
9883,G
9884,G
9885,G
9886,G
9887,G
9888,G
9889,G
9890,B
9891,B
9892,G
9893,G
9894,G
9895,G
9896,G
9897,G
9898,G
9899,G
9900,B
9901,G
9902,BioTech
9903,BioTech
9904,BioTech
9905,BioTech
9906,B
9907,G
9908,B
9909,B
9910,B
9911,B
9912,B
9913,B
9914,B
9915,B
9916,G
9917,BioTech
9918,G
9919,G
9920,BioHuman
9921,G
9922,BioTech
9923,B
9924,B
9925,B
9926,B
9927,G
9928,G
9929,G
9930,B
9931,B
9932,B
9933,B
9934,B
9935,B
9936,G
9938,G
9939,B
9940,B
9941,B
9942,B
9943,B
9945,B
9946,B
9947,B
9948,B
9949,BioTech
9950,BioTech
9951,BioTech
9952,BioTech
9953,B
9954,G
9955,G
9956,G
9957,G
9958,G
9959,G
9960,B
9961,B
9962,B
9963,B
9964,B
9965,B
9966,B
9967,B
9968,B
9970,B
9971,B
9972,B
9973,B
9974,B
9975,G
9976,B
9977,B
9978,B
9979,B
9980,B
9981,B
9982,B
9983,B
9984,BioTech
9985,B
9987,G
9988,G
9989,B
9990,B
9991,B
9992,B
9993,B
9994,G
9996,G
9997,G
9998,G
9999,G
10001,B
10002,B
10004,G
10005,G
10006,G
10007,B
10008,G
10009,G
10010,G
10011,G
10012,G
10013,G
10014,G
10015,G
10016,G
10018,G
10019,G
10020,G
10021,G
10022,G
10023,G
10024,G
10025,G
10026,B
10027,B
10029,BioTech
10030,BioTech
10031,G
10032,G
10033,BioTech
10034,BioTech
10035,B
10036,B
10037,G
10038,B
10039,G
10040,G
10041,B
10042,B
10043,B
10044,BioTech
10045,BioTech
10046,B
10047,G
10048,G
10055,G
10056,G
10057,B
10058,B
10059,G
10060,G
10061,G
10062,BioHuman
10063,BioHuman
10064,BioHuman
10065,BioHuman
10067,B
10068,B
10069,B
10070,G
10071,G
10073,G
10074,G
10075,G
10076,G
10077,G
10078,G
10079,B
10080,G
10081,G
10082,G
10083,BioTech
10084,BioTech
10085,BioTech
10086,BioHuman
10087,BioHuman
10088,BioTech
10089,G
10090,G
10091,G
10092,G
10093,G
10094,B
10095,B
10096,B
10097,G
10098,G
10099,G
10100,G
10105,G
10106,B
10107,B
10108,G
10109,G
10110,G
10111,G
10112,G
10113,G
10114,G
10115,B
10116,B
10117,G
10118,G
10119,B
10120,B
10122,B
10123,B
10124,B
10125,B
10126,B
10127,B
10128,G
10129,G
10130,G
10131,G
10132,G
10133,G
10134,G
10135,G
10136,G
10137,G
10138,G
10139,G
10140,G
10141,G
10142,G
10143,B
10144,B
10145,B
10146,G
10147,G
10148,G
10152,G
10153,G
10154,G
10155,BioTech
10156,G
10157,G
10158,B
10159,G
10160,B
10161,B
10162,G
10163,B
10164,B
10165,B
10166,BioTech
10167,B
10168,B
10169,G
10170,G
10171,G
10172,G
10173,G
10174,G
10175,G
10176,G
10177,G
10178,B
10179,B
10180,B
10181,B
10182,G
10183,G
10184,G
10185,G
10186,B
10187,B
10188,G
10189,B
10190,B
10191,B
10192,B
10193,G
10194,G
10195,BioTech
10196,G
10197,G
10198,G
10200,B
10201,B
10202,B
10203,B
10204,B
10205,G
10206,G
10207,B
10208,B
10209,B
10210,B
10211,BioTech
10212,BioTech
10213,G
10214,G
10215,G
10216,G
10217,G
10218,G
10219,B
10220,G
10221,G
10222,G
10223,G
10224,G
10225,G
10226,BioTech
10227,B
10236,G
10238,B
10239,G
10240,G
10241,G
10242,G
10243,B
10244,B
10245,G
10246,G
10247,G
10248,B
10249,BioTech
10251,G
10252,G
10253,B
10255,BioTech
10256,B
10259,G
10260,G
10261,B
10262,G
10263,G
10264,B
10265,B
10266,BioTech
10268,B
10269,B
10270,B
10271,B
10272,B
10273,B
10274,B
10275,G
10276,BioTech
10277,B
10278,B
10279,B
10280,B
10281,BioTech
10282,BioTech
10283,B
10284,BioTech
10285,BioTech
10286,BioTech
10287,BioTech
10288,B
10289,G
10290,G
10291,G
10292,BioTech
10293,B
10294,G
10295,G
10296,G
10297,G
10298,G
10299,B
10300,B
10301,B
10302,B
10303,B
10304,B
10305,G
10306,BioTech
10307,BioTech
10308,BioTech
10309,BioTech
10310,B
10311,B
10312,BioTech
10313,B
10314,G
10315,G
10316,G
10317,B
10318,B
10319,B
10320,G
10321,G
10323,BioTech
10324,BioTech
10325,BioTech
10326,BioTech
10327,BioTech
10328,G
10329,G
10330,G
10331,G
10332,B
10333,G
10334,G
10335,G
10336,G
10337,G
10338,B
10339,G
10340,B
10341,B
10342,G
10343,G
10344,BioTech
10348,G
10349,G
10350,G
10351,G
10352,G
10353,G
10354,G
10355,BioTech
10356,BioTech
10357,G
10358,BioTech
10359,G
10360,G
10361,G
10362,G
10363,B
10364,B
10365,B
10366,B
10367,BioHuman
10368,BioHuman
10369,B
10370,B
10371,B
10372,B
10373,G
10374,B
10375,G
10376,G
10377,BioTech
10380,B
10381,BioTech
10382,BioTech
10383,BioTech
10384,BioTech
10385,BioTech
10386,BioTech
10387,BioTech
10388,BioTech
10389,BioTech
10390,BioTech
10391,BioTech
10392,BioTech
10393,BioTech
10394,G
10395,G
10396,B
10397,BioTech
10398,BioTech
10399,BioTech
10400,B
10401,B
10402,B
10403,B
10404,B
10405,B
10406,B
10407,B
10408,B
10409,B
10410,BioTech
10411,G
10412,G
10413,G
10415,BioHuman
10416,G
10417,G
10418,G
10419,G
10420,G
10421,G
10422,G
10423,G
10424,G
10425,G
10426,G
10427,G
10428,BioTech
10429,G
10430,G
10431,B
10432,B
10433,B
10434,B
10435,G
10436,BioTech
10437,G
10438,B
10439,B
10440,G
10441,G
10442,B
10443,B
10444,B
10445,BioTech
10446,B
10447,G
10448,BioTech
10449,G
10450,G
10451,G
10452,G
10453,G
10454,G
10455,B
10456,B
10457,B
10458,B
10460,B
10461,B
10462,B
10463,B
10464,B
10465,B
10466,B
10467,B
10468,B
10469,B
10470,BioTech
10471,BioTech
10472,BioTech
10473,BioTech
10474,B
10475,G
10476,BioHuman
10477,BioHuman
10478,BioHuman
10479,BioHuman
10480,G
10481,G
10482,G
10483,G
10484,G
10485,B
10486,B
10487,B
10488,B
10489,BioHuman
10490,G
10491,G
10492,B
10493,B
10494,B
10495,B
10496,B
10497,B
10498,B
10499,G
10500,G
10501,G
10502,G
10503,B
10504,B
10505,B
10506,B
10507,BioHuman
10508,BioHuman
10509,B
10510,G
10511,G
10512,B
10514,G
10515,G
10516,B
10517,B
10518,B
10519,BioTech
10520,BioTech
10521,B
10522,B
10523,B
10524,B
10525,B
10526,B
10527,G
10528,G
10529,G
10530,G
10531,B
10532,B
10533,B
10534,B
10535,B
10536,B
10537,B
10538,G
10539,G
10540,B
10541,B
10542,G
10543,B
10544,G
10545,G
10546,G
10547,B
10548,G
10550,G
10551,G
10552,G
10553,G
10554,G
10555,G
10556,G
10557,G
10558,G
10559,BioTech
10560,BioTech
10561,G
10562,G
10563,G
10564,G
10565,G
10566,G
10567,G
10568,G
10569,G
10570,G
10571,G
10572,G
10573,G
10574,G
10575,G
10576,G
10577,G
10578,G
10579,G
10580,B
10581,B
10582,B
10583,B
10584,B
10585,G
10586,G
10587,G
10588,G
10589,G
10590,G
10591,G
10592,BioTech
10593,G
10594,G
10595,B
10596,B
10597,B
10598,G
10599,G
10600,G
10601,B
10602,B
10603,B
10604,B
10605,G
10606,G
10607,G
10608,G
10609,B
10610,B
10611,G
10612,G
10613,G
10614,G
10615,G
10616,G
10617,G
10618,B
10619,BioTech
10620,B
10621,B
10622,BioTech
10623,BioTech
10624,G
10625,BioTech
10626,BioTech
10627,BioTech
10628,BioTech
10629,B
10630,B
10631,B
10632,BioTech
10633,G
10634,G
10635,B
10636,B
10637,B
10638,B
10639,B
10640,B
10643,G
10645,B
10646,G
10647,G
10648,G
10649,G
10650,B
10651,B
10652,BioTech
10653,BioTech
10654,G
10655,G
10656,G
10657,G
10658,B
10659,G
10660,G
10661,G
10662,G
10663,B
10664,B
10665,B
10666,G
10667,G
10668,G
10669,G
10670,G
10671,B
10672,G
10673,BioTech
10674,BioTech
10675,G
10676,G
10677,BioTech
10678,G
10679,G
10680,G
10681,G
10682,G
10683,G
10684,G
10685,G
10686,G
10687,G
10688,G
10689,G
10690,G
10691,G
10692,G
10693,G
10694,G
10695,G
10696,G
10697,G
10698,G
10699,G
10702,G
10703,G
10706,G
10707,G
10708,G
10709,G
10710,G
10711,G
10712,G
10713,G
10714,G
10715,B
10716,B
10717,B
10718,B
10719,B
10720,B
10721,B
10722,B
10723,BioTech
10724,BioTech
10725,G
10726,G
10727,G
10728,G
10729,B
10730,B
10731,BioTech
10732,BioTech
10733,BioTech
10734,BioTech
10735,BioTech
10736,BioTech
10737,BioTech
10738,BioTech
10739,BioTech
10740,B
10741,B
10742,G
10743,G
10744,G
10745,G
10746,G
10747,G
10748,B
10749,G
10750,G
10751,G
10752,G
10753,G
10754,G
10755,G
10756,G
10757,B
10758,B
10759,G
10760,G
10761,G
10762,B
10763,B
10764,B
10765,B
10766,G
10767,G
10768,G
10771,G
10772,G
10773,G
10774,BioTech
10775,BioTech
10776,BioTech
10777,BioTech
10778,G
10779,G
10780,G
10781,G
10782,G
10783,G
10784,G
10785,G
10786,G
10788,G
10789,G
10790,G
10791,G
10792,G
10793,G
10794,BioTech
10795,BioTech
10796,G
10797,G
10798,G
10799,G
10800,G
10801,G
10802,G
10803,B
10804,B
10805,B
10806,B
10807,B
10808,B
10809,BioTech
10810,BioTech
10811,G
10812,G
10813,G
10814,G
10815,G
10816,G
10817,BioTech
10818,BioTech
10819,G
10820,G
10821,G
10822,G
10823,G
10824,B
10825,G
10826,B
10827,G
10828,G
10829,G
10830,G
10831,B
10832,B
10833,G
10834,G
10835,G
10836,G
10837,G
10838,G
10839,G
10840,G
10841,G
10842,G
10843,G
10844,B
10845,G
10846,G
10847,G
10848,G
10849,G
10850,G
10851,G
10852,G
10853,G
10854,B
10855,G
10856,G
10857,G
10858,G
10859,G
10860,G
10861,G
10862,B
10863,BioTech
10864,BioTech
10865,G
10866,BioTech
10867,BioTech
10868,BioTech
10869,G
10870,B
10871,B
10872,B
10873,B
10874,B
10875,B
10876,B
10877,B
10878,B
10879,B
10880,B
10881,B
10882,B
10883,B
10884,B
10885,B
10886,G
10887,B
10889,B
10890,B
10891,B
10892,B
10893,B
10894,B
10895,B
10896,G
10897,G
10898,G
10899,G
10900,G
10901,G
10902,G
10903,G
10904,G
10905,BioTech
10906,G
10907,G
10908,BioTech
10909,BioTech
10910,G
10911,G
10912,G
10913,G
10914,B
10915,G
10916,B
10918,BioTech
10919,G
10920,G
10921,G
10922,G
10923,G
10924,G
10925,G
10926,G
10927,G
10928,G
10929,G
10930,G
10931,G
10932,G
10933,G
10934,BioTech
10935,BioTech
10936,G
10937,G
10938,G
10939,G
10940,G
10941,G
10942,G
10943,G
10944,G
10945,G
10946,G
10947,G
10948,G
10949,G
10950,B
10951,G
10952,G
10953,G
10954,G
10955,G
10956,G
10957,G
10958,G
10959,G
10960,G
10961,G
10962,G
10963,G
10964,G
10965,G
10966,G
10967,G
10968,G
10969,G
10970,G
10971,G
10972,G
10973,G
10974,G
10975,BioHuman
10976,G
10977,B
10978,G
10979,B
10980,B
10981,BioTech
10982,G
10983,BioTech
10984,G
10985,G
10986,G
10987,BioTech
10988,G
10989,G
10990,G
10991,G
10992,G
10993,G
10994,G
10995,G
10996,B
10997,G
10998,G
10999,G
11000,G
11001,BioTech
11002,B
11003,B
11004,G
11005,G
11006,G
11007,G
11008,G
11009,G
11010,G
11011,G
11012,G
11013,G
11014,B
11015,G
11016,G
11017,G
11018,G
11019,G
11020,B
11021,BioTech
11022,BioHuman
11023,G
11024,G
11025,G
11026,G
11027,G
11028,G
11029,G
11030,G
11031,G
11032,G
11033,G
11034,G
11035,G
11036,G
11037,G
11038,G
11039,B
11040,G
11041,G
11042,G
11043,G
11044,G
11045,B
11046,B
11047,B
11048,B
11049,B
11050,B
11051,G
11052,G
11053,G
11054,G
11055,G
11056,BioTech