MoPHCode	RegistrationNumber
9876	7919/1
4648	28560/93
6868	166907/11
6687	218913/10
4811	14294
5724	218036/09
8169	54115/1
10439	38020/1
3345	208964/03
9595	61618/1
10207	100219/1
4509	15548
1808	767292/00
11827	27024/1
1809	767293/00
11828	27124/1
8825	125615/1
10395	12020/1
10394	12120/1
9690	71116/1
8923	47016/1
4272	974221/01
9574	76018/1
6212	218836/09
11468	108422/1
11469	108522/1
6233	167721/10
3593	405471/00
11610	2023/1
11472	118321/1
9181	103316/1
8507	169115/1
4452	208329/97
8671	185908/13
11109	121222/1
7012	222497/08
9342	147517/1
1553	261381/98
3117	236283/98
11331	147222/1
11698	101422/1
11699	101722/1
6025	218600/10
1554	78754/98
2504	208991/03
6939	097201/12
9128	187455/13
8858	119116/1
8425	124214/1
11328	14123/1
1555	973916/02
7750	66714/1
8773	106916/1
6026	219520/09
10147	22819/1
5910	24519/07
5911	24520/07
8125	8815/1
6151	219464/09
6152	219465/09
7232	185993/13
1859	405949/00
11498	76521/1
5998	168132/10
6571	168011/10
6149	219462/09
6150	219463/09
10082	71319/1
7793	66814/1
10925	70822/1
8868	96115/1
7197	96734/12
6668	219725/09
8644	140815/1
7613	187431/13
794	973365/01
6669	219726/09
3757	208020
7776	186960/14
11049	135021/1
4831	973029/01
7622	187095/13
3758	208021
5081	24504/07
5082	24505/07
7775	186961/14
6439	FE96430/11
7734	FE096856/12
1510	973437/01
11217	97821/1
8553	165615/1
7774	187160/13
7605	187086/13
6265	167549/10
7840	222479/08
1511	973436/01
11218	97921/1
7571	96416/11
7773	187159/13
7606	187087/13
6264	167548/10
11885	51323/1
9264	86517/1
11461	61321/1
8980	179516/1
7836	23614/1
6181	221697/10
11070	61421/1
11490	134522/1
11489	134322/1
7663	167179/10
11833	72523/1
3161	973955/02
3512	208746/03
8893	115716/1
9974	15119/1
10637	82120/1
10854	156920/1
11299	69121/1
6814	97874/11
10581	41221/1
5233	24914/07
1862	208672/03
8608	17816/1
3682	261368
10221	86518/1
1025	27528
4501	21358
1849	974038/02
7544	187083/13
9110	39017/1
1523	15315
7322	96384/11
3970	194341/05
1525	208598/03
3058	236818/99
4214	19/95
2177	261487/97
4864	21/95
4236	20/95
2179	D0744/92
11027	83421/1
9501	43118/1
9502	43018/1
3748	208378/02
3749	208379/02
7930	116214/1
9086	63317/1
3119	405494/00
1579	208377/02
4415	25656
8410	186089/13
4378	194794/05
9478	183117/1
4640	19217
4336	79
7552	186776/14
2481	78773
4525	21457
8547	16916/1
8548	16816/1
2793	E0344/91
8871	167315/1
9605	90318/1
7713	48014/1
9087	63217/1
9733	186844/1
11798	99623/1
11096	115322/1
1847	208341/02
5056	24706/07
1689	973376/01
4447	973305/01
7455	185829/13
6204	221328/08
9875	8419/1
5999	218160/09
1848	208013/03
9149	1017/1
3969	194340/05
8918	171816/1
9591	34918/1
4446	194499/06
10435	115220/1
10827	161820
9090	18117/1
9116	64417/1
9988	86716/1
8959	45915/1
8962	103716/1
5644	218782/09
7850	186532/13
9117	64317/1
9987	41716/1
8958	46015/1
8100	185980/13
5312	221195/08
7851	186533/13
7678	96719/12
10337	183119/1
9013	8417/1
11300	130022/1
11680	6123/1
9491	118016/1
9928	67919/1
11783	77421/1
10902	77421/1
11082	106222/1
10336	183019/1
10984	77321/1
11154	132722/1
9546	63418/1
8436	120115/1
9852	188818/1
8437	120215/1
11008	126021/1
8286	55315/1
11574	140920/1
8551	26816/1
1453	22141/73
1454	405409/00
1455	15317
10342	186919/1
10343	187019/1
92	27445
9890	41419/1
9891	41319/1
4502	81/95
9735	141918/1
9738	141818/1
10851	124121/1
4503	80/95
4504	80/95
8603	106915/1
6459	167832/11
7973	186972/14
10320	117519/1
4495	58/95
3168	24740/79
2555	208318
1589	973975/02
2557	261065
9645	65318/1
9646	84418/1
6712	218671/10
4548	83/95
4549	83/95
4551	83/95
11541	74023/1
11892	115323/1
11540	73923/1
11891	115223/1
8844	119016/1
4442	195467/04
9495	40516/1
3754	405939/00
3755	405931/00
11703	1193/2021
4421	27715
10512	113717/1
2251	236347
2512	
6943	96596/12
9350	163917/1
10094	192318/1
11518	27423/1
7651	96736/12
11470	108922/1
7160	96731/12
10833	98320/1
10834	98420/1
8965	176716/1
1008	27527
3115	27446
8775	132515/1
5478	219743/09
6890	096588/12
10339	172719/1
8321	8415/1
9191	76817/1
1009	236712
3116	208313/97
10682	73720/1
11799	45423/1
1260	261414
7846	54714/1
96	27447
10543	57620/1
6253	167746/11
8319	8515/1
8320	8615/1
10806	122320/1
10807	122420/1
10808	152118/1
169	17016
3915	973390/01
8477	133415/1
3938	195330/04
8287	121714/1
8288	45815/1
11685	21024/1
8760	67216/1
8759	67316/1
9939	179318/1
10095	59619/1
9449	30418/1
6255	222481/08
6285	218761/09
6883	97506/11
7113	97859/11
9241	100117/1
6575	219469/09
6286	218760/09
3206	405690/00
5258	24472/06
2023	26460
8497	144814/1
1038	26579
5060	24123/06
5844	219257/09
10619	87614/1
10981	9322/1
10983	9222/1
1028	405474/00
10592	87714/1
2017	208837/03
8087	145214/1
8113	42615/1
5263	24863/07
5262	23723/06
1037	26862
5061	24121/06
2029	27173
8088	144914/1
5842	219262/09
5843	219263/09
2016	208836/03
8085	145114/1
8111	42415/1
7961	25314/1
1039	26578
2025	26464
8496	145014/1
5057	24122/06
8907	106716/1
10292	77720/1
11866	40624/1
5264	24862/07
2124	208968/03
8413	134615/1
7239	187328/13
10560	160320/1
10559	160420/1
9165	64617/1
5374	194485/05
9115	98117/1
4699	194787/05
5948	218588/10
5136	24708/07
5083	24674/07
11282	156322/1
5375	194484/05
8579	20116/1
897	208628
4301	195082/04
9012	169016/1
4642	194482
3685	974109
4700	194788/05
5137	24681/07
9011	169116/1
5163	24368/06
5115	24930
6031	222499/08
11280	6623/1
8581	20216/1
5693	218873/09
5085	24673/07
11283	6823/1
7254	96882/12
8582	20316/1
3897	194121/05
6219	167510/10
5084	24672/07
11281	6723/1
8580	20016/1
3896	194120/05
4422	2235/94
5172	23613/06
3919	973314/01
6133	167704/10
11399	84622/1
10879	28022/1
6706	219295/09
4728	148220/03
6837	168001/10
11040	167724/2010
5123	24523/07
10880	27922/1
6707	219296/09
4729	148221/03
6838	168002/10
11041	167725/2010
6705	219306/09
5927	222483/08
5122	24524/07
10881	27822/1
6708	219297/09
4730	148222/03
6839	168003/10
11449	35323/1
6704	219307/09
5929	221855/08
5124	24522/07
10882	27722/1
6709	219298/09
4731	148223/03
6840	168004/10
11042	167726/2010
6702	219308/09
5930	221854/08
5125	24521/07
6437	167498/10
4701	148171/03
4302	195144/04
4702	148172/03
4303	195143/04
5086	24517/07
5847	218874/09
7290	185907/13
5126	194481/05
9705	179817/1
9706	24418/1
9707	24318/1
5770	219590/09
11237	54522/1
10314	115619/1
10502	114920/1
5771	219591/09
11236	54622/1
10315	115419/1
7991	126314/1
7992	126414/1
7993	126514/1
10316	115519/1
10501	114820/1
10740	61620/1
11682	90919/1
11430	124321/1
11175	114321/1
10741	133220/1
11683	90819/1
11429	124221/1
11174	114421/1
11526	16922/1
10758	9720/1
8993	31117/1
8994	31217/1
11048	136121/1
10767	58020/1
11047	136021/1
10766	58120/1
11525	126121/1
11161	127420/1
9337	115317/1
11360	149721/1
11612	144920/1
11447	43522/1
9339	115417/1
11361	149921/1
11448	43722/1
9826	178718/1
11433	139722/1
11812	37624/1
9827	178818/1
11434	142722/1
11813	37524/1
8680	61116/1
10469	185919/1
10991	20922/1
10463	186019/1
10464	185819/1
10462	185719/1
10992	21022/1
11711	53422/1
1340	973726/02
5345	222423/08
5959	23608/06
5302	222424/08
8333	122814/1
7871	44014/1
10194	115319/1
11632	62023/1
11633	61923/1
11327	144721/1
11684	84920/1
11848	6523/1
11043	124421/1
11176	114121/1
11759	40423/1
8571	31716/1
8572	31816/1
10757	9620/1
6755	97853/11
10585	30420/1
8854	93816/1
8083	9115/1
8084	9215/1
10918	120521/1
10987	121021/1
10041	10119/1
10042	10219/1
10043	10319/1
11529	9920/1
8253	78315/1
11321	150021/1
11530	10020/1
11446	43822/1
8203	55515/1
10782	145520/1
8204	55415/1
10781	145420/1
2010	973042/01
9237	80117/1
2036	236884/99
9235	79917/1
2038	236882/99
9236	80017/1
11858	126324/1
11859	126424/1
11857	126524/1
11854	126624/1
11855	126724/1
11856	126824/1
6869	219471/09
11233	5022/1
11130	116522/1
4576	19273
4588	22573
4289	19330
6832	167747/11
11211	59422/1
11208	59322/1
11209	24643/79
11210	61122/1
6260	167954/11
11582	59722/1
11212	59522/1
10146	22720/1
10251	81320/1
7309	96730/12
9573	19018/1
6881	97235/12
5764	219286/09
7589	222903/14
9611	102318/1
10530	171620/1
7385	186520/13
10218	93120/1
10697	73321/1
8712	59216/1
9572	19018/1
9125	28017/1
7492	186791/14
9802	125616/1
9473	46618/1
9758	14419/1
5666	221863/08
9141	31717/1
10659	103120/1
7422	187151/13
7320	96864/12
7511	186529/13
9800	133416/1
9278	74217/1
9522	79318/1
9760	14519/1
9341	101217/1
9759	14619/1
9207	72517/1
9382	126117/1
9276	69217/1
11757	79222/1
11758	79122/1
7597	186151/13
11491	154221
11492	154321
1337	974078/02
8710	138715/1
9220	94817/1
7666	186793/14
5712	218827/09
1338	974079/02
10829	122620/1
11818	27224/1
8099	154714/1
4577	19264
11329	130922/1
9599	33918/1
1369	3561
1551	20539
9606	42218/1
1385	14247
6193	167632/10
9526	31316/1
4104	2836/94
7735	45814/1
10895	65421/1
2248	78728/97
7493	187200/14
1800	3443/72
8422	136315/1
4658	405534/00
1801	3398/72
2249	78727/97
5667	221862/08
7421	187099/13
7423	187100/13
9262	69116/1
3495	
6269	167506/10
8438	111815/1
11396	49422/1
9222	76615/1
5049	194346/05
8546	171515/1
7315	218188/09
9730	47219/1
10155	118319/1
11061	52422/1
8281	9815/1
9066	175116/1
4543	24964
9929	27714/1
2626	B0342/91
11363	105820/1
9950	173516/1
11733	71022/1
11734	71122/1
11199	79321/1
10735	186419/1
1752	27867
11342	64615/1
11365	114821/1
9952	173816/1
11744	71522/1
11745	71422/1
1757	405445/00
11344	64815/1
11364	105920/1
9951	173716/1
11742	71222/1
11743	71322/1
11198	79421/1
1758	405446/00
11343	64715/1
11362	118521/1
9949	173616/1
11740	70922/1
11741	54122/1
1759	27866
11341	64515/1
11746	71622/1
490	405401/00
10009	151718/1
6624	096354/11
6625	218322/09
6860	97208/12
6861	97209/12
10870	26922/1
11808	26922/1
7282	219456/09
6267	167816/11
5982	219461/09
6218	222287/08
5775	221696/08
6544	167191/10
9975	23719/1
11886	21622/1
10751	167602/10
10982	29822/1
8992	120316/1
6938	96590/12
6257	221856/08
7820	67514/1
7691	218333/09
5490	24501/07
8408	126515/1
10548	167320/1
8506	157715/1
10362	140420/1
9480	107114/1
7004	97499/12
4673	261087/97
4680	261088/97
10617	57121/1
5489	219721/09
8082	107014/1
6517	166754/11
10642	FE100420/1
10784	922/1
10641	FE100320/1
10783	822/1
10408	14620/1
10409	14720/1
10402	14520/1
10407	14820/1
10406	14320/1
10405	14220/1
10404	14120/1
10658	14020/1
10403	13920/1
2224	38681/96
2217	974004/02
5314	221303/08
5317	221304/08
11822	30924/1
5315	221302/08
5316	221301/08
11821	31024/1
6523	97682/11
11820	31124/1
7870	88314/1
10555	73220/1
6773	97004/12
10552	73420/1
10411	140518/1
11064	6720/1
10359	100720/1
11824	152020/1
11825	151920/1
6775	97006/12
10553	73520/1
10412	140618/1
11065	6820/1
10360	100820/1
11823	152120/1
5543	221951/09
10554	73320/1
10413	140418/1
11063	6620/1
10361	100920/1
11826	151820/1
10341	141519/1
11589	27823/1
10551	45620/1
10340	141419/1
11590	27923/1
10550	45720/1
8832	142116/1
9359	176017/1
11046	78421/1
3356	208583/03
9851	171218/1
10489	187419/1
10415	10520/1
11335	10320/1
9506	22618/1
9507	22518/1
9508	22418/1
7193	97840/11
8986	14817/1
3279	208373/02
8987	14917/1
3280	208374/02
8988	15017/1
3281	208375/02
7980	89114/1
8558	9516/1
9763	94914/1
8850	46316/1
10908	13421/1
10909	13521/1
10367	83820/1
10368	83920/1
6958	97879/11
6539	96419/11
10307	179219/1
10284	162219/1
10285	162319/1
10286	162419/1
8983	15417/1
8984	15217/1
8985	15317/1
8315	76815/1
5539	218018/09
10083	139519/1
5540	218019/09
5541	218017/09
9762	83014/1
1263	15851
9808	159018/1
7521	186525/13
11625	120416/1
11624	21623/1
9902	101918/1
9903	101818/1
9904	102118/1
9905	102018/1
5342	222404/08
9481	22115/1
11111	121122/1
5295	222403/08
7777	186975/14
6867	218850/09
6724	218816/09
5046	208352/02
10178	102219/1
8728	71316/1
8729	66216/1
7023	97534/11
7974	141614/1
5210	222236/07
6239	167494/10
9154	4517/1
5113	24311
8656	159515/1
1870	261032
6657	218348/09
9155	4717/1
11841	57022/1
9156	4617/1
11842	57322/1/1
3712	25200/81
1864	973346/01
10941	95818/1
10624	100020/1
6824	166942/11
9536	125716/1
8141	31215/1
6658	218349/09
4440	208366/97
6372	166901/11
11303	17423/1
6370	166903/11
11302	17523/1
6442	222454/08
11531	119723/1
10471	194319/1
10775	108621/1
11692	129323/1
6368	166905/11
11790	139023/1
10472	194519/1
6791	97990/12
10473	194419/1
1433	973713/02
8890	70215/1
9830	61819/1
10774	4922/1
1434	973712/02
1095	236426/98
6211	167619/10
1096	236428/98
10934	75717/1
11473	91122/1
10935	75717/1
7211	168142/10
7212	168141/10
9378	93016/1
11424	154720/1
11425	154620/1
3487	148247/03
3489	148245/03
3267	405966
9604	136918/1
8989	20117/1
3604	974495
5567	23852/07
4048	194316/05
8428	16115/1
9780	166718/1
2662	974119/01
2473	261021
6831	97018/12
8409	105015/1
6830	167802/11
11191	16221/1
7125	186467/12
7132	186464/12
8075	80614/1
8076	80714/1
4166	2704/94
4776	2096/94
9584	107117/1
4182	2713/94
4785	2095/94
4167	2704/94
9377	145817/1
4775	2096/94
9897	186118/1
9997	21619/1
4169	2704/94
9376	137517/1
4774	2096/94
9588	142017/1
9784	178618/1
9585	107017/1
4181	2713/94
4184	2713/94
9714	168818/1
4784	2095/94
4786	2095/94
9715	168918/1
10130	134519/1
10129	134619/1
10613	63921/1
11145	9423/1
4134	2709/94
4136	2709/94
4138	2709/94
9711	130718/1
9712	130618/1
4767	2092/94
4769	2092/94
4770	2092/94
9710	130818/1
9713	130918/1
10076	125919/1
10078	125819/1
10077	126019/1
10131	134419/1
10612	64121/1
11144	9523/1
4142	2710/94
4144	2710/94
9372	99817/1
9373	99917/1
4764	2093/94
4765	2093/94
4766	2093/94
9370	67417/1
9371	67517/1
9483	115717/1
9484	115817/1
9562	126017/1
9563	125917/1
10611	64021/1
11143	9623/1
4157	2661/94
4159	2661/94
11652	124223/1
4754	2094/94
4755	2094/94
4756	2094/94
4777	38950/96
4772	38949/96
4165	261321/97
4773	38948/96
4174	261320/97
4778	38951/96
4163	208491/97
4133	261322/97
4147	2744/94
4155	2744/94
4149	2746/94
4151	2746/94
4153	2746/94
4177	2745/94
4179	2745/94
9587	141917/1
10936	137821/1
11150	9823/1
4782	2097/94
4783	2097/94
9555	145717/1
9883	187518/1
9785	185318/1
4187	2779/94
4189	2779/94
4780	118/95
4781	118/95
4110	2792/94
2596	F1876/94
10614	63721/1
10615	63521/1
10616	63621/1
11140	9323/1
11141	9123/1
11142	63621/1
4115	2711/94
4117	2711/94
4119	2711/94
9379	19616/1
11651	124023/1
11653	124323/1
11654	124123/1
4749	2088/94
4750	2088/94
4751	2088/94
4114	2780/94
4752	2089/94
4753	2089/94
10566	52321/1
10567	52421/1
10568	52521/1
10569	52621/1
11146	8723/1
11147	8823/1
11148	8923/1
11149	9023/1
9772	160618/1
9790	160718/1
9791	193318/1
9792	177618/1
9793	177718/1
4122	2662/94
4124	2662/94
4126	2662/94
4128	2662/94
4130	2662/94
9558	89618/1
9559	89518/1
9586	93718/1
9708	166518/1
9773	185918/1
4808	113/95
4809	113/95
4779	2087/94
4790	2087/94
4801	2087/94
5198	195282/04
9955	60319/1
9958	39119/1
9957	39019/1
9999	21819/1
9954	60219/1
9956	60419/1
9959	39219/1
9998	21719/1
4748	114/95
4810	114/95
4747	114/95
2595	C1876/94
4113	2778/94
4112	2777/94
4111	2793/94
4191	261057/97
4192	261056/97
5186	24725/07
5188	24724/07
5190	24691/07
5191	24692/07
5187	24726/07
5189	24693/07
3599	195043/04
3600	195044/04
9869	32614/1
9867	36814/1
9865	32514/1
9864	36914/1
9861	39114/1
9863	39014/1
6695	167801/11
285	MPA 2272/94
2282	78753/97
4199	2839/94
4200	2839/94
2283	236215/98
4198	2796/94
4196	2838/94
4197	2795/94
4202	2805/94
4201	2802/94
4203	236963/99
10570	51921/1
10571	52121/1
10572	52021/1
10573	51821/1
10575	52221/1
11136	8323/1
11137	8523/1
11138	8623/1
11139	8423/1
2285	78752/97
291	MPB 2893/94
292	MPC 2893/94
9189	51117/1
9190	51017/1
9892	158118/1
9895	193218/1
9896	158218/1
9788	178418/1
9881	187618/1
9560	121517/1
9561	121617/1
9786	178518/1
4207	2806/94
4208	2806/94
4209	2806/94
4211	208804/03
4212	2633/94
4215	2633/94
4217	2633/94
4219	2633/94
4221	2633/94
9374	121817/1
9375	137617/1
9380	19516/1
9556	89218/1
9557	89118/1
9709	166618/1
4795	115/95
4796	115/95
4792	2090/94
4793	2090/94
4794	2090/94
11414	141120/1
11415	141020/1
11416	141220/1
9789	185118/1
9882	187718/1
9564	129417/1
9565	129317/1
9787	185218/1
10574	51721/1
11135	9723/1
9893	34319/1
9894	34419/1
4223	2712/94
4224	2712/94
4225	2712/94
9774	185818/1
9775	186018/1
4787	2091/94
4788	2091/94
4789	2091/94
4206	2794/94
4857	2794/94
4204	2804/94
4205	2804/94
8758	109215/1
3504	974121/01
2771	261486/97
4175	2797/94
4176	2798/94
4103	2803/94
8826	93216/1
10707	92920/1
3922	194023/05
4105	35/95
4106	35/95
4107	35/95
4108	35/95
4109	35/95
4800	279/95
4802	279/95
4803	279/95
4804	279/95
4805	279/95
4806	279/95
4858	35/95
4859	35/95
4860	35/95
10626	141720/1
11718	100023/1
11719	100123/1
7507	186635/13
7508	186506/13
5283	221421/08
5284	221422/08
2222	208346/97
9472	11518/1
10815	182120/1
10816	182020/1
2975	17908
11398	17123/1
2976	23537
10826	71420/1
8590	38315/1
5213	24352/06
11513	73421/1
2871	148228/03
11662	10301/1
10114	99119/1
2640	236651
3546	148242/03
7787	34014/1
8906	178216/1
11026	154520/1
3532	195328/04
4861	26/95
2097	H0744/92
7809	81614/1
11025	43121/1
272	MPO 2266/94
2279	973404/01
11500	147021/1
8529	149415/1
6599	166529/11
9921	51218/1
8421	92215/1
11114	23321/1
11503	53823/1
4605	20377
3714	27052
3715	27871
5420	221922/09
5421	221923/09
9462	167617/1
9463	167717/1
5422	221924/09
9464	167817/1
9024	174116/1
11388	65921/1
9023	174216/1
11389	66021/1
449	27207
9836	165116/1
3838	195480/04
11226	92420/1
5385	23634/06
11715	79520/1
10693	24020/1
5386	23635/06
11714	79620/1
10694	24120/1
8105	23815/1
8103	23915/1
8104	24015/1
8924	129615/1
4304	11283
4314	20919
10763	122121/1
10764	122221/1
10765	122321/1
7258	185912/13
7049	218863/09
11658	170020/1
8176	86314/1
5492	221726/08
11193	46522/1
9469	179417/1
8842	115416/1
10713	11819/1
5493	221725/08
11194	46622/1
9468	179517/1
8843	115316/1
10714	11719/1
8898	140616/1
4468	24279
4497	24273
4508	24962
2548	78829/98
9224	142315/1
10878	28122/1
988	MP MO 581/91
11501	113621/1
1664	24878/80
10791	89221/1
4738	27515/93
8224	126114/1
8249	121014/1
2573	C0744/92
8145	42915/1
9133	186115/13
5313	23601/06
9552	34018/1
10877	28222/1
10186	132719/1
10204	182019/1
10396	197819/1
8794	110115/1
9067	8017/1
9899	169418/1
11459	93222/1
9025	156916/1
7087	186473/12
9068	7917/1
9898	169518/1
11460	93422/1
9026	157016/1
7088	186474/12
4267	25486
11495	54123/1
6441	219226/09
11594	115123/1
7703	187434/13
9781	160515/1
10297	152419/1
10298	172219/1
9120	28517/1
10236	77018/1
10425	76220/1
10248	144619/1
10199	144519/1
1169	22857/74
5569	218155/09
9347	416/1
9348	316/1
9346	216/1
8157	59315/1
8158	59215/1
7080	24718/79
7081	24717/79
3427	135258/97
6927	96687/12
5878	23726/06
9608	45018/1
2361	27883
8290	11815/1
9438	40918/1
8886	115216/1
3196	38920/97
8031	136515/1
10968	94221/1
10969	94321/1
10158	97819/1
1001	MP VA 581/91
1651	25799
4874	27591/94
1002	MP VB 581/91
1652	25800
4875	27592/94
10132	143419/1
10177	143519/1
6516	167169/10
11755	77022/1
7573	185823/13
11756	77222/1
11441	69022/1
978	261444/97
11080	115222/1
4249	974227/01
480	27945/95
11442	68822/1
4260	974230/01
481	27946/95
10970	102221/1
10971	102121/1
11045	78521/1
4694	23650/06
5951	221990/09
5039	194106/05
5506	24945/07
5192	24714/07
11444	35123/1
4078	23881/07
11384	72422/1
6308	23639/06
8768	34316/1
11561	81723/1
4695	23701/06
5041	194101/05
5507	24944/07
5181	24718/07
4079	23882/07
11385	72322/1
6309	24676/07
8767	34416/1
4693	23649/06
5957	219480/10
11445	35223/1
7838	66314/1
11251	121720/1
11383	72222/1
11252	121820/1
11253	121920/1
3686	236734
11030	114621/1
10973	51122/1
10778	85821/1
9901	6319/1
9853	15919/1
9467	162017/1
9465	162117/1
9968	16019/1
9466	162217/1
4268	974228/01
11443	68922/1
4269	974229/01
4696	23702/06
6715	166532/11
5397	222455/08
8769	34516/1
4697	23703/06
6338	96410/11
6339	96411/11
4321	25483
5516	221711/08
5518	221712/08
3531	195452/04
10779	154820/1
7746	97698/11
5074	24384/06
5585	221156/08
7274	186365/13
11767	69421/1
5266	222226/07
6471	167490/10
6256	167177/10
3950	148393/04
5695	23648/06
1858	974224/01
7243	219270/09
7330	96881/12
10780	154920/1
7347	97882/12
5586	221157/08
7273	186364/13
11766	69321/1
8570	1615/1
6407	167489/10
7331	96880/12
10835	149520/1
7167	96655/12
6681	167745/11
6682	167744/11
10773	6821/1
2688	261012
3717	27873
4311	236308/98
4312	195142/04
5285	221420/08
5286	221419/08
10278	95019/1
10279	95319/1
3822	27355
4250	236261/98
4252	236264/98
4251	236263/98
3055	135276
3045	27057
4253	236265/98
3819	27352
4275	78968/98
4578	46
6714	167735/11
5171	23620/06
3820	27353
4276	78969/98
5173	23621/06
322	208363/97
11349	67922/1
3213	405682/00
11350	68722/1
11351	68622/1
3212	405681/00
5229	24979/07
5236	24978/07
4263	194926/05
10883	27122/1
6481	168202/10
6340	96388/11
7710	186056/13
4264	194927/05
10884	27022/1
6480	168203/10
5669	221713/08
7711	186057/13
7172	97478/12
4265	194925/05
10885	26822/1
7244	96648/12
5670	221714/08
7712	186058/13
7171	97479/12
4266	194928/05
4278	78966/98
11352	69122/1
3530	148386/04
5615	221706/08
5616	221705/08
6262	166647/11
5577	221880/08
5576	221672/08
5729	218136/09
5730	218135/09
5880	218001/09
11504	30921/1
5881	218002/09
11505	31021/1
5883	218011/09
11507	31121/1
6836	167605/10
10140	113019/1
10139	113119/1
10141	113219/1
10142	113319/1
8130	27015/1
8132	26915/1
8133	26715/1
9678	99818/1
9679	99918/1
6845	97841/11
5329	194127/05
4745	195018/04
10943	154420/1
7173	97241/12
6846	97842/11
5244	222208/07
10944	154320/1
11772	137623/1
7045	167488/10
6477	168101/10
7063	96571/12
11814	41322/1
8618	44416/1
7889	96582/12
11773	137723/1
7046	167487/10
6855	168103/10
7065	96572/12
11815	41222/1
8619	44316/1
7934	101714/1
7890	96583/12
7891	96584/12
7972	96581/12
10871	27422/1
7390	185959/13
9295	102816/1
7675	30614/1
7333	97360/12
10586	17921/1
9070	23717/1
6222	167545/10
10872	26722/1
7389	185958/13
9294	102716/1
7603	185812/13
7338	97361/12
10587	17821/1
9071	23817/1
6223	167479/10
11219	87421/1
1381	405698/00
6823	218834/09
11274	129222/1
10111	83018/1
11220	87321/1
1382	974041/02
6822	218835/09
11275	129422/1
10110	83118/1
10109	83218/1
2265	974489/00
5077	24461/06
11466	121218/1
2308	974488/00
9589	33818/1
5078	24460/06
11467	121118/1
9796	108518/1
6576	96412/11
6766	97047/12
11246	3321/1
9795	108618/1
6577	96413/11
6764	97048/12
11247	3221/1
9794	108718/1
6578	96414/11
6765	97049/12
11248	3121/1
11163	150820/1
11895	151120/1
6847	97888/12
4645	195019/04
9286	101017/1
10945	154220/1
7174	97396/12
6848	97889/12
5475	222489/08
9287	101117/1
10946	154120/1
11774	137323/1
7892	186255/13
11775	137423/1
6478	168104/10
6574	218776/09
8354	096851/12
7935	101814/1
7893	186256/13
11776	137523/1
6854	168105/10
7894	186257/13
7896	186259/13
7895	186258/13
10874	27222/1
7388	185987/13
10528	130517/1
7674	30514/1
8512	185801/13
10588	17721/1
6224	167546/10
10873	27322/1
7386	185988/13
10529	130417/1
7676	30714/1
8513	185802/13
10589	17621/1
6225	167547/10
7387	185989/13
7604	185813/13
8514	185803/13
10590	17521/1
11221	78221/1
6018	23609/06
11277	150322/1
10112	83418/1
6017	24537/07
10113	83318/1
2326	974085/02
5812	222495/08
7411	187439/13
11516	159920/1
7412	187441/13
11517	159820/1
7413	187443/13
11515	159720/1
7414	187442/13
11514	159620/1
11645	36122/1
11700	36022/1
11777	137823/1
11872	150921/1
8033	24814/1
7311	186372/13
9801	116416/1
10350	166818/1
11778	137923/1
11873	151021/1
10223	83617/1
8032	24914/1
7314	186370/13
8584	109014/1
10349	166918/1
11871	150821/1
9963	123618/1
7408	187498/13
11249	17321/1
9961	123718/1
7409	187497/13
11250	17421/1
9962	123818/1
7410	187496/13
6461	166980/11
11179	84822/1
6462	166979/11
11178	84722/1
6817	167728/10
6818	167729/10
10246	135019/1
10247	134919/1
10245	135119/1
7226	97236/12
7227	97237/12
11779	138123/1
11337	9922/1
11782	138223/1
11255	6220/1
11338	10322/1
11780	138323/1
11339	10022/1
11781	138023/1
11115	160016/1
11257	6120/1
11336	10122/1
11374	1181/1
11340	10222/1
7762	60614/1
11390	154921/1
7763	60514/1
11391	154721/1
7764	60214/1
11394	154521/1
7765	60414/1
11393	154821/1
7766	60314/1
11392	154621/1
8447	164215/1
8448	164315/1
8449	164415/1
6727	97664/11
3898	194917/05
4674	974220/01
4371	405487/00
6728	97662/11
3900	194916/05
7169	97041/12
4675	974219/01
4372	405488/00
6729	97663/11
3899	194915/05
7170	97040/12
4676	195017/04
4373	195307/04
3355	974055/02
3571	208659/03
9005	146916/1
4340	194903/05
3579	208658/03
9006	147016/1
4339	194904/05
4338	194905/05
6092	167503/10
5226	24467
5075	24457/06
9199	30617/1
11795	133622/1
11355	97621/1
7525	186173/13
5587	222385/08
3564	194013/05
6355	221901/08
5268	24942/07
11701	40021/1
5486	194304/05
10576	8920/1
4718	194919/05
3895	148348/04
7116	097486/12
6130	221674/08
8510	174915/1
6093	167502/10
5224	24468
5076	24459/06
7569	186393/13
11794	133522/1
8660	186840/14
11356	97721/1
8486	186455/12
7177	166831/11
5588	222386/08
3563	194014/05
6354	221902/08
5267	24941/07
10175	75315/1
5487	195316/04
10577	9020/1
4719	194920/05
3894	148349/04
7115	097485/12
6131	221675/08
8509	174815/1
6094	167501/10
5225	24469
7490	97883/12
9200	30717/1
10484	145021/1
11617	38423/1
8485	186456/12
7526	186174/13
5863	218882/09
6188	168223/10
6356	221903/08
5269	24943/07
10174	75215/1
10578	9120/1
4720	194921/05
5989	218653/10
8307	76415/1
6132	221676/08
9234	79617/1
11616	38323/1
10579	9220/1
1711	195490/04
7496	186099/13
11896	21422/1
7861	186191/13
6342	168138/10
9609	87318/1
8873	186622/13
8118	36915/1
6302	167996/11
11346	FE15223/1
5484	195052/04
8462	56614/1
7769	186812/14
3990	24356/06
7038	96883/12
1712	195491/04
7497	186100/13
11897	195051/04
7862	186192/13
6343	168139/10
9610	87418/1
8874	186624/13
8119	36815/1
6303	167997/11
11347	FE15323/1
5485	195051/04
7384	167709/10
7768	186813/14
4094	24357/06
7037	96884/12
1713	195492/04
7498	186101/13
6301	167998/11
11348	FE15023/1
7767	186811/14
5565	23863/07
7724	186814/14
11345	FE15123/1
5761	218154/09
6100	168117/10
10357	81720/1
6101	168118/10
9745	147914/1
8403	63115/1
5376	194483/05
5811	218025/09
10547	1921/1
7727	186994/14
5856	218806/09
7601	222913/10
7184	186478/12
10580	42221/1
3367	974210/01
8444	106015/1
9353	111817/1
9063	163316/1
10814	62020/1
5278	222422/08
5252	24932/07
8542	174615/1
9065	163116/1
9064	163216/1
7510	186452/12
9160	30817/1
9161	30917/1
10191	16920/1
8312	78814/1
7947	97001/12
11322	24523/1
10192	16720/1
8313	78914/1
11748	47124/1
10190	16820/1
11747	47224/1
10635	92520/1
11188	182720/1
10636	92620/1
11189	182820/1
11190	182820/1
8035	186110/13
8034	186111/13
8721	167715/1
8722	167815/1
8723	167915/1
7729	78214/1
7869	108014/1
11797	99523/1
4646	26580/89
7332	97875/11
9496	19818/1
4313	261479/97
2886	405976/00
3902	194782/04
11788	130023/1
4067	194314/05
10122	117019/1
7156	194030/05
4714	194149/05
4362	208688/03
10202	121319/1
6385	168250/10
3903	195336/04
9157	59217/1
2748	26117
11088	105720/1
4423	2439/94
856	27739
5589	221407/08
8341	97115/1
7155	194031/05
4715	194150/05
4361	208687/03
4568	78/95
4641	2725
4610	2891
4621	2888
7558	187438/13
10168	98019/1
259	27703
4499	82/95
3992	25310
1499	236433/98
7220	96690/12
7543	96594/12
5211	222235/07
6220	24531/07
10120	117219/1
9045	121916/1
9907	30619/1
11502	54721/1
9843	16719/1
164	974009/02
4481	22448
4600	2889
8081	120114/1
4567	59/95
6872	97363/12
4523	21359
4634	2727
2747	
7321	166908/11
4618	2726
11478	119223/1
1089	25292
5500	218022/09
8192	46715/1
11819	78424/1
4400	208685/03
7531	97885/12
1440	973977/02
1548	195075/04
1088	25254
5499	218023/09
8191	46915/1
11180	117022/1
9445	150817/1
8807	222927/14
9179	53717/1
9180	53817/1
4397	24751
9919	55619/1
4632	2847
771	236879/00
11376	45420/1
772	236880/00
9320	187184/13
5298	24541/07
4287	236962/99
5783	218737/10
9686	172016/1
11881	57923/1
8870	52515/1
3698	135371
7560	186379/13
4431	2707/94
8932	3417/1
8931	3217/1
8933	3317/1
8996	10117/1
508	236445/98
611	27179
4684	26556/88
8560	144815/1
612	27180
4417	2375/94
3559	194793/05
6905	218696/10
10136	85419/1
6027	221948/09
7539	186286/13
10967	123518/1
9261	148817/1
7897	114114/1
9530	62417/1
10364	94920/1
10363	94820/1
8017	186126/13
8052	19515/1
9351	156517/1
10491	162220/1
6697	096203/11
4898	26693/89
9352	156617/1
10490	163020/1
6696	096202/11
4505	21365
4613	22577
1527	236740/99
7969	25014/1
1087	25834
8193	46815/1
7532	97884/12
3514	148181/03
6014	24710/07
4688	26589/89
7687	187340/13
11846	99723/1
4411	25651
8156	33515/1
5504	222378/08
8563	166615/1
3526	194792/05
5239	24303/06
10366	94620/1
759	208552/03
4903	38909/96
4904	38918/96
4559	84/95
4532	79/95
4490	2885/94
4488	2885/94
4492	2885/94
4494	2885/94
4590	31
4594	32
4591	30
4592	33
7494	97451/12
11611	165220/1
9215	38917/1
3414	27099
4368	2830/94
4367	2828/94
4369	2829/94
8652	28116/1
10938	66621/1
3415	135370
10939	66521/1
8928	92416/1
11171	134121/1
5095	974074
4467	38691/96
7661	186451/12
11726	159223/1
7660	96900/12
11727	159323/1
9061	25517/1
10671	21320/1
3695	27096
3694	27095
6336	219279/09
5235	24916/07
2767	26674
11805	130323/1
4439	236679/99
4414	2824/94
7875	31514/1
6400	221671/08
9330	123315/1
11370	80022/1
10365	94720/1
3977	195471/04
10452	68620/1
8593	1416/1
8724	74916/1
3978	195470/04
10453	68720/1
3976	195469/04
10451	1320/1
4075	23632/06
8725	75016/1
5114	24301
10454	68820/1
176	27916/94
9017	158016/1
9329	146115/1
7630	186106/13
10255	163219/1
11809	1324/1
10623	145720/1
11810	90923/1
10329	90319/1
2755	974104/01
6402	166842/11
5205	24332/06
10090	2814/1
6144	167088/10
6096	24906/07
8274	61415/1
8275	61315/1
11861	181820/1
7697	187449/13
8411	166818/11
7612	187335/13
9687	74017/1
9409	146317/1
9410	146217/1
10290	110616/1
3711	24739/79
9769	130418/1
6182	218338/09
11840	89624/1
2579	20528
7235	221853/08
8098	154814/1
10852	185518/1
11663	3323/1
1459	236236/98
1460	236235/98
11310	105717/1
11694	3223/1
10289	110716/1
7761	96417/11
3268	974211/01
4316	261475/97
4317	261476/97
4319	261477/97
11035	84522/1
5071	23730/06
6213	218596/10
6420	218595/10
6421	218594/10
9083	122316/1
11121	181020/1
5135	208862/03
7183	186288/13
10838	121520/1
2937	208285/03
8577	716/1
10839	121620/1
2936	208819/03
11832	12124/1
1301	767258/00
1302	767259/00
7826	96716/12
7827	96717/12
11155	122122/1
11156	122022/1
3411	973857/02
3412	973858/02
2905	26894
544	208805/03
6284	168014/10
141	22411
8018	69914/1
3920	195349/04
7852	81514/1
6561	96426/11
542	1990/72
8270	66415/1
8225	120714/1
9455	140217/1
2043	27888
6757	97528/11
8761	62516/1
1007	973943/02
2904	27841
8272	66515/1
117	25530
8616	96015/1
8929	130916/1
968	148389/04
5593	218138/09
6739	97029/12
8226	1515/1
969	148388/04
7319	166972/11
5332	24491/06
6767	167197/10
5986	218137/09
6738	97030/12
9118	8617/1
7069	219474/10
11539	164820/1
7253	96357/11
9299	100617/1
3172	24437/79
6664	166810/11
10026	76519/1
8269	66715/1
8048	127914/1
9269	109116/1
5612	221995/09
9357	122917/1
7179	096729/12
7178	096728/12
9270	109216/1
9356	122817/1
3905	974014/02
3904	974015/02
10086	139219/1
4025	24101/06
10087	139119/1
5334	24478/06
5595	221166/08
8909	147616/1
10508	118220/1
8908	147716/1
10507	118620/1
10975	116021/1
11022	37322/1
11021	37222/1
6470	167818/11
8292	101015/1
11225	153521/1
11316	153521/1
138	26321
4596	195091
9114	61317/1
6352	166650/11
10143	100519/1
4246	261448/97
5792	219588/09
5979	168028/10
10106	97519/1
10474	34220/1
11646	66522/1
11228	113820/1
3980	194494/05
10695	17520/1
11484	140221/1
10836	45320/1
10334	FE132420/1
9036	150416/1
3981	194493/05
10696	17420/1
11485	140121/1
10837	45320/1
10333	FE132520/1
9037	150516/1
6401	219247/09
11864	131423/1
7733	27414/1
11637	106621/1
3996	24529/07
10011	85019/1
10608	156319/1
7536	219299/09
8531	219467/09
8532	219466/09
7485	186159/13
11638	106521/1
9387	140617/1
9734	143518/1
10012	85119/1
9151	49317/1
11802	37223/1
5976	24688/07
10562	62920/1
5157	24715/07
9260	97652/11
10798	36121/1
11888	70323/1
11889	70423/1
7698	186510/13
8036	126914/1
7798	222931/14
5583	222377/08
11567	78522/1
9994	102519/1
11291	25521/1
4677	194148/05
10188	41820/1
7755	186155/13
8695	64516/1
9259	121017/1
6163	219707/09
9244	25117/1
8741	97549/11
10799	36221/1
11887	70223/1
9545	24218/1
6557	096208/11
11566	70222/1
11290	25421/1
7600	186076/13
9433	70417/1
9340	143417/1
10563	63020/1
10354	97651/2011
10600	5820/1
10335	52520/1
10429	74120/1
10845	34122/1
2708	195005/04
11559	139621/1
10607	156419/1
4608	20111
1204	
7291	186083/13
8777	121214/1
7292	186084/13
3110	405937/00
8306	185804/13
11203	103122/1
5983	218866/09
8544	38214/1
9437	26218/1
5468	24709/07
7316	187401/13
8589	166611/11
5087	24670/07
6029	222262/08
9072	66717/1
6344	166832/11
11575	100823/1
10949	10721/1
6345	166833/11
11576	100723/1
10948	10821/1
11166	177820/1
10913	173120/1
9318	108217/1
5639	218177/09
8070	93514/1
9081	175416/1
9317	116317/1
5547	222461/08
8588	2216/1
11593	126623/1
5546	222462/08
10181	168319/1
10692	13420/1
9414	146817/1
8285	110715/1
11244	59020/1
9395	154016/1
10863	29618/1
2014	208835/03
5185	222232/07
11245	59120/1
2015	208834/03
7032	096732/12
9837	164518/1
6915	96688/12
6914	96689/12
10205	172419/1
6583	219570/09
10749	98720/1
850	26820
5848	218903/10
5849	218904/10
7148	96712/12
7149	96711/12
11670	4822/1
11671	91222/1
11672	91322/1
8446	144115/1
11039	37122/1
521	405528
522	405527
11311	41122
11312	107821
8565	170415/1
4291	13929
7159	25/95
3885	MP0050/95
8279	75515/1
9694	29415/1
10206	186418/1
9289	2917/1
4292	6930
9014	18417/1
9693	29515/1
439	19019
7406	187304/13
5497	222460/08
9885	47619/1
8744	159715/1
9411	151916/1
9884	47719/1
8691	171415/1
5498	222459/08
441	25161/81
7868	186480/12
442	25162/81
6904	97214/12
416	8291
417	20285
11844	73123/1
6028	221949/09
7041	96449/11
11173	124021/1
9732	160417/1
4667	27587/94
4459	2377/94
4666	27589/94
4461	2379/94
4664	27588/94
4460	2376/94
4668	27590/94
4462	2374/94
7077	96727/12
11051	81817/1
9729	56318/1
437	17963
2645	947/72
8120	122514/1
8121	122414/1
10752	103920/1
1309	973424/01
1310	973425/01
7327	185925/13
1311	973427/01
1312	973426/01
4710	194471/05
8903	89516/1
8904	89616/1
2028	208483
10323	175119/1
5742	218334/09
10866	119017/1
10027	87219/1
9973	40119/1
11366	20322/1
11368	20522/1
11367	20422/1
2503	208487
11172	39521/1
1665	
9938	21219/1
2768	236399
4466	25653
6955	96705/12
7284	186107/13
4560	75/95
4562	75/95
7158	20565/72
11877	130218/1
11878	130318/1
11879	130118/1
11239	135621
7824	186128/13
4580	2775
4579	2770
4637	23
4575	19218
4643	24
4574	19812
4644	19215
4469	57/95
4561	57/95
4573	22322
2139	E0980/92
2140	A0341/91
899	MP1328/93
11800	69124/1
4615	148352
11182	130622/1
893	01912A
3881	405601/00
9146	161316/1
4626	974052
4604	2776
4507	973025
2924	974481/00
4518	973921
11801	69024/1
9147	161416/1
7598	186998/14
2137	E0343/91
5044	195476/04
8640	51616/1
3944	195254/04
10421	45820/1
8412	218131/09
11792	32524/1
11847	18524/1
10271	142319/1
1129	38872/96
10272	142419/1
1130	38873/96
1854	405602/00
1106	208365/02
10280	155919/1
1105	208366/02
5094	23715/06
806	208728/03
6988	97453/12
9367	100015/1
6251	166503/11
5384	221974/09
10860	28820/1
7025	96599/12
11609	132320/0
730	26737
1131	38874/96
9849	179118/1
1132	38875/96
8322	84015/1
1478	974455/00
6457	96224/11
8919	174916/1
1104	973992/02
5545	194453/05
8820	118316/1
5093	23714/06
793	973492/02
6351	168247/10
1855	148391/04
8838	54014/1
10922	87820/1
6781	97381/12
11565	158423/1
11725	FE11824/1
9982	20419/1
6138	24977/07
6475	218699/10
6288	166605/11
8706	36716/1
11796	153023/1
10422	45920/1
8609	36115/1
6782	97388/12
11564	97388/12
11579	100423/1
11793	32024/1
1671	405516/00
6602	166824/11
6603	166825/11
11843	32124/1
2263	B0341/91
3943	195255/04
6283	166816/11
1659	405927/00
1498	973324/01
8621	1316/1
8620	1216/1
1658	405929/00
1503	973325/01
11834	58823/1
11689	141123/1
9632	79316/1
1842	208669/03
2272	0236861/99
5966	168034/10
1394	208593/03
9240	40816/1
2334	974030/02
5944	218570/10
5774	221695/08
6719	222203/07
1395	973915/02
5382	24474/06
9633	79416/1
6529	166827/11
1820	135361
6605	166828/11
6604	166829/11
6530	166826/11
6422	219554/09
7242	186375/13
1660	973910/02
2266	973405/01
9132	187457/13
3354	208371/02
6505	218905/10
9129	187456/13
5717	219710/09
6786	97386/12
6787	97389/12
6891	97494/12
7618	45714/1
11034	104022/1
11721	142023/1
11722	100323/1
11723	81923/1
11724	81823/1
5202	194125/05
7819	69614/1
1618	405685/00
1570	25468
1571	25465
755	208619/03
9696	67018/1
11583	66822/1
11835	69724/1
11836	69524/1
2271	973948/02
6784	97385/12
6785	97384/12
6892	97493/12
7617	45614/1
10075	152519/1
10928	50622/1
10929	50422/1
10930	50222/1
10931	50522/1
10932	50322/1
11720	FE9924/1
5201	194126/05
6912	96709/12
9144	161716/1
7818	69714/1
7923	106514/1
7779	87414/1
9127	187458/13
3263	208382/02
1617	236978/99
5716	219715/09
2332	974033/02
9697	67118/1
8876	67616/1
1062	148400/04
8879	104516/1
5245	194491/05
753	148316/03
1682	405928/00
1124	26994
8880	104616/1
1726	208015/03
754	148317/03
6512	221349/08
3591	405473/00
10647	108216/1
6122	222400/08
1122	26992
8877	104316/1
7837	59414/1
9039	108416/1
5697	23647/06
1123	26993
8878	104416/1
1727	208034/03
11860	77122/1
6853	219210/09
5763	219494/10
3590	405472/00
7677	186974/14
5696	23646/06
2910	38929/96
2909	27254
3987	208360/02
8617	49816/1
760	208806/03
761	208807/03
11471	182317/1
3777	208361/02
3560	148399/04
3561	195098/04
8840	87016/1
8841	87116/1
11307	18623/1
7910	31414/1
8227	50715/1
8839	87216/1
3851	194003/05
11404	144321/1
8340	186808/14
9603	100918/1
5658	219729/09
11318	147422/2
8090	9415/1
5277	222419/08
5659	219730/09
9332	105517/1
10189	105419/1
8143	186824/14
6893	96606/12
10904	158619/1
10926	50722/1
11562	158223/1
10187	105319/1
8142	186823/14
6894	96607/12
10903	158519/1
10927	50822/1
11563	158323/1
10097	29319/1
6542	166843/11
6997	186261/13
7198	97227/12
11372	112620/1
7021	97003/12
6513	222474/08
8181	61115/1
10994	6522/1
11739	164423/1
11358	43622/1
5626	24330/06
9886	13319/1
6254	167824/11
6776	97203/12
7984	186789/14
10096	56319/1
10071	32619/1
8912	150716/1
4614	2890
11509	92822/1
4584	34
4585	34
1765	27771
1766	20858
4390	974245/01
7168	97242/12
1860	405950/00
9579	46017/1
6410	24657/07
1861	973920/02
5331	194489/05
1557	208328/02
9578	46417/1
9581	46217/1
5967	23707/06
9582	46317/1
6047	167087/10
9580	46117/1
1362	973745/02
5590	24744/07
1721	974064/02
5207	195123/04
7136	187476/13
6947	96721/12
5981	219288/09
7358	97545/11
9513	87518/1
1363	973735/02
1720	974059/02
1835	974043/02
7454	96390/11
5617	194496/06
4258	195056/04
808	208727/03
5206	195099/04
7359	97546/11
9514	87618/1
9593	110516/1
7436	187349/13
411	19486
412	24542/79
8379	186962/14
6404	218693/10
8751	31416/1
2941	974124/01
11614	135023/01
11613	134923/1
10853	95517/1
6180	24701/07
2739	974492/00
8745	130714/1
8399	186504/13
3594	974147/01
4450	405486/00
2295	208475
6307	24111/06
1662	78815/98
1819	261314
1840	974042/02
1139	208268/96
786	973407/01
3956	195457/04
3464	973899/02
7952	51414/1
8991	159516/1
3166	236284/98
5310	221198/08
7093	187500/13
11162	33520/1
5931	218870/09
3939	195321/04
7898	127414/1
9397	131017/1
9916	104916/1
5938	218560/10
7092	187499/13
4327	25618
10876	27622/1
7401	187435/13
5694	219537/09
11568	105723/1
7216	96598/12
9426	90016/1
9571	143816/1
10875	27522/1
10746	170220/1
10747	170320/1
8739	187348/13
7195	96695/12
5270	222363/08
11534	55523/1
4434	195306/04
2974	148195/03
6059	218330/09
7303	186377/13
7847	92514/1
7233	166783/11
9223	48217/1
10745	170120/1
7196	96694/12
5271	222364/08
6143	167460/10
11560	15519/1
2198	973411/01
2199	973412/01
6917	166518/11
9666	185935/13
9221	68814/1
11157	122222/1
11403	67218/1
5222	208571/03
9656	72716/1
6473	96372/11
11118	181520/1
11119	16321/1
8397	68715/1
4357	974246/01
8010	97999/12
7250	96860/12
1630	973939/02
6322	219596/09
5366	222450/08
6406	218750/10
7615	47914/1
8774	106816/1
11569	138923/1
9669	118318/1
10128	197719/1
5709	219249/09
7985	96698/12
3203	27881/94
7986	96699/12
9644	95718/1
9399	120217/1
9228	112217/1
10850	200119/1
11113	149420/1
5195	24110/06
11494	54023/1
7591	222914/14
5916	221709/08
11164	153421/1
6460	166945/11
11765	16722/1
11369	55422/1
11789	77822/1
6844	166944/11
9412	5218/1
11618	31523/1
9985	20319/1
5309	221197/08
9396	145317/1
9777	105116/1
4737	195342/04
4326	208035/03
3588	208301/96
4735	236407/98
10561	11521/1
5987	219509/09
4324	208886/03
7287	187429/13
9101	104116/1
7137	187454/13
8613	185815/13
5146	194475/05
10670	42020/1
4736	236406/98
7214	167091/10
6030	222478/08
5196	194490/05
1865	208343/02
4325	208885/03
5381	24745/07
7286	187430/13
9100	104016/1
10546	FE17221/1
4419	236680/99
4420	974247/01
7204	167520/10
7205	167519/10
6922	219723/09
11293	157122/1
11600	41421/1
10910	103817/1
11294	147116/1
10525	174819/1
11292	157722/1
9817	109318/1
10516	126119/1
10517	84619/1
6965	96393/11
11313	67222/1
11297	11718/1
6966	96392/11
11314	67322/1
11296	157222/1
10116	189019/1
10986	173320/1
10985	173220/1
10595	175519/1
688	25642
11752	54923/01
11204	75317/1
511	208289/03
4405	78770/98
4285	236959/99
4286	236958/99
9474	117614/1
9475	117514/1
10253	153519/1
9217	122617/1
9218	122517/1
8763	102116/1
9010	41617/1
5291	221439/08
7120	166632/11
11604	26223/1
9819	186549/13
9069	23617/1
10772	20822/1
7342	97482/12
10039	54419/1
7343	96605/12
10074	54319/1
9933	27919/1
9821	193518/1
10100	161619/1
10591	179518/1
5293	221175/08
10712	49419/1
10688	152019/1
10133	161919/1
10634	30220/1
10353	38714/1
10822	90618/1
10711	49519/1
10689	151919/1
10134	161819/1
10633	30120/1
10352	38614/1
9327	108517/1
7339	96652/12
7349	218706/10
10160	108819/1
6443	218842/09
1602	405906/00
10380	195019/1
5449	222473/08
4682	24341/06
9322	171417/1
9935	20819/1
9934	28119/1
7341	97480/12
10018	13119/1
9930	28319/1
7340	186386/13
10351	62918/1
8067	186254/13
7344	96635/12
9167	66217/1
9931	28419/1
9900	173218/1
10161	108919/1
11410	177119/1
8304	71815/1
10268	152219/1
10303	152319/1
10640	182320/1
10063	92017/1
3272	405919
9185	11317/1
6909	96585/12
7075	96407/11
6299	96355/11
10064	92117/1
6631	96213/11
3273	405920
7318	97806/11
9184	11417/1
7074	96408/11
10062	92217/1
6632	96214/11
3274	405921
9186	11517/1
9716	172518/1
9717	172618/1
10478	63320/1
10479	63420/1
9718	172818/1
10065	91917/1
6723	166602/11
4029	23859/07
6865	166965/11
8982	15117/1
7283	185940/13
9031	90316/1
9032	90416/1
11059	58920/1
11750	104021/1
11749	104121/1
11581	39623/1
6584	96240/11
11243	43320
11066	151121/1
6451	218895/09
8848	103916/1
10310	143019/1
6002	218767/09
10886	152220/1
11308	128722/1
11304	72122/1
10497	12320/1
10950	53622/1
1271	405669/00
6466	96222/11
6467	96221/11
10277	121320/1
9809	21919/1
3188	405530/00
32	26275
10584	118820/1
8453	167618/10
28	135293
33	973725/02
5673	218859/09
9073	166316/1
11056	61722/1
11167	61622/1
3951	973739/02
10164	192219/1
8455	167616/10
9004	20317/1
11058	30320/1
5950	24974/07
6634	97957/12
10899	104220/1
11057	111722/1
31	261329/97
8947	179716/1
11168	104122/1
8737	65816/1
5134	208594/03
5733	219564/09
34	973379/01
10498	12420/1
5394	23864/07
8675	59416/1
8454	167972/11
513	27258
516	27263
8942	151616/1
9104	23017/1
7587	186958/14
11804	131123/1
8943	151516/1
11631	113622/1
9103	22917/1
9333	100717/1
10785	94421/1
8715	124916/1
9583	40616/1
9056	168816/1
11608	114122/1
8714	124816/1
10262	22419/1
9055	168716/1
11605	114222/1
8713	124716/1
9054	168616/1
11607	114322/1
10263	22319/1
9053	168516/1
11606	114422/1
7865	86814/1
7867	86614/1
6206	167486/10
9765	147618/1
10494	189919/1
9444	130717/1
10989	222/1
11570	116822/1
10995	34420/1
11263	6321/1
11223	109220/1
11224	109320/1
11007	164220/1
10495	190019/1
10990	122/1
11009	34320/1
11222	109120/1
6962	96700/12
6562	96205/11
7068	186472/12
10977	15522/1
5679	218031/09
11012	55021/1
7266	97675/11
3358	195035/04
5327	221412/08
8733	66316/1
8814	111716/1
11524	20220/1
11010	142120/1
5798	218888/09
7050	166919/11
5091	24969/07
10974	23022/1
7444	185971/13
11523	20320/1
11011	142020/1
5779	218889/09
7051	166920/11
5092	24968/07
10955	137021/1
11510	18923/1
8479	133715/1
9326	112917/1
11620	112722/1
11152	124521/1
11266	8121/1
5766	218753/09
8016	67914/1
11267	6321/1
11477	1122/1
11875	55424/1
11177	151322/1
10154	99219/1
11270	177720/1
10683	3919/1
10920	129920/1
6497	167159/10
11542	33923/1
9051	18817/1
9052	18917/1
7452	186077/13
5153	222222/07
2805	208848/03
2813	208849/03
2511	135396
6779	97378/12
6652	219219/09
7369	166953/11
11521	20010/1
6650	219217/09
10960	11221/1
10657	12921/1
7367	166951/11
6651	219218/09
10656	12621
7368	166952/11
3577	195294/04
10959	11121/1
10655	12721/1
11001	93321/1
1779	208379/97
11069	81922/1
8735	56916/1
5866	218935/10
1731	148395/04
11268	7821/1
1780	208396/97
11068	81822/1
8734	56816/1
5867	218936/10
3576	194595/04
11865	14724/1
8701	66016/1
10672	60621/1
8862	129916/1
11520	4923/1
5193	24323/06
10654	13121/1
1732	148394/04
6906	97467/12
6464	218947/10
10216	56317/1
6463	218948/10
10217	56217/1
10715	29621/1
2480	135398
7726	187091/13
10684	164119/1
2479	135397
11020	40122/1
10996	26721/1
6653	218857/09
6654	218858/09
11601	22522/1
3952	194342/05
7551	186649/13
7397	166541/11
8210	185820/13
10952	136921/1
10956	90922/1
11264	6521/1
7294	187474/13
4041	24542/07
7884	149914/1
7396	166542/11
7491	185822/13
7308	185821/13
10951	23222/1
10957	90722/1
10958	90822/1
11265	6621/1
7296	187475/13
4017	24536/07
11103	21521/1
11133	147722/1
10963	622/1
11006	319/1
4018	24535/07
11104	21421/1
11132	114120/1
10965	722/1
11005	219/1
11105	21321/1
11131	147255/1
10964	422/1
11004	119/1
10961	522/1
10962	322/1
5120	24992/07
6207	167811/11
9910	60519/1
9911	60619/1
9912	60719/1
11586	8422/1
11587	8322/1
6238	218930/10
10823	95720/1
10728	152119/1
10135	161719/1
10821	145220/1
10031	112816/1
10564	23018/1
10820	145320/1
10032	112916/1
10565	23118/1
8836	117816/1
6951	096691/12
9727	169618/1
9728	169718/1
9459	178617/1
10442	79720/1
10443	79820/1
10444	79920/1
10036	90419/1
10035	90519/1
8520	1716/1
10663	98721/1/1
11271	117122/1
11452	27223/1
8521	1816/1
10664	108521/1
11272	117222/1
11453	27023/1
11454	27123/1
8522	1916/1
10665	108421/1
11273	117322/1
9993	20719/1
9674	100418/1
9675	100218/1
9676	100318/1
5897	218674/10
10482	2320/1
11381	113121/1
6930	96704/12
10483	2420/1
11382	113221/1
10481	2220/1
11380	113021/1
10824	130016/1
11837	34623/1
11479	152320/1
11838	34423/1
11480	152420/1
11839	34523/1
11481	152520/1
10317	149519/1
10318	1494/19
10596	180920/1
11623	41523/1
10597	180820/1
11002	32821/1
11003	32721/1
11014	32921/1
10486	137319/1
11769	152418/1
10708	62120/1
10487	137519/1
11770	152518/1
10488	137419/1
11771	152618/1
10709	62220/1
5319	221744/08
8792	120716/1
8791	120616/1
10007	13819/1
9629	70718/1
9630	70818/1
9631	70918/1
8720	76016/1
8719	76116/1
8525	161215/1
8524	161315/1
9659	183417/1
10293	128719/1
10810	89321/1
11668	130723/1
5574	219561/09
11602	107223/1
9384	42018/1
11622	14023/1
10673	195819/1
10029	125619/1
10809	89121/1
11669	6424/1
5573	219565/09
11603	107123/1
9383	41818/1
9385	41918/1
11621	13923/1
10674	195919/1
10030	125719/1
8201	55715/1
9688	147918/1
8899	167016/1
10905	113921/1
10326	200319/1
8053	11015/1
9458	53618/1
10653	177019/1
9394	138015/1
11519	114723/1
11584	106823/1
10212	38220/1
10327	200219/1
10652	176919/1
10211	38120/1
10044	140319/1
7629	187053/13
7753	62914/1
7754	63014/1
5502	221699/08
7237	187460/13
7238	187459/13
8331	120715/1
8332	120615/1
8239	68815/1
10033	74419/1
11729	74419/1
10034	74319/1
11728	124/1
10358	179019/1
8901	182416/1
10381	181919/1
5555	221326/08
6110	167517/10
11596	106923/1
10794	96821/1
11667	6524/1
10520	100620/1
10325	175319/1
10249	100220/1
5554	221325/08
6109	167512/10
11597	107023/1
11666	130823/1
10795	96721/1
10519	100520/1
10324	175219/1
10287	100120/1
8492	131415/1
8493	131515/1
10226	17620/1
7938	80114/1
7970	119414/1
8498	161415/1
6655	219213/09
6656	219214/09
6405	218692/10
2250	78977
6469	219212/09
7670	187070/13
6903	97958/12
8488	99515/1
6383	218856/09
10954	23122/1
10661	221168/08
5150	23718/06
11522	20420/1
8487	99415/1
6384	218855/09
10953	137121/1
6325	221167/08
10660	12821
9498	76118/1
10328	138619/1
9386	186162/13
10687	189319/1
9477	146117/1
11619	110122/1
10598	87420/1
11269	177320/1
10819	96420/1
8499	150015/1
9172	64917/1
9173	64817/1
9174	64717/1
8338	222942/14
10371	70120/1
10372	70020/1
9831	80619/1
9832	80519/1
11317	53223/1
9300	60417/1
7495	96715/12
2465	208973/03
11129	61522/1
10583	182220/1
10545	30020/1
9331	109717/1
7586	186625/13
11806	109123/1
7638	186626/13
11807	109223/1
9153	54917/1
9152	55017/1
9175	55117/1
9176	54817/1
11169	118621/1
11170	118721/1
1646	27242
5613	218788/09
2806	27530
2810	78978/98
2811	236418/98
5610	221996/09
5611	221997/09
11242	2723/1
10450	145120/1
11207	2823/1
6863	97210/12
10988	79521/1
10449	56020/1
11511	92121/1
8881	103816/1
11016	51722/1
11630	111122/1
5889	222451/08
5158	24717/07
11512	92321/1
7960	92314/1
11558	19123/1
9626	104818/1
11677	126623/1
10645	126320/1
10916	43821/1
11165	21122/1
11017	51322/1
7650	29014/1
8530	145315/1
5614	222472/08
890	236201/98
7317	185831/13
6236	167184/10
7306	218694/10
7268	166631/11
7694	25714/1
11876	6323/1
11019	51522/1
11013	166220/1
8979	132816/1
7440	186512/13
10599	19020/1
7688	187093/13
11629	110222/1
6231	219265/09
6232	219266/09
10966	91022/1
10993	6421/1
11432	113920/1
10796	52919/1
9365	171217/1
11691	152623/1
11552	120421/1
5343	222447/08
1097	973354/01
7965	4815/1
11493	160820/1
6305	166848/11
10777	102719/1
7966	4915/1
10448	60120/1
3348	195076/04
10867	57317/1
3426	973729/02
10088	139419/1
10868	57217/1
11543	81221/1
10084	139319/1
10723	84120/1
10724	84220/1
11463	42523/1
11462	42423/1
7276	185844/13
9046	32217/1
9272	8315/1
7267	166612/11
11200	179217/1
9917	34619/1
10518	61320/1
3906	194122/05
3907	194123/05
5090	24729/07
7644	97205/12
11707	30724/1
7348	167540/10
2156	405421/00
10499	165919/1
2157	405419/00
10500	166019/1
5116	23727/06
5117	23728/06
10731	98820/1
6306	166601/11
11319	53723/1
10373	25020/1
9783	113716/1
11532	119623/1
11893	51123/1
11482	154021/1
8892	178716/1
11483	154121/1
7849	186999/14
11044	167018/1
11431	53123/1
10541	46520/1
11378	153821/1
10540	99320/1
11379	153921/1
8398	122615/1
10627	56321/1
10628	56221/1
9549	35218/1
9407	111617/1
9408	111717/1
10629	114620/1
10630	114420/1
10631	114520/1
10374	45520/1
10677	153320/1
10377	138419/1
10398	165119/1
10399	117119/1
9755	53119/1
9756	53019/1
10410	138519/1
10397	165319/1
9757	53219/1
11598	106723/1
11599	106623/1
10266	48720/1
4028	23638/06
9859	66716/1
11284	24622/1
11288	24522/1
11289	24422/1
11285	24722/1
11286	24322/1
11287	24222/1
11325	147822/1
11326	147922/1
11585	106523/1
10085	125519/1
9597	135418/1
9748	41219/1
9749	41119/1
10282	23320/1
10281	23220/1
7533	185973/13
7323	167465/10
8788	114116/1
9150	59017/1
5900	218156/09
8202	42115/1
5901	218157/09
5902	218158/09
8441	133815/1
8944	178816/1
9550	41718/1
10625	83120/1
10195	143719/1
11112	103421/1
845	26396
868	27956
867	27955
869	27957
870	27958
8194	69715/1
9806	152818/1
7118	218708/10
8195	69815/1
9807	152718/1
7119	218709/10
8196	69615/1
9805	152918/1
7117	218707/10
7641	186523/13
7640	186522/13
7642	186524/13
7639	186521/13
7506	186167/13
11588	92622/1
7404	186067/13
5596	221983/09
8063	140014/1
5599	218030/09
8064	140114/1
8065	140214/1
8066	140314/1
6055	218105/09
11052	155322/1
10997	117921/1
11261	177420/1
10182	156619/1
6056	218106/09
11555	23823/1
11053	155422/1
10999	118021/1
11262	177220/1
10183	156719/1
10725	12819/1
6057	218107/09
11556	23923/1
11054	155522/1
10998	118121/1
10185	156819/1
10726	12919/1
6058	218108/09
11557	24023/1
11055	155622/1
11000	118221/1
11260	177120/1
10184	156919/1
10727	13019/1
11033	50122/1
11547	146421/1
11549	146721/1
10730	90420/1
11377	79019/1
10729	90520/1
11375	79119/1
11181	45521/1
4602	20040
4306	25489
4603	22583
57	78801
1822	28589
4595	19266
11183	130722/1
1278	27796
7664	185966/13
9479	183017/1
6320	195461/04
11648	138423/1
11649	138523/1
5109	194036
796	974475/00
1823	78834
4402	208367/97
1277	27795
7595	186153/13
530	973727/02
10846	100321/1
11884	112822/1
8707	127715/1
1402	405684/00
9288	2817/1
11883	113422/1
9889	20019/1
11474	77723/1
7594	186152/13
11476	FE52523/1
8610	36015/1
7665	186792/14
3993	195324/04
10423	63620/1
1812	974207/01
767	208383/97
11647	138623
10091	93814/1
5180	222369/08
1497	974019/02
3486	148177/03
1735	973337/01
2107	208370/02
10260	110518/1
1736	973336/01
482	27943/95
9263	83217/1
9436	158717/1
5325	221192/08
9416	17916/1
9354	215/1
5216	222260/08
10859	177118/1
11216	67722/1
7624	187462/13
7659	186640/13
4458	38/95
11206	47819/1
8726	45416/1
1177	135268
7535	187084/13
9544	161915/1
7706	185830/13
5734	219572/09
11829	20224/1
3435	261464/97
5914	221748/08
10892	77021/1
10891	97321/1
10294	36320/1
7328	185998/13
10889	77121/1
10295	42420/1
4597	22323
11697	142422/1
4456	974248/01
3433	261383/97
5735	219579/09
3747	261382/97
6310	23640/06
11487	124722/1
11661	42323/1
9915	159015/1
10914	153620/1
9523	48818/1
11450	133721/1
11486	124622/1
11488	124722/1
7919	98214/1
1137	208273/96
7920	100714/1
9823	158918/1
10193	15319/1
6252	166603/11
3086	27794
11409	56418/1
6248	167844/11
2581	23524/77
9216	54517/1
10073	179219/1
11298	167220/1
3651	26539
8508	2716/1
10662	114320/1
11117	83720/1
11817	20024/1
6768	97031/12
11354	63022/1
11116	165720/1
10887	76921/1
7417	97970/12
10010	187818/1
1543	208591/03
7345	167086/10
9442	8718/1
8222	78815/1
3596	973375/01
11202	150221/1
11706	140122/1
10427	97020/1
11201	150121/1
7246	97801/11
8463	113715/1
8526	119815/1
8433	112715/1
11894	22421/1
7176	97681/11
8464	113615/1
10504	193019/1
10214	39318/1
9099	134314/1
10668	84621/1
9281	28317/1
10117	17820/1
10025	34819/1
10505	193419/1
10213	39418/1
11550	116723/1
11551	116723/1
9098	134414/1
10667	84521/1
9282	28217/1
10118	18720/1
10070	34919/1
10506	192519/1
10348	39518/1
10015	34417/1
9097	134514/1
10666	84721/1
9283	28117/1
10024	35019/1
10480	13017/1
5419	024995/07
11753	22722/1
571	974097/02
4661	28559/87
3683	261367
11553	121023/1
11867	77024/1
11419	98520/1
1403	208723/03
1832	195033/04
8068	127314/1
1725	148237/03
9638	43017/1
3484	195059/04
765	236711/99
10200	132019/1
10201	132219/1
8461	106214/1
6054	219239/09
8869	158716/1
9839	142018/1
9841	142118/1
2869	261402
11238	76621/1
11845	161923/1
9489	22018/1
9766	78618/1
363	405431/00
11440	137822/1
6645	221151/08
8674	58616/1
7646	105914/1
3626	973310/01
7957	186797/14
7956	186798/14
8673	58516/1
8822	142616/1
10800	87720/1
7738	185957/13
10156	61218/1
10321	63720/1
4639	19810
6623	219326/09
7152	218144/09
8573	63114/1
4652	194751/04
4653	194752/04
7602	187181/13
7305	96603/12
10080	84519/1
10081	84419/1
6675	166756/11
6676	166762/11
5683	18987
11641	129419/1
11679	151222/1
9041	21517/1
11089	115722/1
974	MP CA 581/91
9040	21417/1
11091	115522/1
4725	27567/94
975	MP CB 581/91
11090	115622/1
9602	107818/1
10691	58320/1
10098	161519/1
10924	92820/1
10680	135520/1
9590	93318/1
10690	58220/1
10099	161419/1
10923	92720/1
10679	135420/1
10163	79719/1
10678	135320/1
8692	116/1
10793	90321/1
8366	67715/1
5462	219525/09
5542	221408/08
9857	191218/1
5253	23612/06
4453	973308/01
8214	96899/12
10079	103119/1
9970	40219/1
6549	167734/10
10157	4019/1
9972	28719/1
9971	40019/1
8175	97355/12
7194	187339/13
5791	219727/09
7163	186387/13
9008	33917/1
7576	185986/13
8785	88616/1
3999	195021/04
9818	187185/13
8925	57615/1
8478	142115/1
8527	158415/1
8015	38414/1
11499	4723/1
10825	193719/1
5776	219264/09
9768	98218/1
1872	261372
8921	163716/1
9731	139718/1
10622	141820/1
2731	26932
554	148175/03
5671	221979/09
10485	170917/1
9577	84518/1
3528	194040/05
8857	155816/1
8865	31516/1
8922	141714/1
8856	155916/1
5962	24687/07
5963	24686/07
8102	186199/13
9423	29018/1
8101	186198/13
9422	28918/1
8641	47116/1
6536	96363/11
6812	97391/12
10108	172119/1
10755	50021/1
11120	181920/1
4021	24496/06
4022	24497/06
7742	186351/13
8661	17316/1
8663	17516/1
8662	17416/1
2736	767285/00
9622	28318/1
9623	28418/1
2735	A0981/92
9880	187189/13
11696	142522/1
8743	42215/1
7101	186264/13
7026	96672/12
7645	185838/13
9856	16819/1
7743	186188/13
9227	86117/1
557	974206/00
10940	187219/1
10008	65619/1
3632	236276
3633	38940
3634	38941
2280	973343/01
9389	146917/1
11153	69221/1
11665	52923/1
7941	121614/1
7943	121414/1
7942	121514/1
8107	137914/1
11710	28924/1
4545	26509
9205	99317/1
5521	218015/09
5661	218013/09
5662	218016/09
10001	70319/1
10002	70119/1
9059	43217/1
9058	43417/1
5047	24125/06
197	27716
10400	168019/1
6484	218789/09
10858	92020/1
10896	195719/1
7913	99114/1
6886	219452/09
6374	167628/10
9698	35018/1
10038	76319/1
7918	100314/1
8011	100914/1
5043	195477/04
10019	158818/1
572	973895/02
7951	100614/1
7949	100514/1
7950	100414/1
8013	102514/1
10912	115120/1
7635	50114/1
7709	61014/1
10857	165320/1
196	27717
9948	49919/1
7434	185997/13
11332	146221/1
9941	49819/1
9945	49619/1
9947	49719/1
3740	78846/98
7307	96597/12
10441	173219/1
10750	105221/1
10797	3722/1
10669	70821/1
10198	5520/1
4535	26510
4537	77/95
4617	2723
10197	35620/1
8655	13916/1
11816	41023/1
6347	166795/11
11333	145921/1
10126	106719/1
8801	119416/1
10556	5920/1
6394	166805/11
4630	19214
6395	166806/11
3434	78844/98
11083	72822/1
11241	32822/1
8658	163215/1
3436	78845/98
11084	72622/1
4629	19213
3371	78843/98
11085	72722/1
11240	60121/1
8659	163315/1
6396	166807/11
9946	50319/1
11081	61022/1
4536	26511
4616	2846
4455	25649
8651	13716/1
11428	17323/1
1341	208895/03
5769	218191/09
7614	186971/14
9369	168717/1
10754	
8092	11715/1
8372	131115/1
5905	218578/10
5768	218190/09
6636	166955/11
11571	66922/1
11301	99822/1
11323	78722
9906	1819/1
10127	106819/1
11681	55023/1
11732	34024/1
1709	973937/02
11192	154421/1
8654	13816/1
1157	405961
4572	22575
10270	168519/1
8653	27316/1
7180	187452/13
11676	31222/1
11849	146723/1
7415	186108/13
4438	973304/01
7611	185929/13
9942	50119/1
9943	50219/1
8685	100415/1
8711	222944/14
11831	147423/1
10304	10120/1
10544	70720/1
11716	140023/1
10869	73018/01
10438	50820/1
11072	163520/1
11086	99922/1
11087	100022/1
11205	144121/1
6113	167511/10
11595	130422/1
5879	23739/06
4624	22584
6060	24959/07
9691	102817/1
10748	132720/1
9704	127418/1
9703	127318/1
7728	44514/1
9271	83017/1
9923	22619/1
9542	179617/1
10527	21920/1
9833	193718/1
9922	13419/1
9492	18316/1
10046	121419/1
103	38861
9315	125515/1
11660	134122/1
11305	67822/1
11306	69222/1
983	MP HO 581/91
531	973718/02
49	38699
6953	38855/96
10119	3571/1
2985	26415
53	38700
2980	25733
2979	24095
529	208316/02
2977	25734
2986	973478/02
2987	26876
528	208315/02
8159	46515/1
9126	43415/1
8138	187414/13
3265	261499
8766	74716/1
10539	57920/1
5827	218727/10
5942	218571/10
4433	194498/06
6527	167701/10
8764	74516/1
10538	60220/1
7835	186179/13
6526	167702/10
8765	74616/1
9810	158318/1
5826	218726/10
6528	166512/11
10455	18520/1
5177	24730/07
7010	168241/10
10456	18220/1
6271	221872/08
7011	168242/10
10509	18420/1
6272	221873/08
6359	221874/08
6635	167485/10
9799	122718/1
6311	24970/07
8704	85216/1
6622	24989/07
6570	218590/10
6324	167454/10
6689	167644/10
9798	122818/1
6312	24971/07
8705	85316/1
6621	24990/07
6569	218591/10
6327	167453/10
6620	219514/09
11644	158018/1
10535	9320/1
11851	64022/1
8481	157915/1
8809	110016/1
7350	221889/08
10536	9420/1
8561	26616/1
11850	63922/1
8482	158015/1
8810	110116/1
11426	41123/1
6919	221890/08
6721	166966/11
10537	9520/1
8562	26716/1
8483	158115/1
8811	110216/1
11427	41223/1
10790	3622/1
6722	166967/11
6887	166620/11
9822	91418/1
11158	123322/1
10148	86017/1
9634	179316/1
9519	38918/1
9520	39018/1
6007	219238/09
5364	222449/08
7858	186459/12
6879	167720/10
5538	221685/08
8390	80015/1
9615	98618/1
9664	83918/1
6008	219237/09
8223	79015/1
5365	222448/08
9297	128415/1
7857	186458/12
6880	167719/10
11811	55924/1
5537	221684/08
8389	79915/1
8883	79816/1
9613	98418/1
9663	84018/1
5387	222458/08
9614	98518/1
7346	97671/11
8738	56516/1
7732	48214/1
6164	167810/11
8388	79815/1
9612	98318/1
7469	185984/13
10847	156019/1
7470	185981/13
10849	156119/1
7471	185983/13
7472	185982/13
10848	156219/1
7707	222911/14
11882	77624/1
7708	28814/1
8347	186607/13
8348	186608/13
8349	186609/13
8350	186610/13
8351	186611/13
9846	5119/1
9847	5219/1
9848	5219/1
4376	2234/94
4337	22166
10789	144820/1
7228	187346/13
10788	144720/1
9123	101716/1
9122	101816/1
9124	101616/1
1167	19863
4552	24966
2365	973038/01
11386	25123/1
2366	973040/01
11387	25023/1
5806	219496/10
5807	219497/10
5808	219498/10
9242	73817/1
10978	4921/1
9450	69118/1
9451	69218/1
9452	69318/1
9453	69418/1
9767	186518/1
10331	109718/1
10330	109618/1
4581	405501
11330	155722/1
4418	2437/94
4457	2433/94
9871	8219/1
4425	2248/94
9913	19119/1
4424	2247/94
4427	2249/94
4428	2250/94
11197	126721/1
11735	38821/1
11196	126821/1
11736	38921/1
11195	126921/1
11737	39021/1
1253	23910/78
1255	28599
8783	107716/1
9855	164918/1
5306	24452/06
7689	222908/14
5274	24987/07
7680	185939/13
8830	165216/1
5785	19403/05
6295	219704/09
8998	150816/1
7362	221893/08
9516	92118/1
7394	96679/12
11537	56023/1
9279	169315/1
6934	97459/12
5548	222492/08
6294	219705/09
8999	150916/1
7363	221894/08
9515	92218/1
7395	96678/12
11538	55923/1
9280	169415/1
6935	97460/12
5335	24988/07
5549	222491/08
8831	165316/1
5784	24396/06
9541	45818/1
8382	104314/1
8383	104414/1
8515	96815/1
8242	63814/1
10702	221908/08
8516	96915/1
8243	63914/1
10703	221909/08
8384	104914/1
8385	105014/1
8244	64014/1
10686	88720/1
8245	64114/1
7856	186124/13
11077	164620/1
7982	186125/13
10706	93020/1
11079	164520/1
7855	186119/13
8386	105314/1
8387	105414/1
11078	164720/1
3077	973486/02
7585	186540/13
8575	187077/13
10900	24122/1
2650	208339
10521	17020/1
5802	221865/08
5958	218807/09
11074	56421/1
2669	236400
9879	17119/1
5520	24727/07
5522	221868/08
4070	194144/05
10522	17120/1
4398	236678/98
5524	221866/08
5042	194107/05
11075	56521/1
4071	194143/05
10523	17220/1
4399	973306/01
5523	221867/08
5040	194102/05
11076	56621/1
8261	186382/13
8262	186383/13
8263	186384/13
8264	186385/13
10698	77116/1
11639	38416/1
9649	68316/1
11107	17622/1
7647	186537/13
11572	10323/1
9651	68516/1
10699	77216/1
11640	38316/1
9650	68416/1
11108	17522/1
7648	186538/13
11573	10423/1
9648	68216/1
11106	17422/1
10430	142920/1
9325	42316/1
9164	84517/1
9162	84317/1
9163	84417/1
6797	97855/11
6798	97854/11
6799	97852/11
6800	97856/11
8894	138116/1
8895	138216/1
8896	138316/1
8897	138416/1
10843	118920/1
10842	119020/1
10841	119120/1
10840	119220/1
10431	75920/1
10432	75820/1
10433	75720/1
10434	75620/1
11464	3624
2427	B0981/92
9494	119216/1
4623	20375
4435	2864/94
4436	2865/94
10610	84420/1
4364	208365/97
10609	84520/1
10947	51622/1
8793	148416/1
11094	98622/1
4332	148305/03
2350	973315/01
8095	187096/13
11095	98522/1
4239	195348/04
8094	187097/13
10105	173817/1
8863	165315/1
570	973896
6850	97356/12
6995	97492/12
8587	103714/1
8864	165215/1
3909	194042/05
10844	117620/1
5416	222406/08
5417	222407/08
3376	974233/01
10023	67219/1
10919	161120/1
10022	67119/1
4401	2440/94
4565	24968
4566	24969
4242	10066
4243	10066
4404	2435/94
4406	2434/94
4516	25926
4517	25925
4519	25692
5275	24921/07
11060	16822/1
4262	974046/02
1857	973893/02
1531	974238/01
4464	208323/97
1672	405517/00
1256	28600
6389	24896/07
6895	97660/11
6606	166815/11
6001	219571/09
6884	219453/09
6538	219269/09
5223	24451
6003	219563/09
7488	96854/12
6885	219454/09
6607	96218/11
6608	96217/11
10319	138119/1
11615	80122/1
5464	222372/08
5336	24716/07
4355	194479/05
5968	218819/09
7371	97369/12
11023	38621/1
5289	23855/07
5368	24335/06
8377	97415/1
5672	24935/07
11024	38721/1
3180	27656
1248	974065/02
8753	35116/1
5823	219716/09
11785	FE26823/1
10811	79220/1
7027	97246/12
7223	221339/08
8469	106215/1
6258	222246/08
5155	0023735/06
11786	FE26623/1
10812	79320/1
7609	186548/13
8470	115515/1
8754	35216/1
11787	FE26523/1
10813	79420/1
7224	221340/08
8471	106315/1
6358	221315/08
11784	FE26723/1
7225	221338/08
8468	115415/1
3047	261364
8556	142215/1
8823	28516/1
5877	221406/08
8300	186182/13
11674	12922/1
10593	8720/1
11098	115422/1
5088	23893/07
8828	87616/1
8824	28616/1
8299	186181/13
11673	12822/1
10594	8820/1
5089	23892/07
8827	87716/1
11097	115822/1
5248	222234/07
8829	87816/1
7791	221152/08
8342	97215/1
9499	17318/1
7790	221153/08
8343	97315/1
9500	17418/1
8888	129516/1
8889	129416/1
7998	137514/1
11213	165820/1
7997	137614/1
11215	165920/1
7996	137714/1
11214	166020/1
10524	81820/1
11709	82020/1
885	38930/96
10465	171219/1
10466	170819/1
10467	171119/1
10468	171319/1
9007	173116/1
11102	47421/1
7514	185919/13
11101	47321/1
7518	185918/13
11100	47221/1
7516	185917/13
7515	185916/13
11099	47121/1
10855	16318/1
11852	177520/1
11738	9017/1
8165	2115/1
6197	222267/08
7878	133914/1
9201	103017/1
7559	167710/10
8960	115916/1
6088	219521/09
8466	113215/1
7360	221341/08
10420	102020/1
11018	99820/1
11536	55723/1
8961	115816/1
6089	219522/09
8467	115615/1
7361	221342/08
10419	102120/1
11015	99920/1
11535	55823/1
8096	32914/1
8177	33014/1
8950	133716/1
10417	30920/1
8949	133616/1
10416	31020/1
5711	221415/08
5710	221416/08
8491	112415/1
8951	133816/1
10418	31520/1
11028	141420/1
11123	74721/1
11029	141320/1
11122	74621/1
1241	148208/03
7121	096579/12
9284	116517/1
8797	84516/1
8419	138614/1
5801	219287/09
9285	116417/1
8796	84616/1
8420	138514/1
2855	L0344/91
8578	13416/1
8459	173715/1
9362	128817/1
11406	6422/1
5688	218890/09
5689	218892/09
10716	58921/1
10717	59021/1
10718	59121/1
10719	59221/1
10720	59321/1
10721	59421/1
10722	59521/1
9553	86218/1
9554	86318/1
9699	179418/1
10531	167820/1
5175	24510/07
11124	81220/1
4722	194310/05
4374	194478/05
6387	167975/11
4721	194309/05
7792	78514/1
5476	222443/08
5969	219277/09
4389	78771/98
4582	405502
2349	973933/02
4095	194343/05
4097	194345/05
3340	208872/03
11071	93622/1
7078	186299/13
11544	176520/1
10227	34120/1
4345	208033/03
11693	39923/1
4619	22578
9575	75918/1
11159	16522/1
5833	194113/05
958	973386/01
1191	MPO822/92
2661	236669
8402	138815/1
11830	20324/1
11853	109323/1
11324	77922/1
1747	405525/00
1686	
3483	208851/03
1746	1809/72
1685	24873/80
4611	43
6713	167738/11
11803	63421/1
5220	24700/07
11643	98923/1
10375	73620/1
7289	186123/13
9874	8519/1
9406	19118/1
9873	8919/1
1351	973999/02
1350	973998/02
11754	88422/1
6434	96443/11
4569	22063
4620	2849
11768	11421/1
10514	13221/1
10515	13321/1
4554	21361
4633	20595
4598	2724/94
10056	51019/1
4599	2765
4547	17629
8443	3215/1
10069	71919/1
10291	125416/1
11528	131422/1
10067	86919/1
10123	101119/1
10068	71819/1
11527	131322/1
11656	131522/1
10651	180520/1
1194	973487
6726	167462/10
8975	17617/1
8976	17717/1
10153	70916/1
10894	8122/1
5915	221730/08
7877	166948/11
10893	68121/1
3490	195335/04
6825	219243/09
9600	103318/1
7806	186265/13
6834	166621/11
5624	23631/06
11229	26621/1
8362	96651/12
6763	97661/11
1781	974473/00
11400	62022/1
5234	24915/07
5980	218766/09
11160	76221/1
11712	6223/1
4607	2848/94
9531	86516/1
9419	142114/1
10252	76420/1
4270	18540
11235	148721/1
11234	148821/1
2576	20112
8144	35915/1
8920	121816/1
7744	187092/13
3847	26814
2634	236878/99
9842	189518/1
1384	208296/03
9019	108816/1
603	26597
4660	28556/93
1383	208332/02
5949	24985/07
4354	2438/94
5891	218677/10
10805	129520/1
9246	78717/1
11578	41823/1
10804	129720/1
9247	78617/1
10803	129620/1
9248	78517/1
11577	41923/1
11126	100222/1
5356	194555/04
10898	20314/1
11125	100122/1
5357	194556/04
1595	973435/01
5250	222389/08
11184	99620/1
11185	99720/1
5984	168047/10
11186	99520/1
11127	99722/1
11128	120722/1
6073	167170/10
10115	109019/1
7907	116014/1
7908	116114/1
9667	34318/1
9668	34218/1
7445	219222/09
6474	168224/10
2227	38682
8435	114715/1
6097	243733/07
11751	819/01
10145	119619/1
7989	136714/1
8543	174715/1
11067	111421/1
11554	52622/1
1179	27204
10897	9714/1
6158	222434/08
5121	23742/07
8800	172516/1
9239	98217/1
11717	90418/1
6217	221174/08
8782	141316/1
9238	98317/1
10162	104319/1
10180	106019/1
10179	106119/1
10107	63819/1
1878	208478
1879	135386
8374	95315/1
2226	208689/03
6120	24986/07
2370	973474/02
5625	194557/04
5630	221734/08
9245	78417/1
7534	186628/13
10862	7921/1
4563	25694
4636	22585
2127	G0344/91
4416	2237/94
4583	2721
4593	2722
7730	186054/13
7731	186055/13
4350	20607
11359	19523/1
4351	20606
11357	19423/1
4638	19270
1057	78953/98
6992	97367/12
11687	16623/1
7771	222933/14
6942	96592/12
5353	24105/06
7487	218864/09
1058	236700/99
7864	96553/12
5161	24350/06
6243	24951/07
11688	16723/1
7772	222932/14
6293	167833/11
6941	96593/12
2973	208576/03
7047	218865/09
4082	195275/04
6991	97368/12
11686	16523/1
7770	222934/14
6940	96591/12
5354	221981/06
7486	218577/10
8407	158515/1
11890	72221/1
5970	219336/09
5971	219335/09
5194	23729/06
10817	163820/1
10762	128820/1
10424	92220/1
10643	53221/1
10768	101621/1
4541	22066
4628	19219
9537	29818/1
7393	187413/13
10649	48117/1
8952	145416/1
9358	119517/1
8847	49016/1
9505	102016/1
11695	154022/1
8424	60315/1
9860	131116/1
9454	162416/1
11862	147320/1
5912	221710/08
5143	23624/06
2288	27737
9204	99915/1
5913	221700/08
4380	2231/94
4650	27808/94
4649	27807/94
7530	96204/11
1239	26887
3491	208592/03
9739	154118/1
5859	218109/09
11451	30523/1
11227	132620/1
9391	9118/1
10013	4217/1
6048	218702/10
4290	208377/97
4295	68
7285	218723/10
10681	16621/1
10125	105519/1
7909	96207/1
4370	208686/03
6835	97986/12
10124	111319/1
9624	63018/1
2289	38852
3774	16188/68
3775	16189/68
1655	973395/01
10296	143819/1
4651	27809/94
3592	973408/01
4293	67
4294	69
10138	147119/1
4395	973438/01
8709	32416/1
4396	973439/01
8708	32316/1
4564	973302
4587	20039
5021	22269
5781	219553/09
9989	61019/1
9990	61219/1
9991	61119/1
9992	60919/1
10753	155620/1
9685	101118/1
1352	973940/02
4540	15890
5241	24893/07
6762	219256/09
10865	63520/1
8748	20715/1
4429	25660
9927	64619/1
6691	97043/12
4589	19216
4463	2867/94
4622	148351
11110	121022/1
11334	146121/1
2521	78772
11664	86423/1
4586	19269
8634	36116/1
6013	24702/07
4387	208844/03
1852	148347/04
3853	973448/01
8633	36016/1
8284	117214/1
8635	36216/1
4388	208843/03
3854	208362/02
8833	102416/1
7222	185811/13
10792	186087/13
11475	FE52623/1
11421	34519/1
7221	185810/13
11497	122019/1
8404	117015/1
10742	151617/1
10055	132619/1
11036	97922/1
9535	34117/1
11038	99022/1
5647	219539/09
9196	45817/1
5648	219538/09
7922	186536/13
4288	20949
4331	1251
8406	116815/1
9657	115318/1
3570	208656/03
3959	194930/05
5691	973982/02
1491	973313/01
803	973367/01
8405	116915/1
3960	194929/05
804	973366/01
484	405464/00
10176	90619/1
7255	218721/10
5292	194488/05
7256	218722/10
5988	222387/08
7509	186613/13
11702	65022/1
7562	167742/11
8060	39914/1
5159	24369/06
6388	167976/11
10743	107521/1
11655	84123/1
7304	187344/13
6237	167090/10
9747	59516/1
5182	24888/07
6986	97366/12
5519	24728/07
10744	107421/1
11037	97822/1
10901	144116/1
7437	185962/13
11874	149523/1
8329	166511/11
9746	84716/1
9532	46218/1
7257	96665/12
9940	177518/1
7502	97977/12
8456	135514/1
8457	135414/1
4061	24466/06
4524	21360
4635	2719
11309	170118/1
7662	96720/12
10801	175019/1
8323	111915/1
10220	110816/1
7839	80314/1
8957	151016/1
11533	4020/1
7057	96748/12
3382	974208/01
11436	138022/1
9918	152018/1
3963	194932/05
7932	185926/13
11032	101819/1
9660	94618/1
5240	24304/06
11418	61518/1
9829	186618/1
9723	94318/1
6694	97657/11
11545	11720/1
6993	96418/11
11439	139222/1
369	26156
11435	137722/1
5363	24489/06
9764	124018/1
2451	78986/98
7527	185924/13
10332	35819/1
8749	61114/1
6752	167463/10
11353	79118/1
3525	195478/04
9345	152417/1
8363	186285/13
6360	218050/09
3962	194933/05
4098	24140/06
11730	85723/1
11580	119320/1
10089	129018/1
7153	166968/11
8750	185839/13
11073	115122/1
10831	164420/1
3733	236885
10016	54219/1
11508	53923/1
10972	51222/1
11678	53822/1
9661	94518/1
9725	123418/1
10942	51422/1
9049	186184/13
11863	132820/1
11420	90118/1
3961	194931/05
579	208325/02
4100	23872/07
11438	138222/1
5103	24980
11423	138122/1
9658	104018/1
11093	114922/1
10061	159316/1
9820	103717/1
1292	974214/01
10542	36118/1
9797	173318/1
6187	167601/10
11437	138722/1
9724	96418/1
11092	115022/1
10832	141920/1
7933	186156/13
11675	139123/1
7959	185985/13
9050	42214/1
11713	145823/1
10014	67419/1
3074	27365
2520	208343/97
7987	120214/1
8502	16215/1
6674	097668/11
9662	131418/1
11417	2319/1
9677	42616/1
11657	54322/1
7555	187342/13
5199	194467/05
5209	24544/07
7420	185991/13
10436	81520/1
11708	13123/1
10261	160619/1
11731	160619/1
11659	98723/1
3247	26167
10856	28720/1
3780	208987/03
9182	62917/1
4451	208842/03
4245	4904
6754	218697/10
4513	24284
5045	24129/06
9607	50318/1
8528	167115/1
8059	58914/1
2277	136
168	18000
5725	218035/09
6753	167639/10
4631	22576
4612	22581
3792	405663/00
3793	405664/00
5860	218712/10
5861	218713/10
10601	153820/1
10602	153720/1
10603	153920/1
10604	154020/1
11187	71121/1
966	236868/99
8155	22615/1
8853	93716/1
9511	81318/1
11411	24123/1
9313	108815/1
10710	162717/1
11870	55124/1
11762	28223/1
11705	75622/1
11868	55224/1
11763	28123/1
11704	75722/1
11869	55324/1
11764	28023/1
1161	135391
9368	131516/1
7265	167200/10
7310	97228/12
8183	51215/1
9782	90718/1
10092	126618/1
10979	123219/1
10980	185119/1
7596	186973/14
518	27480
11062	10521/1
8503	172515/1
11880	94224/01
11320	111822/1
6192	218554/10
9038	25017/1
2492	B0744/92
274	MPB 2271/94
275	MPD 2271/94
276	MPE 2271/94
2491	A0744/92
4227	2738/94
4229	2738/94
11650	123923/1
10771	63821/1
11151	8223/1
4231	2742/94
4235	2801/94
4237	2801/94
4238	2801/94
11412	161620/1
11413	161520/1