MoPHCode	Seq	PresentationLNDI
7685	3	200ml
4648	1	30g
6687	1	40g
6868	1	20g
9876	1	40g
4811	1	4ml
5724	5	10ml
8324	3	15g
9534	4	15ml
8169	1	48
10439	2	48
1415	1	50
1416	2	350ml
3345	3	30
5036	4	50
5037	5	350ml
9595	7	200ml
10207	8	250ml
4509	3	20
1808	2	20
1809	3	10
8825	1	28
10394	3	8
10395	2	4
9690	2	15
465	1	14
1544	1	14
1552	2	14
1553	1	14
1554	3	14
1555	4	1
1668	1	14
1811	1	14
1846	1	14
2504	4	5
3593	1	14
3660	1	28
4058	4	1
4271	2	20
4272	1	14
4452	1	14
6025	3	14
6026	5	12
6212	1	14
6233	1	28
6408	1	14
6939	4	10
7012	1	30
7750	4	1
7781	1	28
8240	1	14
8241	1	28
8302	1	28
8425	4	1+1
8507	1	504
8671	1	30
8773	4	10
8858	4	1
8923	1	28
9128	4	50
9181	1	56
9342	1	10
9574	1	30
9692	3	28
10147	6	30
1859	1	14
5179	1	30
5910	1	30
5911	1	15
5998	2	15
6149	2	15
6150	2	30
6151	1	15
6152	1	30
6571	2	14
6746	2	10
7197	3	1
7232	1	15
7793	3	1
8125	1	14
8868	3	1
10037	3	10
10082	2	30
10925	3	10
794	1	14
1728	1	14
2719	1	14
5144	2	14
6668	1	15
6669	2	15
6926	1	14
7613	1	30
8644	1	30
1867	1	28
1869	2	28
3757	1	28
3758	2	14
4830	1	28
4831	2	14
5079	1	15
5080	1	30
5081	2	10
5082	2	30
6398	2	15
6438	1	15
6439	2	10
7622	2	28
7734	2	30
7775	2	14
7776	1	28
7778	1	30
8472	2	30
8473	2	10
8474	1	30
8475	1	15
11049	2	Austria
11050	1	Austria
1510	1	28
1511	2	28
3539	3	10
6181	4	28
6264	2	28
6265	1	28
6924	1	30
6925	2	30
7571	2	14
7605	1	28
7606	2	28
7773	2	14
7774	1	14
7836	3	1
7840	1	10
8308	1	10
8309	2	10
8553	1	14
8980	3	1
9230	2	56
9264	2	28
9493	3	10
7582	1	14
7583	2	14
8127	1	28
8128	2	28
9652	2	14
9653	2	28
9654	1	28
9655	1	14
7663	1	30
5243	1	14 x 3
9700	1	120
3161	1	30
3512	2	200ml
8893	3	30 sachets
9974	4	300ml
10637	5	32
10854	6	300ml
6814	1	30
1862	2	48
5233	1	30
10581	1	30
3028	1	20
8608	1	10x1ml
3682	1	30
10221	1	30
1025	1	30
1026	1	100
1849	4	30
4501	3	120ml
10446	1	10
6740	3	10 x 4ml
7544	1	30
9110	4	10
10511	5	20
1523	2	15ml
1525	4	32
3970	4	30
7322	3	30ml
3058	1	30
2177	1	10 x 1ml
2179	3	10 x 1ml
4214	1	10 x 1ml
4236	3	10 x 1ml
4864	2	100 x 1ml
10557	1	5x1ml
10558	3	5x1ml
11027	4	10
1579	3	5 x 1ml
3119	3	10 x 1ml
3748	1	20
3749	2	100ml
7930	3	5 x 1ml
9086	3	50 x 1ml
9501	1	50
9502	1	20
4378	2	30
4415	1	30
4640	2	30
8410	2	30
9478	2	30
4336	1	25ml
7552	1	10
2481	1	42
4525	2	20
8547	2	100
8548	2	30
2793	4	10 x 2ml
3059	3	40
7713	4	5
8871	4	10
9087	4	50
9605	4	5 x 2ml
9733	4	10 x 2ml
1689	1	30
1847	1	24
1848	2	120ml
4447	1	30
5056	1	20
5999	2	200ml
6204	1	30
7455	1	30
9875	2	200ml
10461	1	30
9149	1	50
3969	1	20
4446	1	10
5312	4	10 x 4ml
5644	3	10 x 2ml
6380	4	25 x 4ml
7678	4	5 x 4ml
7679	3	5 x 2ml
7850	3	1 x 2ml
7851	4	1 x 4ml
8100	4	5 x 4ml
8643	1	10
8689	3	5x2ml
8690	4	5x4ml
8918	1	10
8958	4	5 x 4ml
8959	3	5 x 2ml
8962	3	5 x 2ml
9013	5	4
9090	1	4
9116	3	5 x 2ml
9117	4	5 x 4ml
9491	6	100ml
9591	1	10
9928	6	60ml
9987	4	5 x 4ml
9988	3	5 x 2ml
10336	7	10
10337	5	10
10435	1	10
10827	1	500
10902	6	90ml
10984	8	4
8436	2	5 x 1ml
8437	3	5 x 3ml
9015	2	10
9546	1	10
9852	3	5 x 3ml
11008	4	1
8286	1	1
8551	1	1
1453	1	75ml
1454	2	30
1455	3	10
9102	1	1
10342	2	2
10343	3	1+2
92	1	100
9890	1	30
9891	2	30
6353	1	40
2695	2	50
4502	1	240ml
9735	1	100
9738	1	40
10851	2	10
4503	1	30ml
4504	1	60ml
8603	2	30
6459	1	2
7973	2	2
10320	2	2
4495	1	40g
3168	1	300ml
3595	1	300ml
2555	1	20
7548	1	20
1589	1	200ml
2557	1	4
9645	3	20
9646	5	30
6712	1	4 x 10ml
4548	1	12
4549	1	12
4551	2	12
6805	1	28
6806	2	28
10457	2	28
10458	1	28
4442	2	60ml
8844	1	20
9495	3	30
3754	1	12
3755	2	60ml
9446	1	20
2381	1	28
4421	1	28
10512	1	50
2251	1	24+24
2512	3	100
6943	1	12
9350	1	12
957	1	240ml
7651	2	12
10094	1	6
7160	1	100
8965	2	30
10833	1	100
10834	1	50
96	9	7 x 60ml
1008	1	100
1009	7	20
1260	8	28
3115	2	100
3116	7	10
5478	3	60
6253	10	7 x 100ml
6890	4	60
7846	8	30
8319	11	60
8320	12	60
8321	5	50
8775	2	100
9191	6	60
10339	4	100
10543	10	7
10682	7	12
10806	13	60
10807	13	90
10808	14	30
2714	4	10
7091	2	10
7637	2	30
169	1	20
3915	3	10
6494	2	20
8477	4	20
3938	1	20
8287	1	16
8288	2	10
8759	2	10
8760	2	20
9939	1	90
10095	1	112
6255	1	30
6285	1	10
6286	2	30
6375	2	30
6575	1	30
6883	1	40
7262	1	20
9241	1	30
9449	1	84
3206	3	100
5258	4	100
5346	10	1
1038	2	1 x 10ml
2018	1	5x3ml
2023	2	1 x 10ml
5060	2	1 x 10ml
8497	2	1 x 10ml
1028	2	10ml
5844	1	5 x 3ml
8948	4	5 x 3ml
10592	2	10ml
10619	1	1x3ml
10981	1	5x3ml
10983	1	5x3ml
2017	1	5 x 3ml
7190	2	1 x 10ml
8087	1	5 x 3ml
8113	1	5 x 3ml
9456	2	1 x 10ml
9457	1	5 x 3ml
5262	2	1 x 10ml
5263	1	5 x 3ml
2019	3	5x3ml
1037	1	1 x 10ml
2029	1	1 x 10ml
5061	1	1 x 10ml
8088	1	1 x 10ml
5842	1	5x3ml
5843	2	5x3ml
2016	1	5 x 3ml
5846	2	5 x 3ml
8085	1	5 x 3ml
8111	1	5 x 3ml
7961	1	5x3ml
1039	1	1 x 10ml
2025	1	1 x 10ml
5057	1	1 x 10ml
8496	1	1 x 10ml
2124	2	1 x 10ml
5264	1	5 x 3ml
8413	3	3 x 1.5ml 
8414	3	5 x 1.5ml 
8907	1	5 x 3ml
10292	1	2x3ml
3979	1	5 x 3ml
8089	1	5 x 3ml
8112	1	5 x 3ml
7239	1	5 x 3ml
9825	1	3x3ml
9828	2	3x3ml
10559	2	3x3ml
10560	1	3x3ml
9165	1	3 X 3ml
897	2	56
3684	1	30
3685	2	30
4300	1	30
4301	2	30
4642	2	30
4699	2	30
4700	3	30
5083	2	30
5084	6	30
5085	5	30
5115	4	30
5136	2	30
5137	3	30
5163	3	30
5693	5	30
5948	2	30
6031	4	30
6219	6	30
6270	3	60
8579	2	30
8580	6	30
8581	4	30
8582	5	30
9011	3	30
9012	2	30
9115	1	30
3677	1	30
4422	1	100
5172	1	100
3678	1	40
3919	1	60
6133	2	30
4728	1	30
4729	2	30
4730	3	30
4731	4	30
5096	4	30
5097	3	30
5098	2	30
5099	1	30
5122	2	30
5123	1	30
5124	3	30
5125	4	30
5399	1	30
5400	2	30
5401	3	30
5927	2	30
5929	3	30
5930	4	30
6437	5	30
6702	4	30
6703	1	30
6704	3	30
6705	2	30
6837	1	30
6838	2	30
6839	3	30
6840	4	30
8990	4	30
10879	1	30
10880	2	30
10881	3	30
10882	4	30
11040	1	30
11041	2	30
11042	4	30
3679	1	40
4302	2	30
4303	3	30
4701	2	30
4702	3	30
5086	4	30
5126	9	30
5341	11	30
5810	11	30
5847	5	30
7290	6	60
9705	1	56
9706	1	30
9707	1	30
5770	1	56
5771	2	56
7991	3	56
7992	4	56
7993	5	28
10314	1	60
10315	2	60
10316	7	60
10501	7	56
10502	1	56
10740	1	60
10741	2	60
8316	1	28
8317	2	28
8318	3	28
10758	2	28
8993	1	60
8994	2	30
8339	1	60
8489	2	60
10766	2	60
10767	1	60
11047	2	Canada
11048	1	Canada
7967	1	56
7968	2	56
9337	2	60
9339	4	30
9751	1	60
9752	2	60
9753	3	60
9754	4	60
9826	1	30
9827	2	30
8680	1	60
8681	2	60
8682	3	60
8683	4	60
10462	4	60
10463	2	60
10464	3	60
10469	1	60
10991	1	60
10992	4	60
9815	1	60
9816	2	60
9813	1	30
9814	2	30
2593	1	30
1340	1	30
5302	2	30
5345	1	30
5959	2	30
7048	1	30
8333	2	30
7871	1	28
10194	1	30
7832	1	28
11043	1	30
8571	1	30
8572	2	30
7926	2	28
10757	2	28
6755	1	30
10585	1	30
5758	1	2x3ml
8854	1	3x3ml
8083	1	4 x 0.5ml
8084	2	4 x 0.5ml
10918	3	4 x 0.5ml
10987	4	4 x 0.5ml
10041	1	1x1.5ml + 4disposable needles
10042	2	1x1.5ml + 4disposable needles
10043	3	1x3ml + 4disposable needles
8253	2	28
8971	1	30
8972	2	30
8203	1	30
8204	2	30
10781	2	30
10782	1	30
9811	1	30
9812	2	30
2010	1	30
2036	2	30
2038	3	30
9235	2	90
9236	3	90
9237	1	90
3830	1	100ml
6869	2	30ml
1877	16	200ml
3601	17	90
4576	22	100ml
4588	23	120ml
4289	29	30
6832	31	10x10ml
1068	1	10 x 0.5ml
1069	2	10 x 1ml
1083	3	100
1084	4	100
1086	6	20ml
6260	5	30
10219	4	100
10273	3	100
10274	5	30
5666	3	50ml
5764	1	30
6881	1	30
7309	1	30
7320	6	15ml
7385	1	30
7422	5	24ml
7492	2	10
7511	7	4
7589	1	30
7610	1	30
7760	4	3 x 1ml
8024	2	20
8025	8	60
8026	9	60
8585	8	30
8586	10	10ml
8712	2	12
9048	1	60
9125	2	10
9141	4	1x2ml
9206	11	2 x 1ml
9207	14	6 x 1ml
9277	7	1x2.5ml
9278	12	1x2.5ml
9341	13	15
9473	2	15
9522	13	15
9572	2	10
9573	1	30
9611	1	30
9758	2	30
9759	13	30
9760	13	30
9800	9	30
9802	2	8
10146	1	30
10218	1	30
10251	1	30
10530	1	30
10659	4	1x2ml
10697	2	10
9276	2	10ml
9382	1	10
55	3	20
1274	4	20
1337	2	20
1338	10	3 x 3ml
1705	11	3 x 3ml
4448	2	30
4703	2	20
4704	1	3 x 3ml
5712	8	30
7597	1	5 x 3ml
7666	5	20
8710	2	30
9034	2	30
9035	1	6 x 3ml
9220	2	20
9440	9	5 x 2ml
10048	1	5 x 2ml
10829	11	5 x 3ml
4577	2	30
8099	1	12 x 2ml
9599	3	5x2ml
1369	5	20
1551	1	10
9606	3	5 x 5ml
1385	3	15
3829	1	21
6193	2	60
4104	1	10 x 10ml
7735	1	5 x 10ml
9526	1	100x10ml
1386	1	60
2248	2	60
7493	5	60
10895	1	60
1800	4	100
1801	6	100g
2249	7	60
4320	5	100
4658	4	60
5667	10	60
6581	7	60
7421	11	60
7423	12	60
8422	4	60
8650	13	60
9262	15	30
9290	14	30
3495	1	60
6269	1	60
7879	2	60
8438	1	50
9222	2	60
3046	1	40
9390	1	60
5049	2	10 x 10ml
7428	3	40
8246	3	20 x 10ml
8423	2	20 x 5ml
8546	3	20x10ml
10047	4	60
7315	1	20 x 10ml
1205	1	30
10259	1	60
9730	1	1
10155	1	1
8281	1	1
9066	1	100
10756	1	60
4543	1	20
2626	1	10 x 5ml
7633	1	5 x 5ml
9543	2	10
9929	1	10x5ml
1752	1	2 x 0.4ml
1757	2	2 x 0.8ml
1758	3	2 x 0.6ml
1759	4	2 x 0.2ml
9949	4	2x0.2ml
9950	1	2 x 0.4ml
9951	3	2 x 0.6ml
9952	2	2 x 0.8ml
10382	4	2 x 0.2ml
10383	4	10 x 0.2ml
10384	1	2 x 0.4ml
10385	1	10 x 0.4ml
10386	3	2 x 0.6ml
10387	3	10 x 0.6ml
10388	2	2 x 0.8ml
10389	2	10 x 0.8ml
10390	5	2 x 1ml
10391	5	10 x 1ml
10392	6	10 x 0.8ml
10393	7	10 x 1ml
10732	4	2 x 0.2ml
10733	4	10 x 0.2ml
10734	1	2 x 0.4ml
10735	1	10 x 0.4ml
10736	3	2 x 0.6ml
10737	3	10 x 0.6ml
10738	2	2 x 0.8ml
10739	2	10 x 0.8ml
490	1	50
491	2	10 x 2ml
10009	1	50
6624	1	2 x 0.2ml
6625	2	2 x 0.2ml
6626	3	2 x 0.4ml
6860	4	2 x 0.2ml
6861	5	2
10256	1	30
5490	1	28
5775	1	30
5982	1	30
6072	1	28
6218	1	10
6267	1	30
6544	1	28
6649	1	56
6938	1	28
7282	1	28
7820	1	28
8992	1	30
9975	1	30
10751	1	30
10870	1	30
10982	1	28
4673	3	100
4680	3	30
7004	3	20
8408	1	56
8506	2	120
9480	2	30
10362	2	100
10548	2	30
10617	3	30
5489	1	1 x 50ml
8082	1	1 x 50ml
3781	1	30
9095	1	56
6517	1	56
10783	2	60
10784	1	60
9249	1	140
9250	1	60
9251	2	60
9252	3	60
9253	4	60
9254	5	60
9255	6	60
9256	7	60
9257	8	60
10402	2	60
10403	8	60
10404	6	60
10405	5	60
10406	4	60
10407	3	60
10408	1	60
10409	1	140
10658	7	60
2224	1	2 x 50ml
2217	1	1 x 10ml
5314	1	60
5315	2	30
5316	2	60
5317	1	30
6523	3	60
5543	4	10
6773	2	28
6775	3	28
7870	1	56
10359	2	30
10360	3	30
10361	4	10
10411	2	30
10412	3	30
10413	4	10
10552	2	30
10553	3	30
10554	4	10
10555	1	60
10340	2	60
10341	1	60
10550	2	60
10551	1	60
8832	1	10 x 0.5ml
9359	2	10 x 0.5ml
9432	1	5 x 5ml
11046	1	
3356	1	10 x 1ml
9851	2	5 x 0.2ml
7628	3	1
10415	2	1
10489	2	1+1
9506	1	1x10ml reconstituted
9507	2	1x4ml reconstituted
9508	3	1x2ml reconstituted
7193	1	1
3279	1	1 x 5ml
3280	2	1 x 10ml
3281	3	1 x 10ml
5990	1	1 x 2.5ml
5992	2	1 x 5ml
7980	5	1
8188	3	1 x 5ml
8189	7	1 x 10ml
8558	5	1+1 (1butterfly needle, 2alcohol swabs, 1vial adapter)
8849	4	1+1
8850	5	1+1
8851	6	1+1
8852	8	1+1
8910	4	1
8911	5	1
8986	1	1 x 2.5ml
8987	2	1 x 5ml
8988	3	1 x 10ml
9763	5	1
10367	9	1+1
10368	10	1+1
10908	11	1
10909	12	1
6539	2	1 x 5ml
6958	1	1 + 1Vial solvent
8186	6	1 x 10ml
8187	2	1 x 5ml
10284	11	1+1
10285	12	1+1
10286	13	1+1
10306	7	1+1
10307	8	1+1
10308	9	1+1
10309	10	1+1
8315	5	1x1
8983	1	1 x 5ml
8984	2	1 x 15ml
8985	3	1 x 10ml
5539	1	1
5540	2	1
5541	3	1
9762	4	1
10083	2	1
1263	1	4 x 2ml
3603	2	20
9808	2	20
7521	1	1
8789	2	28
8790	1	28
9902	1	1x0.4ml
9903	2	1x1ml
9904	3	1x1ml
9905	4	1x0.7ml
3831	1	100
5342	1	100ml
9481	2	60
5295	2	50ml
7777	3	30
6867	1	100ml
7882	1	28
10620	2	200ml
10621	2	60ml
6724	3	30ml
5046	1	10 x 15ml
1121	1	5 x 5ml
5210	1	5 x 5ml
6239	2	1x10ml
7023	1	5 x 5ml
7974	1	5 x 5ml
8728	1	5
8729	1	5
10178	1	5 x 5ml
10224	1	5 x 5ml
5113	4	30
8656	5	30
9154	1	30
1870	1	30
6657	2	60
7752	3	30
9155	1	150ml
9156	2	30ml
9106	2	30
3712	2	20 x 10ml
1864	1	30
10440	1	10
10624	1	5
10941	1	5
6824	2	8
9536	1	2x1ml
4440	2	50
6658	2	60
8141	2	50
8278	1	28
1095	6	1 x 2ml
1096	7	1 x 1ml
1433	5	10 x 1ml
1434	6	10 x 1ml
6211	6	25 x 2ml
6368	3	6 x 1ml
6370	2	6 x 1ml
6372	1	6 x 1ml
6442	2	1
6791	4	1 x 1ml
9830	6	1
10470	1	6 x 0.5ml
10471	2	6 x 0.4ml
10472	3	6 x 1ml
10473	4	1 x 1ml
10774	6	5
10775	3	1
10934	8	1
10935	9	1
7373	2	4
7374	4	4
7375	5	4
7376	3	4
7377	9	4
7378	8	4
7379	11	1
7381	10	1
7383	7	4
7211	1	1,000ml
7212	2	1,000ml
9378	2	250ml
3267	1	1 x 50ml
3487	1	100ml
3488	2	250ml
3489	1	50ml
3604	1	1 x 50ml
4048	1	1 x 50ml
5567	1	1 x 50ml
8428	1	1 x 50ml
8989	1	50ml
9604	1	50ml
9780	1	10x500ml
2662	1	1 x 500ml
2610	1	500ml
3413	4	500ml
2473	4	500ml
6831	5	1x100ml
8409	6	500ml
1192	1	500ml
1193	2	500ml
6830	3	250ml
6833	4	500ml
9275	5	250ml
3351	10	2,000ml
3353	11	2,000ml
7125	1	2,000ml
7126	2	1,000ml
7127	3	1,000ml
7129	5	1,000ml
7130	6	2,000ml
7131	7	2,000ml
7132	8	1,500ml
8075	9	1477ml
8076	10	1448ml
4166	1	250ml
4167	3	500ml
4169	4	1,000ml
4181	5	250ml
4182	2	500ml
4184	5	1,000ml
4774	4	1,000ml
4775	3	500ml
4776	1	250ml
4784	5	1,000ml
4785	2	500ml
4786	5	250ml
9198	3	500ml
9376	4	1,000ml
9377	3	500ml
9584	1	500ml
9585	4	1,000ml
9588	4	1,000ml
9714	5	1,000ml
9715	5	1,000ml
9784	4	1,000ml
9897	3	500ml
9997	3	500ml
10129	5	1,000ml
10130	5	1,000ml
4133	13	1,000ml
4134	1	250ml
4136	1	500ml
4138	1	1,000ml
4142	2	1,000ml
4144	2	500ml
4147	14	500ml
4149	15	250ml
4151	15	500ml
4153	15	1,000ml
4155	14	1,000ml
4157	3	500ml
4159	3	1,000ml
4163	12	500ml
4165	10	500ml
4174	11	500ml
4754	3	1,000ml
4755	3	500ml
4756	3	250ml
4764	2	1,000ml
4765	2	500ml
4766	2	250ml
4767	1	1,000ml
4769	1	500ml
4770	1	250ml
4772	9	500ml
4773	10	500ml
4777	8	500ml
4778	11	500ml
9370	2	500ml
9371	2	1,000ml
9372	2	500ml
9373	2	1,000ml
9483	2	1,000ml
9484	2	500ml
9562	2	1,000ml
9563	2	500ml
9710	1	500ml
9711	1	500ml
9712	1	1,000ml
9713	1	1,000ml
10076	1	1,000ml
10077	1	1,000ml
10078	1	500ml
10131	1	500ml
10611	3	1000ml
10612	2	1000ml
10613	1	1000ml
4177	1	250ml
4179	1	500ml
4187	2	250ml
4189	2	500ml
4780	2	500ml
4781	2	250ml
4782	1	500ml
4783	1	250ml
9555	1	500ml
9587	1	500ml
9785	1	500ml
9883	1	500ml
10936	1	500ml
2595	7	50 x 20ml
2596	1	50 x 20ml
4110	1	10 x 20ml
4111	10	10 x 20ml
4112	9	500ml
4113	8	500ml
4114	3	500ml
4115	2	250ml
4117	2	500ml
4119	2	1,000ml
4122	4	50ml
4124	4	100ml
4126	4	250ml
4128	4	500ml
4130	4	1,000ml
4747	5	500ml
4748	5	250ml
4749	2	1,000ml
4750	2	500ml
4751	2	250ml
4752	3	500ml
4753	3	250ml
4779	4	1,000ml
4790	4	500ml
4801	4	250ml
4808	4	100ml
4809	4	50ml
4810	5	1,000ml
5198	4	500ml
9379	2	100ml
9558	4	100ml
9559	4	50ml
9586	4	500ml
9708	4	1,000ml
9772	4	50ml
9773	4	250ml
9790	4	100ml
9791	4	250ml
9792	4	500ml
9793	4	1,000ml
9954	4	100ml
9955	4	50ml
9956	4	50ml
9957	4	500ml
9958	4	100ml
9959	4	500ml
9998	4	1,000ml
9999	4	1,000ml
10566	4	100ml
10567	4	250ml
10568	4	500ml
10569	4	1000ml
10614	2	1000ml
10615	2	250ml
10616	2	500ml
4191	5	2,000 in 3,000ml
4192	6	2,000 in 3,000ml
5186	7	2,000ml
5187	11	5,000ml
5188	8	2,000ml
5189	12	5,000ml
5190	9	2,000ml
5191	10	2,000ml
3599	11	2,000ml
3600	12	2,000ml
2417	1	2,000ml
2418	1	2,500ml
2419	2	2,000ml
2420	3	2,000ml
2421	3	2,500ml
2423	1	5,000ml
2426	3	5,000ml
3597	4	2,000ml
3598	4	2,000ml
7122	2	5,000ml
9861	3	2,000ml
9862	3	2,500ml
9863	3	5,000ml
9864	2	5,000ml
9865	2	2,000ml
9866	2	2,500ml
9867	1	5,000ml
9868	1	2,500ml
9869	1	2,000ml
6695	3	10 x 10ml
285	1	50 x 10ml
2282	1	10 x 10ml
2283	3	10x 10ml
2284	1	50 x 20ml
4196	5	100 x 10ml
4197	6	10 x 20ml
4198	3	100 x 10ml
4199	1	100 x 10ml
4200	2	10 x 20ml
2219	1	50 x 20ml
2220	2	50 x 20ml
4201	2	10 x 20ml
4202	1	10 x 20ml
4203	3	500ml
291	1	50 x 10ml
292	1	20 x 20ml
2285	1	100 x 10ml
2287	4	50 x 20ml
4204	4	100 x 10ml
4205	4	10 x 20ml
4206	3	100 x 10ml
4207	1	100 x 5ml
4208	1	100 x 10ml
4209	1	100 x 20ml
4211	1	1,000ml
4212	1	50ml
4215	1	100ml
4217	1	250ml
4219	1	500ml
4221	1	1,000ml
4223	2	250ml
4224	2	500ml
4225	2	1,000ml
4787	2	1,000ml
4788	2	500ml
4789	2	250ml
4792	1	1,000ml
4793	1	500ml
4794	1	250ml
4795	1	100ml
4796	1	50ml
4857	3	100 x 20ml
9189	1	1,000ml
9190	1	500ml
9374	1	500ml
9375	1	1,000ml
9380	1	500ml
9556	1	100ml
9557	1	50ml
9560	1	1,000ml
9561	1	500ml
9564	1	1,000ml
9565	1	500ml
9709	1	250ml
9774	2	1,000ml
9775	2	500ml
9786	1	250ml
9787	1	250ml
9788	1	100ml
9789	1	100ml
9881	1	50ml
9882	1	50ml
9892	1	100ml
9893	2	500ml
9894	2	1,000ml
9895	1	50ml
9896	1	250ml
10570	1	100ml
10571	1	500ml
10572	1	1000ml
10573	1	3000ml
10574	2	1000ml
10575	1	250ml
2771	1	10 x 10ml
3504	1	50 x 10ml
4175	2	10 x 4ml
4176	3	100 x 10ml
8758	1	10 x 10ml
4103	1	100 x 10ml
8230	1	10 x 10ml
8826	2	10
10707	3	20x 10ml
3922	1	100ml
4105	1	7.5l
4106	2	7.5l
4107	3	7.5l
4108	4	5l
4109	5	7.5l
4800	6	10l
4802	7	10l
4803	8	10l
4804	9	10l
4805	10	10l
4806	11	10l
4858	12	7.5l
4859	13	7.5l
4860	14	7.5l
10626	1	1x2ml
10344	1	1x10ml
7507	1	60ml
7508	2	100
8559	3	5 x 2ml
5283	1	50
5284	2	50
2222	1	30
9472	1	30
10815	1	30
10816	2	30
2975	1	30
2976	2	6 x 3ml
3121	1	50
8368	1	1
10826	1	1
2871	1	10 x 4ml
5213	1	10 x 4ml
8590	1	10 x 4ml
9366	2	10x8ml
10114	3	10x4ml
2640	1	10 x 5ml
3546	1	10 x 5ml
8566	1	25 x 5ml
7787	1	10 x 1ml
8906	2	10
11026	3	10
3532	1	10 x 20ml
2096	1	10 x 5ml
2097	2	10 x 1ml
7809	2	5 x 1ml
8963	3	1
8964	4	1
11025	5	10
272	1	10 x 1ml
2279	1	10 x 1ml
9214	2	10 x 10ml
8529	1	10 x 10ml
6862	1	1
6599	1	10
8325	1	30
8326	2	30
8421	3	5 x 10ml
9921	3	1x50ml
10976	3	5x50ml
993	4	100
4605	4	30
3714	1	30
3715	2	30
5420	1	30
5422	2	30
7626	1	30
8373	2	30
9462	1	30
9463	1	90
9464	2	30
8669	1	30
8670	2	30
9023	2	30
9024	1	30
10264	2	30
10265	1	30
449	1	5 x 1ml
9836	1	1
3838	1	60
5385	1	56
5386	2	56
10693	1	56
10694	2	56
8103	2	60
8104	3	60
8105	1	60
8924	1	30
4304	1	30
4314	2	30
10763	1	30
10764	2	30
10765	3	30
7049	2	20
7199	1	20
7258	2	20
8176	1	5
5492	1	56
5493	2	56
8842	1	60
8843	2	60
9468	2	56
9469	1	56
10713	1	56
10714	2	56
8898	1	30
8002	1	42
8003	2	42
8004	3	42
8005	4	42
8006	5	42
4468	2	30
4497	1	20
4508	1	20
2548	1	30
9224	1	30
988	1	100
1664	1	24
2573	2	10 x 2ml
4738	1	30
5313	3	10 x 25ml
5427	1	20
5429	4	20
8145	2	5 x 2ml
8224	2	100 x 2ml
8249	2	50
9133	2	100
9552	3	5x25ml
10791	1	30
10877	4	20
10878	1	20
10186	1	20
10204	2	20
8794	2	20
10396	1	10
7087	1	30
7088	2	30
9025	1	30
9026	2	30
9067	1	30
9068	2	30
9898	2	30
9899	1	30
4267	1	30
5439	2	100
5440	2	20
5739	2	100
573	1	20
6441	2	20
8973	1	30g
7703	2	20g
9781	3	6
10297	4	10
10298	5	15g
8596	2	20g
8597	3	10
9120	1	30g
10236	1	30g
10425	1	10
10248	1	10
2638	1	40g
2639	2	40g
1169	1	20g
5569	1	50g
9346	3	5x2ml
9347	1	5x2ml
9348	2	5x2ml
8157	1	60
8158	1	30
3427	1	30
6927	1	15
5878	1	60
9608	2	60g
2361	1	30
8290	1	60
9438	2	30
8886	1	30
3195	3	30ml
3196	4	30
4284	5	30
8031	4	90
10158	6	40
10968	4	30
10969	4	90
1001	1	100
1002	2	100
1651	1	60
1652	2	60
4874	1	50
4875	2	50
10132	1	30
10177	2	30
6516	2	30
7573	4	14
480	1	30
481	2	30
978	1	30
1610	2	30
4249	1	30
4260	2	30
9925	2	14
9926	1	28
10970	1	30
10971	2	30
3027	1	28
11045	1	Germany
4078	1	30
4079	2	30
4693	3	30
4694	1	30
4695	2	30
5039	1	30
5041	2	30
5181	2	30
5192	1	30
5506	1	30
5507	2	30
5951	1	100
5957	3	30
6308	1	30
6309	2	30
7838	3	28
8767	2	30
8768	1	30
3686	1	30
10778	1	30
10973	1	30
11030	1	30
9901	1	1x20ml
9465	2	28
9466	3	28
9467	1	28
9853	1	30
9968	3	30
1606	2	14
4268	1	30
4269	2	30
4696	1	30
4697	2	30
5397	1	30
6553	2	30
6715	1	30
8769	1	30
10437	1	30
6338	1	30
6339	2	30
4321	1	30
5516	1	30
5518	2	30
1858	1	28
3531	1	30
5074	1	30
5266	1	30
5585	1	28
5586	2	28
5695	1	30
6407	2	30
6471	1	30
7243	1	30
7273	2	30
7274	1	30
7330	1	30
7331	2	30
7347	2	30
7570	2	50
7746	1	50
8570	2	30
10779	1	30
10780	2	30
10835	1	10x10ml
6681	2	30
6682	3	30
7167	1	30
10773	5	30ml
2688	1	30
3717	1	28
4311	1	30
4312	2	30
5285	1	20
5286	2	20
10278	1	28
10279	2	28
2968	4	28
2969	2	28
3045	6	28
3055	5	28
3094	1	30
3631	6	28
3692	1	50
4250	1	30
4251	4	30
4252	3	30
4253	7	30
4254	2	30
8364	2	30
3819	2	100
3820	3	100
4275	2	30
4276	3	30
4277	1	30
4578	2	1,000
5171	2	30
5173	3	30
6714	2	30
321	1	30
322	2	30
1642	1	28
1643	2	28
1644	3	28
5229	1	30
5236	2	30
4263	1	30
4264	2	30
4265	3	30
4266	4	30
5396	4	28
5404	2	28
5405	3	28
5669	3	30
5670	4	30
6340	2	30
6480	3	28
6481	2	28
7171	4	30
7172	3	30
7244	4	28
7710	2	28
7711	3	28
7712	4	28
10883	2	28
10884	3	28
10885	4	28
5282	2	28
9850	1	28
4278	1	30
1641	1	28
3530	1	28
5615	1	30
5616	2	30
6262	3	30
5576	4	30
5577	3	30
7547	1	28
5729	1	30 
5730	2	30
5880	1	30
5881	2	30
5882	3	30
5883	4	30
6836	1	30
10139	2	30
10140	1	30
10141	3	30
10142	4	30
8130	1	30
8131	2	30
8132	3	30
8133	4	30
9678	1	30
9679	2	30
4745	1	30
5244	2	30
5329	1	30
6845	1	28
6846	2	28
7173	1	30
10943	1	30
10944	2	30
6477	1	30
6855	2	30
7045	1	30
7046	2	30
7063	1	30
7064	3	30
7065	2	30
7889	1	30
7890	2	30
7891	3	30
7934	2	28
7972	4	30
8815	1	28
8816	2	28
6222	1	30
6223	2	30
7333	1	30
7337	3	30
7338	2	30
7389	2	28
7390	1	28
7603	2	30
7675	1	30
9070	1	30
9071	2	30
9265	1	28
9266	2	28
9294	2	30
9295	1	30
10586	1	30
10587	2	30
10871	1	28
10872	2	28
1381	1	28
1382	2	28
3388	2	28
3392	1	28
6822	2	30
6823	1	30
10109	3	30
10110	2	30
10111	1	30
2265	1	28
2308	2	28
5077	1	30
5078	2	30
9589	2	28
6576	1	28
6577	2	28
6578	3	28
6764	2	28
6765	3	28
6766	1	28
9794	3	28
9795	2	28
9796	1	28
7841	1	28
7842	2	28
9567	1	28
9568	2	28
4645	1	30
5475	2	30
6847	1	30
6848	2	28
6849	3	30
7082	1	28
7174	1	30
9286	1	30
9287	2	30
10945	1	30
10946	2	30
6478	2	30
6572	1	30
6573	3	30
6574	2	30
6854	3	30
7892	1	30
7893	2	30
7894	3	30
7895	5	30
7896	4	30
7935	2	28
7936	3	28
8353	1	30
8354	2	30
8357	4	30
8817	1	28
8818	2	28
8819	3	28
6224	1	30
6225	2	30
7386	2	28
7387	3	28
7388	1	28
7604	3	30
7674	1	30
7676	2	30
8512	1	30
8513	2	30
8514	3	30
9267	1	28
9268	3	28
9349	2	28
10528	1	30
10529	2	30
10588	1	30
10589	2	30
10590	3	30
10873	2	28
10874	1	28
3385	1	28
6017	2	28
6018	1	28
10112	1	30
10113	2	30
2326	1	28
5812	1	30
7411	1	28
7412	2	28
7413	3	28
7414	4	28
9964	1	28
9965	2	28
9966	4	28
9967	3	28
7843	1	28
7844	2	28
9803	1	28
9804	2	28
7311	1	30
7314	2	30
8032	2	30
8033	1	30
8584	2	30
9363	2	28
9364	1	28
9801	1	30
10223	2	30
10349	2	30
10350	1	30
7408	1	28
7409	2	28
7410	3	28
9961	2	28
9962	3	28
9963	1	28
6461	1	28
6462	2	28
7479	1	28
7481	3	28
7482	4	28
6817	1	30
6818	2	30
10245	3	30
10246	1	30
10247	2	30
7226	1	30
7227	2	30
8232	4	28
8233	1	28
8234	2	28
8235	3	28
7762	1	28
7763	2	28
7764	3	28
7765	4	28
7766	5	28
8447	1	28
8448	2	28
8449	3	56
3898	1	28
3899	3	28
3900	2	28
4371	1	30
4372	2	30
4373	3	30
4674	1	30
4675	2	30
4676	3	30
6727	1	30
6728	2	30
6729	3	30
7169	2	30
7170	3	30
3571	1	30
3579	2	30
4338	3	30
4339	2	30
4340	1	30
9005	1	28
9006	2	28
3563	2	30
3564	1	30
3894	2	30
3895	1	30
4718	1	30
4719	2	30
4720	3	30
5075	1	30
5076	2	30
5224	2	30
5225	3	30
5226	1	30
5267	2	30
5268	1	30
5269	3	30
5486	1	30
5487	2	30
5587	1	30
5588	2	30
5863	3	30
5989	3	30
6092	1	30
6093	2	30
6094	3	30
6130	1	30
6131	2	30
6132	3	30
6188	3	30
6354	2	30
6355	1	30
6356	3	30
7017	3	30
7018	2	30
7042	1	30
7043	2	30
7044	3	30
7115	2	30
7116	1	30
7177	2	30
7490	3	30
7525	1	30
7526	3	30
7569	2	30
8307	3	30
8485	3	30
8486	2	30
8509	2	30
8510	1	30
8660	2	30
9199	1	30
9200	3	30
9234	4	30
10174	3	30
10175	2	30
10484	3	30
10576	1	30
10577	2	30
10578	3	30
10579	4	30
1711	1	28
1712	2	28
1713	3	28
3990	1	30
4094	2	30
5484	1	30
5485	2	30
5565	4	28
5761	4	30
6301	3	30
6302	1	30
6303	2	30
6342	1	30
6343	2	30
7037	2	30
7038	1	30
7384	2	30
7496	1	30
7497	2	30
7498	3	30
7724	4	30
7767	3	28
7768	2	28
7769	1	28
7861	1	30
7862	2	30
8118	1	30
8119	2	30
8462	1	30
9609	1	30
9610	2	30
6100	1	28
6101	2	28
9745	2	30
10357	1	30
5376	1	30
6409	1	30
8403	1	30
3367	5	30
5811	2	30
5856	3	30
7184	4	30
7727	3	30
10547	3	30
10580	5	30
8444	1	50
9353	1	120
5252	1	30
5278	1	30
9063	1	28
10814	1	30
8541	1	1x1ml
8542	1	2x1ml
9064	2	28
9065	1	28
7510	1	30
9160	1	30
9161	2	30
7947	1	28
8312	1	30
8313	2	30
8686	1	30
8687	2	30
8688	3	30
10190	3	30
10191	1	30
10192	2	30
10635	1	30
10636	2	30
8034	4	30
8035	1	30
8721	1	28
8722	2	28
8723	3	28
7729	1	20ml
7869	2	20g
4646	3	30g
9877	1	30g
7332	1	30g
8273	1	20g
8418	1	12ml
2612	1	30g
9496	3	100ml
9878	1	30g
4313	1	30g
4318	2	30ml
6453	2	15g
2886	1	30g
6978	1	7.5g
2705	1	3ml
2801	4	30ml
2802	3	30g
3902	1	3ml
4067	2	30g
6968	5	6.6ml
9400	5	6.6ml
4362	1	15g
4714	1	15g
6385	2	15ml
7156	1	15g
10122	1	15g
10202	2	15ml
3903	1	2.5ml
8594	1	2.5ml
9157	1	2.5ml
10646	1	2.5ml
2748	1	30g
9166	2	10ml
4423	1	20
856	2	14
4361	2	14
4715	2	14
5589	2	30
7155	2	7
8341	2	15
4568	1	20g
4641	1	15g
6367	2	250g
4610	1	30g
4621	2	10g
7558	3	14ml
10168	4	40g
259	1	100ml
4499	2	60ml
1499	4	30g
3992	3	30g
7220	4	30g
7543	4	30g
1372	1	30g
1373	2	30g
9504	2	20g
5211	1	15g
5303	1	7.5g
6220	1	30
10120	1	30g
9045	1	35g
9907	2	25g
164	4	15ml
1636	1	50ml
9843	1	50ml
9953	2	30g
4481	3	120ml
4567	1	20g
4600	1	15g
8081	1	30g
6872	2	30g
4523	1	20g
4634	1	15g
2747	1	20g
2753	2	10g
4618	4	15g
7321	3	150ml
9022	5	9.4g
1088	2	15g
1089	1	15g
1440	1	15g
1548	1	15g
4400	1	15g
5499	2	30g
5500	1	30g
7095	2	15g
7531	1	30g
8191	2	20g
8192	1	20g
9445	3	15g
8807	1	15g
1163	1	50g
1164	1	500g
9179	1	500g
9180	1	50g
4397	1	20g
4632	1	12g
9919	1	12g
771	1	60g
772	2	10
9320	3	50g
585	1	2g
4287	1	2g
5298	1	10g
10093	1	10g
5783	1	12 x 250mg
9686	1	5g
8870	1	5g
3698	2	1 x 30g
7560	3	30g
4431	1	15g
5027	1	15g
8931	2	30g
8932	1	30g
8933	3	30g
8996	4	30ml
2800	1	30g
508	1	30ml
611	2	30g
612	4	30g
4684	2	15g
8560	3	30g
4417	1	15g
3559	1	30g
6027	1	30g
6905	1	15g
7094	3	30ml
7539	1	30g
7897	3	60ml
9261	3	30ml
9530	3	30ml
10136	1	30g
10967	2	30g
8017	2	20g
10363	2	20g
10364	1	20g
9441	1	30g
9488	2	30g
8052	1	30g
4898	1	15g
6696	2	40g
6697	1	40g
9351	1	30g
9352	2	30g
10490	2	40g
10491	1	40g
4505	1	15g
4613	2	30g
8030	3	15g
1527	1	15g
7969	3	30g
1087	4	15g
4688	6	15g
6014	4	15g
7263	7	30g
7532	4	15g
8193	4	20g
7687	1	30g
9870	1	15g
3444	4	20g
4411	3	20g
5504	1	40g
8156	1	30g
8563	2	30g
3526	1	30g
5239	3	30g
759	1	20g
10366	1	20g
4903	1	250ml
4904	1	500ml
7264	2	350ml
7718	2	350ml
8365	1	500g
3605	3	500ml
3611	2	1 x 40g
5954	1	500ml
8250	1	120ml
8251	1	1000ml
8757	4	55g
9029	5	500ml
4559	1	20ml
4532	1	20ml
4488	1	120ml
4490	1	120ml
4492	3	120ml
4494	4	120ml
4590	1	75ml
4591	3	75ml
4592	4	75ml
4594	2	75ml
3414	1	30g
4367	4	50ml
4368	2	50ml
4369	6	50ml
7494	1	30g
9215	1	30g
3415	2	30g
8652	1	30g
10938	1	30g
10939	3	30g
8928	1	30g
4467	1	40g
5095	1	30g
7660	3	30g
7661	2	30g
9061	1	30g
10671	2	30g
3694	2	60g
3695	1	60g
9343	1	23.3g
5235	2	30g
6240	2	45g
6336	1	30ml
6390	2	30g
7825	2	30g
8380	1	30ml
8381	2	30g
2767	1	100ml
4414	2	120ml
4439	1	60ml
7875	3	30g
6337	1	10g
6400	1	25g
6979	1	20g
9330	2	30g
8014	1	25g
10365	1	30g
3976	3	30
3977	1	30
3978	2	30
4075	4	30
5114	5	30
5482	1	10
5483	2	10
8593	2	30
8724	2	30
8725	5	30
10451	3	30
10452	1	30
10453	2	30
10454	5	30
9017	2	30g
9329	2	30g
7630	1	15g
10255	1	2
10623	2	2
10369	1	30g
10370	1	60g
10329	1	40g
2755	1	60ml
5205	2	60ml
6096	2	3 x 60ml
6144	2	50ml
6402	1	3 x 60ml
8274	3	1 x 60g
8275	3	3 x 60g
8451	1	60ml
8953	2	1 x 100ml
10090	2	1 x 100ml
7697	1	30g
7612	2	50g
8411	1	50g
9687	3	30ml
9409	1	30g
9410	1	15g
10290	1	3
3711	1	6
6169	1	12
9769	2	10
6182	1	6
7681	1	1
2579	1	10
7235	1	6
8098	1	6
10852	2	1
1459	1	7
1460	2	3
3268	1	6
7761	1	3
10289	1	6
4315	1	78g
4316	2	3
4317	3	1
4319	4	1
11035	1	6
5071	1	6
6213	2	20 x 5ml
6420	2	10 x 5ml
6421	3	12
9083	4	10
3610	1	500ml
5135	1	6
7183	2	1
2937	1	10 x 1ml
8577	1	10 x 1ml
10838	1	6x1ml
10839	2	6x0.5ml
2936	2	1
5208	1	1
5311	1	10 x 5ml
1301	1	2
1302	1	8
7826	1	2
7827	1	8
3411	1	1 x 0.9ml
3412	2	1 x 5ml 
2905	2	21
9601	2	28 (21+7)
8622	1	21
8684	2	63
544	1	21
6284	2	28 (21+7)
9096	2	28 (21+7)
9108	1	28
9112	1	21
9243	1	21+7
141	1	21
8018	2	1
3920	1	28
9042	1	28
10861		28
7852	1	1
9761	1	1
6561	1	1
8480	1	1
542	3	1ml
8779	1	80g
8270	1	20
2043	2	28
6757	3	18
8225	1	80g (64 doses)
8761	4	25g
9455	1	80g
8360	1	10g
1007	1	6
8664	1	12
2904	1	28
8272	1	1 x 1ml
117	1	30
968	1	30
969	2	15
5332	4	15
5593	2	15
5986	6	80g
6738	6	80g
6739	2	15
6767	5	21
7069	7	10 x 2ml
7253	8	15
7319	3	30
8226	2	15
8616	1	30
8929	1	30
9118	6	80g
9299	9	7
3172	1	20
6664	1	28
10026	1	30
2938	1	30
2012	1	28
2045	2	28
9092	3	28
8269	1	21
2041	1	28
8048	1	3 x 3
8746	1	3 x 1ml
8747	2	3 x 1ml
5612	1	10+10
7178	4	1+1
7179	3	1+2
9269	1	1+1
9270	6	1+1
9356	6	10 + 10ampoules of solvent
9357	1	10 + 10ampoules of solvent
3904	2	10 x 1ml
3905	1	10 x 1ml
509	1	1 x 1ml
4025	2	1 x 1.5ml
5334	3	1 x 0.75ml
5595	4	4 doses
10086	2	1 x 1.5ml
10087	3	1 x 0.75ml
8908	4	1
8909	3	1
10507	4	1
10508	3	1
9920	1	1 x 0.5ml
10975	1	1 x 0.5ml
11021	2	1 + 1needle
11022	1	1 + 1needle
6470	1	1
8292	1	5
133	1	15
138	2	21
545	3	21
7465	2	21
8301	2	21
4596	1	30
6918	1	30
9114	1	28
10313	1	28
6352	1	30
6290	1	10
10143	2	280g
4246	1	30
5792	1	28
5979	2	28
10106	3	28
10474	4	56
9420	1	28
3980	1	30
3981	2	30
9036	1	30
9037	2	30
10333	2	30
10334	1	30
10695	1	30
10696	2	30
10836	1	30
10837	2	30
6401	1	50
7733	1	30
3996	1	4
7261	3	3
7485	2	4
7536	1	4
8531	1	4
8532	1	1
9151	3	6
9387	3	4
9734	3	24
10011	1	4
10012	3	4
10020	4	90
10243	3	4
10244	1	4
10605	3	4
10606	1	4
10608	1	4
4677	1	4
5157	1	4
5583	1	2
5976	1	4
6121	1	4
6163	2	28
6557	2	30
7600	2	30
7698	1	4
7755	1	4
7798	1	4
8036	1	1
8695	1	4
8741	2	30
9244	2	30
9259	1	1
9260	1	1
9340	2	30
9433	2	28
9545	2	30
9936	3	4
9994	1	30
10188	1	1
10335	4	4
10354	3	4
10429	5	4
10562	1	4
10563	3	4
10600	3	4
10798	1	4
10799	2	28
10845	6	14
2708	1	4
6772	2	4
10607	2	4
4608	1	30
1204	1	30
8231	1	30
7291	1	3
7292	2	3
8777	1	4
8778	2	4
3110	3	30
5983	3	100
8306	3	30
8544	3	30
9437	3	60
5087	1	30
5468	1	30
6029	1	30
7316	1	30
8589	1	30
9072	1	30
6344	1	30
6345	2	30
10948	2	30
10949	1	30
10913	1	30
9318	1	30
5546	2	30
5547	1	30
5639	1	28
8070	1	28
8588	2	28
9081	1	28
9317	1	28
9414	1	30
10181	1	30
10692	1	30
2815	2	60
8285	1	2
2014	1	1.5ml
2015	2	1.5ml
5185	1	5 x 1.5ml
7032	2	5 x 1.5ml
9395	1	1 x 1.15ml
9837	6	1 x 1ml
10863	1	1
10864	8	1
6914	4	30
6915	3	30
10205	7	15ml
6583	1	5 x 1ml
10749	1	5
850	1	5 x 1ml
5848	2	1
5849	3	1
7147	2	1
7148	3	1
7149	4	1
7653	1	30
7654	2	30
7655	3	30
8446	1	1 x 0.5ml
11039	1	
521	1	1 x 1ml
522	1	7 x 1ml
8565	3	1 x 2ml
3885	2	100 x 2ml
4291	1	100ml
4292	3	30
7159	1	100ml
8279	2	10 x 2ml
9014	4	10
9289	2	100x2ml
9693	5	50x1ml
9694	2	1x2ml
10206	2	100x2ml
416	10	1 x 1ml
417	12	1 x 2ml
439	1	1 x 1ml
441	5	1 x 8ml
442	6	1 x 16ml
5497	1	1
5498	4	1
6904	6	1
7406	1	1 + 1Ampoule of solvent
7868	5	10
8744	1	1
9411	1	1
9884	3	10
9885	1	10
6028	1	100ml
7041	1	120ml
9732	1	100ml
4459	1	30
4460	3	40
4461	2	20
4462	4	20
4664	3	40
4666	2	20
4667	1	30
4668	4	20
7077	1	3 x 1ml
10830	4	1x1ml
437	2	1 x 2ml
2645	4	25
2647	1	50
7427	1	1 x 2ml
8254	1	100 x 2ml
9729	1	10
11051	1	Czech Republic
8120	1	20
8121	2	10
10752	1	90ml
1309	1	100
1310	2	100
1311	3	100
1312	4	100
7327	3	100
4710	1	30
8903	1	30
8904	2	30
8905	3	30
9858	1	50
2028	1	1 x 2ml
10639	2	1
5742	1	28 doses
10323	1	28 doses
10866	1	30
9973	2	1ml
10027	1	5 x 1ml
7430	1	28
7431	2	28
7432	3	28
9486	1	28
9487	3	28
1665	2	10
2503	1	14
2768	2	15
4466	2	10
6955	2	28
9938	2	10
7284	1	28
4560	1	1,000
4562	1	300
7158	1	20
7329	1	10 x 5ml
7824	1	1
4579	2	12
4580	1	60ml
2139	5	25
2140	6	25
3882	4	1,000
4469	4	200
4561	4	1,000
4573	4	20
4574	2	60ml
4575	1	60ml
4637	1	60ml
4643	2	60ml
4644	3	16
893	1	500
899	1	1,000
1479	1	12
2137	8	25
2924	3	100ml
3881	1	500
4507	3	60ml
4518	5	60ml
4604	3	60ml
4615	1	20
4626	3	100ml
5044	8	10
5719	1	250
6999	3	100ml
7598	8	10
7669	1	500
9146	2	16
9147	6	16
8639	2	25
8640	1	25
730	10	20
731	5	100ml
733	6	100ml
790	6	100ml
792	11	20
793	12	14
806	8	70ml
1104	12	14
1105	8	70ml
1106	7	70ml
1129	5	100ml
1130	6	100ml
1131	10	20
1132	11	15
1475	10	20
1478	11	20
1853	11	16
1854	6	100ml
1855	12	14
3944	3	100
3974	8	70ml
5094	8	70ml
5384	9	75ml
5545	12	12
5633	3	10
5904	3	10
6024	3	25
6251	9	100ml
6351	12	14
6457	11	20
6988	8	70ml
7025	9	100ml
8322	11	20
8412	3	1
8736	3	1 x 20ml
8820	12	14
8838	13	18
8919	12	14
9367	8	70ml
9849	11	20
10271	5	100ml
10272	6	100ml
10280	8	70ml
10421	3	50
10860	9	100ml
10922	14	12
6138	2	1
6288	2	1
6475	2	10
6781	1	1
6782	2	1
8609	2	1
8706	2	1
9982	2	1
10422	2	1
1671	1	16
3572	6	500
6602	1	60ml
6603	4	12
2263	1	25
3943	1	100
6283	1	1
1498	2	100ml
1503	5	20
1658	5	12
1659	2	60ml
8620	5	12
8621	4	12
4092	1	1
2267	1	25
2268	2	25
618	1	10
622	3	50ml
1394	4	1
1395	5	10
1842	4	1
2272	4	25
2273	6	10
2334	4	1
5382	5	14
5774	5	10
5828	5	12
5944	5	10
5966	4	10
6012	2	50ml
6719	5	10
6730	2	50ml
9240	4	1
9632	4	10
9633	6	10
1820	1	75ml
6529	1	60ml
6530	5	60ml
6604	3	10
6605	2	10
6422	4	50ml
7242	4	100ml
1660	2	1
1850	2	1
2266	2	25
3354	2	1 x 4ml
9132	2	50
5717	2	10
6465	3	10
6505	2	10
9129	2	50
755	3	10
1570	3	1 x 10ml
1571	3	1 x 3.5ml
1617	3	1
1618	2	1 x 2ml
2271	3	25
2332	3	1 x 10ml 
3263	3	1 x 3.5ml
5201	3	1
5202	2	1
5716	3	10
6784	3	1 x 10ml
6785	3	1 x 3.5ml
6786	2	1
6787	2	1
6891	2	10
6892	3	10
6912	3	50
7617	3	1 x 10ml
7618	2	1
7779	3	1 x 10ml
7818	3	1 x 3.5ml
7819	2	1 x 2ml
7923	3	1 x 3.5ml
8518	3	10
8519	4	10
9127	3	50
9144	3	1 x 10ml
9696	3	1+1
9697	5	1+1
10075	3	1+1
10928	3	1+1
10929	3	1
10930	3	10
10931	3	1 x 10ml
10932	3	1 x 3.5ml
11034	2	1
8876	1	1 x 10ml
753	1	30ml
754	2	60ml
1062	1	30ml
1122	3	6
1123	4	6
1124	2	60ml
1682	1	30ml
1726	2	60ml
1727	4	5
3590	4	6
3591	2	60ml
5245	1	30ml
5696	4	6
5697	3	8
5763	4	10
6122	2	60ml
6512	2	120ml
6853	4	5
7677	4	5
7837	3	14
8877	3	6
8879	1	30ml
8880	2	60ml
9039	3	8
10647	1	60ml
760	3	10
761	4	50ml
2909	2	10
2910	1	100ml
3777	5	50ml
3987	2	10
8617	2	10
9009	1	100ml
3560	1	40ml
3561	1	80ml
3851	3	10
7910	1	100ml
8227	1	50ml
8340	3	10
8839	3	10
8840	1	80ml
8841	1	40ml
5383	3	20
9603	1	10
5276	1	1 x 10ml
5277	2	1 x 10ml
5658	1	1
5659	2	1
8090	2	10
9332	2	1
9443	2	1
6513	2	1
6542	2	10
6893	1	1
6894	2	1
6997	2	10
7021	2	1
7198	2	10
8142	2	10
8143	1	10
9134	2	1
9625	2	1
10097	2	3
10187	2	10
10189	1	10
10903	2	1
10904	1	1
10926	1	1
10927	2	1
8181	1	1
10994	1	1
5626	1	1
6254	1	10
6776	1	10
7020	1	1
9130	1	1
9886	1	5
10096	1	10
10071	1	10
8912	1	10
1679	1	100ml
1681	2	10
4392	4	20
4393	1	100ml
4584	2	1,000
4585	2	20
4614	1	100ml
4413	1	16
1765	2	10
1766	3	16
1556	1	14
1557	2	14
1860	1	14
1861	2	14
4390	1	14
5330	1	14
5331	2	14
5967	4	60ml
6047	5	100ml
6410	2	14
6963	6	7
7168	1	14
9578	3	1 x 15ml
9579	2	14
9580	6	7
9581	4	60ml
9582	5	100ml
808	3	6
1362	1	15ml
1363	3	6
1720	3	6
1721	1	15ml
1722	2	22.5ml
1835	3	6
4258	3	6
4259	1	15ml
4261	2	22.5ml
5206	3	6
5207	1	15ml
5590	1	30ml
5617	3	6
5981	3	6
6947	3	6
7136	2	22.5ml
7358	3	6
7359	6	3
7436	6	3
9513	3	6
9514	6	3
9593	6	3
411	1	16
412	2	16
6404	4	1
8378	1	16
8379	2	16
8751	4	10 x 4ml
10426	1	1x2ml
3156	1	25
2941	1	10 x 2ml
2942	2	10 x 2ml
2739	1	1 x 2ml
6180	1	1 x 2ml
8399	1	1 x 2ml
8745	1	6
10853	1	5x2ml
3594	2	10
4450	2	10
5438	2	10
786	2	10
1139	2	10
1662	2	10
1819	2	10
1840	2	12
2293	4	5 x 100ml
2295	2	10
2322	3	10
3464	2	10
3939	4	1 x 100ml
3956	2	10
4309	1	14
4310	2	14
5310	4	10
5931	4	1 x 100ml
5938	5	10
6307	2	10
7092	5	10
7093	4	10
7898	4	50 x 100ml
7952	2	14
8458	5	1 x 200ml
8991	2	10
9397	4	1 x 100ml
9916	5	200ml
4327	1	14
2974	2	5
4434	2	7
5270	2	7
5271	7	5
5432	2	5
5434	1	1 x 100ml
5436	2	7
5694	1	20 x 100ml
5831	1	1 x 100ml
6059	2	7
6143	7	5
7123	1	1 x 100ml
7195	2	7
7196	7	7
7216	1	1 x 100ml
7233	2	7
7303	2	7
7401	1	1 x 100ml
7402	1	1 x 100ml
7847	2	5
8739	2	7
8740	6	7
8981	1	1 x 100ml
9223	2	7
9426	1	1 x 100ml
9427	3	50ml
9571	1	1 x 100ml
10745	7	5
10746	2	5
10747	2	7
10875	2	7
10876	1	1 x 100ml
2198	1	5
2199	1	7
5222	2	5 x 250ml
6917	1	5
9221	1	7
9656	2	1x250ml
9666	1	7
10222	2	250ml
6473	2	5
4357	1	20
8010	2	10
8397	1	20
9139	2	10
9140	1	20
1630	1	1
5366	1	1
6322	1	1
6323	2	1
6361	1	10
6362	2	10
6406	1	1
7250	1	1
7615	1	1
8774	1	10
8786	2	10
8787	1	10
9669	2	1
10128	2	10
3203	2	1 x 3ml
4057	2	1
5709	1	1 x 3ml
6980	2	1
7985	1	1 x 3.2ml
7986	2	1 x 3.2ml
9228	2	1
9399	2	1
9528	2	10
9644	2	10
10137	3	10
10850	2	30
5195	3	4
998	1	100
7591	1	20
5916	1	1
6215	2	300ml
6216	1	100ml
6460	2	300ml
6844	3	20
8859	3	10
9412	3	10
10475	2	300ml
9924	1	1
9985	1	1
1865	7	1
3588	5	7
4324	5	10
4325	7	1
4326	4	35ml
4735	5	10
4736	7	1
4737	4	35ml
5146	7	1
5309	3	10
5381	7	1
5987	5	7
6030	7	1
7137	7	1
7214	7	2
7249	2	1
7286	7	2
7287	6	10
8613	7	2
8926	3	1
9100	7	1
9101	6	7
9396	3	1 x 100ml
9777	3	1x100ml
9778	2	1x200ml
9779	8	1x50ml
10546	7	1
10561	5	10
10670	7	1
4419	1	16
4420	1	4
6922	1	15
7204	1	4
7205	1	15
5184	2	30
8938	2	30
8939	1	30
9111	3	1
10525	3	1
10910	2	30
9817	2	24
10516	1	14
10517	2	1
6965	2	1
6966	3	1
9470	2	1
9471	3	1
10116	1	1
10985	2	1
10986	1	1
10595	1	1
10238	1	100
511	2	125ml
550	4	35
688	1	5
4285	3	30
4286	4	40
4405	3	25
9448	1	50
9474	4	40
9475	5	40
3404	1	1
10253	1	1
8255	1	15
8256	2	15
5291	1	50
7120	1	10
8763	1	10
9010	1	42
9217	1	10
9218	1	42
7188	1	60
9069	1	60
9819	1	60
10196	1	60
10772	1	1
7342	2	60
7343	1	60
10039	1	60
10074	3	30
5293	2	30
9323	2	30
9821	2	30
9933	2	30
10100	2	30
10591	2	30
4015	1	30
4016	2	30
10133	1	30
10134	2	30
10352	2	30
10353	1	30
10633	2	30
10634	1	30
10688	1	30
10689	2	30
10711	2	30
10712	1	30
10822	2	30
9327	1	30
7339	1	60
7349	1	30
10160	1	30
6443	1	5rotadisks x 4blisters + 1diskhaler device
1602	1	10
4682	1	10
5449	1	10
5759	2	75ml
10380	1	10
9321	1	28
9043	1	28
9322	1	28
9324	1	28
9932	1	28
10057	1	28
9935	1	28
9934	1	28
5164	2	60
7341	2	60
10018	2	60
6445	1	30
7340	2	30
9930	1	30
6446	1	30
10351	1	30
5782	3	60
8067	3	60
7344	1	30
9167	1	30
9931	1	30
9900	1	30
10161	1	30
8304	1	30
9328	1	28
10268	1	28
10303	2	28
10640	3	1
10650	1	40
3272	1	50ml
3273	2	100ml
3274	5	200ml
5788	5	100ml
5789	1	25ml
5790	2	50ml
6299	2	50ml
6631	2	1 x 50ml
6632	5	1 x 100ml
6909	2	1 x 100ml
7073	24	1 x 400ml
7074	5	1 x 200ml
7075	2	1 x 100ml
7076	1	1 x 50ml
7318	2	50ml
9184	2	50ml
9185	1	25ml
9186	5	1 x 100ml
9716	15	1 x 5ml
9717	16	1 x 10ml
9718	17	1 x 20ml
10062	5	1x200ml
10063	1	1x50ml
10064	2	1x100ml
10065	25	1x20ml
10476	15	1x5ml
10477	16	1x10ml
10478	17	1x20ml
10479	17	1x40ml
4029	1	1 x 2ml
6723	1	1
6865	2	1 x 2ml
7283	1	1
8982	1	1 x 1ml
9031	1	1
9032	2	1
9302	2	1x0.5ml
9303	1	1x1ml
6584	1	1 x 0.5ml
9109	2	1 + 1 x 0.5ml
6451	1	1 x 0.5ml + 2needles
8848	1	1 x 0.5ml
6002	2	1
10310	1	1 x 0.5ml
10886	3	1 x 0.5ml
10497	1	1 x 0.5ml
10950	3	1x0.5ml
30	1	1 x 0.5ml
1271	2	30
6466	5	30
6467	6	30
9809	3	1x0.5ml
10277	3	1x0.5ml
3188	1	1 x 0.5ml
32	1	1dose x 1ml
3928	3	0.5ml
8452	1	1
8453	3	1
10584	3	0.5ml
28	1	1 x 1ml
33	2	1 x 0.5ml
5673	4	1 x 0.5ml
9073	5	1x0.5ml
10496	3	1 x 0.5ml
11056	6	China
3951	1	1
8455	2	1
10164	2	10+10
8093	1	1 x 0.5ml
9004	1	1x0.5ml
5950	2	1 x 2ml
6634	3	1 x 1.5ml
10899	4	1dose
31	1	1dose x 0.5ml
8947	2	1+1
8737	1	1 x 0.5ml
5134	2	18ml
8569	3	30
5733	1	1 x 0.5ml
34	1	1 x 0.5ml
10498	2	1 x 0.5ml
5394	1	1 x 0.5ml
8675	2	1
8454	1	1 x 0.5ml
513	2	1
2469	4	1 x 50ml
515	3	1
516	1	1
7587	2	1
8942	1	5vials x 10ml
8943	2	5vials x 50ml
9103	2	1
9104	1	5
9333	2	1
10283	1	1
10785	2	1
10786	1	1
8713	3	5
8714	2	5
8715	1	5
9053	5	5
9054	3	5
9055	2	5
9056	1	5
9583	1	5
10262	2	5
10263	5	5
7579	1	10
7865	1	10
7866	2	1
7867	3	1
6206	8	1 x 50ml
9765	9	1
4083	1	1
5513	2	1
7643	1	1
9444	1	1
10494	1	1
10495	2	1
10989	1	1x20ml
10990	2	1x4ml
10995	1	1x10ml
11007	1	1
11009	2	1x10ml
7978	1	1
6962	1	25
6562	1	5
7068	2	1
9538	3	1
9539	3	4
9540	3	6
10977	3	1
5679	1	1 x 2ml
11012	1	1 x 2ml
7266	1	1
3358	1	1 x 5ml
5327	2	1 x 20ml
8733	4	1 x 20ml
8814	5	20g
5091	1	1
5092	2	1
5680	1	1 x 20ml
5681	2	1 x 100ml
5779	2	1
5798	1	1
5906	2	1
5907	1	1
6970	1	1 x 5ml
6971	2	1
7050	1	1
7051	2	1
7280	1	1
7281	2	1
7443	1	1 x 5.26ml
7444	2	1 x 26.3ml
9211	2	1
10955	2	1
10974	1	1
11010	1	1
11011	2	1
5766	1	60
6393	1	120
7146	1	10
8016	1	120
8479	1	120
9326	1	120
10154	1	1
10167	1	1
10683	1	1
10920	1	1
6497	1	1
9051	1	20
9052	2	20
7452	1	1 x 1ml
2803	1	10 x 5ml
2805	2	1
2813	3	1
5152	4	1 x 1ml
5153	1	1 x 5ml
9212	4	1
6161	1	1 x 10ml
6162	2	1 x 2ml
2511	1	1 x 5ml
6779	1	1 x 5ml
955	2	1 x 5ml
956	4	1 x 25ml
3577	4	1 x 25ml
3578	2	1 x 5ml
5066	1	1 x 50ml
5326	1	1 x 50ml
6650	2	1 x 5ml
6651	3	1 x 16.7ml
6652	1	1 x 50ml
6983	1	1 x 50ml
6984	4	1 x 25ml
6985	2	1 x 5ml
7367	2	1 x 5ml
7368	3	1 x 16.7ml
7369	1	1 x 50ml
7715	2	1 x 5ml
7716	3	1 x 16.7ml
7717	1	1 x 50ml
10166	7	1
10655	4	1 x 25ml
10656	3	1 x 16.7ml
10657	2	1 x 5ml
10959	4	1x25ml
10960	2	1
11001	7	1
1731	1	1 x 2ml + 6ml
1779	1	1 x 2ml + 6ml
1780	2	1 x 0.5ml + 1.5ml
3576	2	1 x 0.5ml + 1.5ml
5866	1	1
5867	2	1
6411	1	1
6412	3	1
6413	2	1
7097	1	1 x 2ml + 6ml
7098	2	1 x 0.5ml + 1.5ml
7099	4	1 x 3ml + 9ml
8734	2	1
8735	1	1
8804	2	1x1ml
8834	4	1x6ml
8835	1	1x4ml
8701	1	1
10672	1	1x6ml
8862	1	5
1732	1	1 x 5ml
5193	1	1 x 5ml
6463	2	1
6464	1	1
6906	1	1
6907	2	1
7554	1	1 x 5ml
9209	1	1
9671	2	1 x 2ml
9672	1	1 x 5ml
10216	1	1x5ml
10217	2	1x2ml
10654	1	1 x 5ml
5956	1	1
10715	1	1
2479	2	1 x 25ml
2480	1	1 x 5ml
6568	3	1 x 10ml
7052	1	1
7053	2	1
7365	2	1 x 25ml
7366	1	1 x 5ml
7726	2	1 x 25ml
10684	2	1
10685	1	1
11020	3	1 x 10ml
10996	1	10
2497	2	1 x 25ml
2498	1	1 x 5ml
6426	2	1
6618	1	1
6653	1	1 x 5ml
6654	2	1 x 25ml
1290	1	1
3952	1	1 x 10ml
2462	1	1 x 5ml
7551	1	1
4041	2	60
5754	2	120
6976	2	10
7294	1	30
7296	2	60
7308	2	120
7396	2	30
7397	1	30
7491	2	60
7884	2	30
8210	1	30
10951	2	180
10952	1	30
10956	1	30
10957	2	60
10958	2	30
4017	1	60
4018	2	60
4019	3	60
10759	2	60
10760	1	60
10761	3	60
10961	4	60
10962	4	30
10963	1	60
10964	3	60
10965	2	60
11004	3	60
11005	2	60
11006	1	60
5120	1	112
6207	2	112
9910	1	28
9911	2	28
9912	3	28
9771	1	30
10165	2	30
6238	1	30
10135	1	30
10728	1	30
10823	1	30
5561	2	30
5562	1	30
7145	2	10
7631	2	30
7632	1	30
10031	1	30
10032	2	30
10564	1	30
10565	2	30
10820	2	30
10821	1	30
7811	2	28
7812	3	28
8836	2	30
10208	1	30
10209	2	30
10210	2	30
6951	1	56
9727	1	60
9728	2	60
9459	1	224
10442	1	28
10443	2	28
10444	3	28
10035	2	30
10036	1	30
8520	1	21
8521	2	21
8522	3	21
10663	1	21
10664	2	21
10665	3	21
9993	1	63
9673	1	14
9674	2	14
9675	3	14
9676	4	14
5897	6	30
6930	7	30
10481	8	30
10482	6	30
10483	7	30
10824	1	70
7999	1	56
8000	2	56
8001	3	56
10317	1	56
10318	2	56
10596	1	30
10597	2	30
11002	1	56
11003	2	56
11014	3	28
10486	1	30
10487	2	30
10488	3	30
10708	1	30
10709	3	30
5319	1	60
8791	2	30
8792	1	30
10007	1	3 x 28
9629	1	30
9630	2	30
9631	3	30
8719	2	30
8720	1	30
8524	2	60
8525	1	60
9659	1	112 (4 Packs of 28)
10293	1	56 (2 Packs of 28)
1492	1	2 x 10ml
1493	2	1 x 50ml
5573	2	1
5574	1	2
9383	2	1 x 50ml
9384	1	2 x 10ml
9385	2	2 x 50ml
10029	1	2x10ml
10030	2	1x50ml
10673	1	2x10ml
10674	2	2x10ml
10809	2	2x50ml
10810	1	2x50ml
8201	1	1
9688	1	1
8899	1	1
8900	2	1
10905	3	1
8053	2	1
9394	2	1+1 bacteriostatic water
9458	2	1
9548	5	1x5ml
10044	6	1
10045	3	1
10211	3	1
10212	2	1
10326	2	1
10327	3	1
10652	3	1
10653	2	1
7629	1	1
7753	1	1
7754	2	1
5502	1	1 x 20ml
7237	1	1 x 20ml
7238	2	1 x 5ml
8331	1	1 x 10ml
8332	2	1 x 4ml
8239	1	1
10033	1	1x10ml
10034	2	1x2.4ml
10358	1	1x10ml
8901	1	1
10381	1	1
10445	2	1
5554	2	1 x 4ml
5555	1	1 x 16ml
6109	2	1 x 4ml
6110	1	1 x 16ml
10249	1	1x16ml
10287	2	1
10324	2	1x4ml
10325	1	1x16ml
10519	2	1x4ml
10520	1	1x16ml
10794	1	2x16ml
10795	2	2x4ml
8492	1	1 x 10ml
8493	2	1 x 10ml
10226	1	1
7938	1	1x10ml
7970	1	1
8498	1	1 + 1Solution stabilizer vial
6655	1	1 x 10ml
6656	2	1 x 50ml
2250	1	1 x 15ml
5888	1	1 x 15ml
6405	1	1x15ml
6469	1	1 x 15ml
6531	2	1 x 45ml
6903	3	1 x 15ml
7670	1	1 x 15ml
7671	2	1 x 45ml
8805	2	1x45ml
8806	1	1x15ml
9016	2	1x45ml
5150	2	1 x 10ml
5837	2	1 x 10ml
5838	1	1 x 20ml
6325	2	1
6326	1	1
6383	1	1
6384	2	1
6455	1	1 x 20ml
6456	2	1 x 10ml
7054	1	1 x 50ml
7483	2	1 x 10ml
7484	1	1 x 20ml
8487	2	1
8488	1	1
9202	1	1 x 20ml
9203	2	1 x 10ml
9210	1	1
10660	2	1
10661	1	1
10953	2	1
10954	1	1
9386	1	1
9477	1	1
9497	1	1
9498	1	1
10159	1	1
10328	1	1
10598	1	1
10687	1	1
10819	1	1
8499	1	1
9172	1	3 x 1
9173	2	3 x 1
9174	3	3 x 1
8338	1	28
10371	1	56
10372	2	56
9831	1	30
9832	2	30
5707	2	5
9300	3	1
2465	1	100
7495	1	30
10583	1	1
10545	1	100
9331	1	1x2ml
7586	2	1
7638	3	1
9152	2	7
9153	1	14
9175	3	120
9176	4	42 (14x10mg/ 7x50mg/ 7x100mg/ 14x100mg)
6318	1	1per one month
6319	2	1 per three months
8731	2	1 per three months
8732	1	1per one month
1646	1	1
5613	2	1
2806	1	7 x 1ml
2810	2	1 x 1ml
2811	3	1 x 1ml
5610	4	7
5611	5	1 x 1
10450	2	30
6863	3	2
10449	3	2
10988	3	2x5ml
5158	1	30
5704	2	28
5889	1	28
5974	1	28
6095	1	30
6969	1	10
8881	1	28
11016	1	30
7960	1	112
9626	1	120
10645	1	112
1356	1	28
5614	1	30
7650	1	30
8049	1	28
8445	1	28
8530	1	28
10916	1	28
11017	1	30
890	1	30
6236	1	30
6546	1	30
6977	1	10
7268	1	30
7306	1	30
7317	1	30
7694	1	30
8050	1	30
11013	1	30
11019	1	30
7440	1	30
7688	1	30
8979	1	30
10599	1	30
6231	1	1+1
6232	2	2+2
9365	2	60
10796	1	120
10966	1	120
10993	1	120
1097	1	1 x 1ml
5343	1	1ml
5344	3	1.6ml
6304	3	5
6305	2	5
7964	1	5 x 1ml
7965	2	1 x 0.5ml
9984	2	5
10355	2	1
10356	3	1
10776	3	5
10777	2	5
7966	1	1 x 0.6ml
10448	1	1
1099	1	1 x 1ml
3426	1	12 x 0.5ml
3447	2	12 x 0.5ml
6335	2	12 x 0.5ml
6468	1	4 x 0.5ml
7150	3	4
9002	9	1x63mcg- 1x94mcg
9003	10	2
10084	3	4
10088	1	12
10723	9	1x63mcg- 1x94mcg
10724	10	2
10867	1	12
10868	2	12
4093	1	15 x 3ml
3400	1	1 x 0.5ml
3401	2	1 x 0.5ml
7276	2	1
9046	3	1
10638	4	4
9272	1	2
10288	2	12
7267	1	1
9917	2	1x5ml
3906	3	100
3907	4	50
5090	4	50
7435	4	50
7644	4	56
10518	2	120
7348	1	100
9983	1	100
2156	1	30
2157	2	30
10499	1	30
10500	2	30
5116	4	60
5117	5	60
8289	1	1 x 15ml
10731	1	1 x 15ml
6201	1	1
8460	2	4 Single dose
6306	1	28
9783	1	30
10373	1	28
7658	1	60
8892	2	30
10526	3	30
7849	1	28
11044	1	30
9000	1	4x10mg- 4x20mg- 19x30mg
9001	2	56
10540	2	56
10541	1	4x10mg- 4x20mg- 19x30mg
8398	1	1
10627	2	2
10628	2	2
10276	1	1
9549	1	1x10ml
9407	1	28
9408	2	28
10629	1	12
10630	1	120
10631	2	28
10374	1	30
10677	3	1
9755	1	4
9756	1	4
9757	2	4
10377	1	4
10397	2	4
10398	1	4
10399	1	4
10410	2	4
4028	1	1
9859	1	1
10266	1	1
9597	1	2 x 0.4ml
9598	3	1 x 0.8ml
9616	1	2 x 0.8ml
9617	1	2 x 0.8ml
9618	4	1 x 0.4ml
9748	1	2
9749	1	2
10085	1	2
6769	1	2 x 1ml + 2alcohol wipes
10281	2	1
10282	1	1
7533	1	1+1
7323	1	1
8788	2	1
9150	3	1
5900	1	1
5901	3	1
5902	4	1
8202	2	4
8441	1	2
10632	1	1
8944	1	Single dose
9550	1	1
10625	1	1
10195	1	2+2alcohol pads
845	1	10 x 5ml
867	3	50
868	2	50
869	4	50
870	5	50ml
7117	3	100
7118	1	100
7119	2	100
7639	7	100
7640	5	100
7641	4	100
7642	6	100
8194	1	100
8195	2	100
8196	3	100
9805	3	100
9806	1	100
9807	2	100
7506	1	100
7404	1	28
5596	3	50
5598	5	1
5599	6	1
8062	4	1 x 0.15ml
8063	5	1 x 0.2ml
8064	6	1 x 0.3ml
8065	7	1 x 0.4ml
8066	9	1 x 0.5ml
8605	7	1
8606	9	1
8607	10	1
6055	1	21
6056	2	21
6057	3	21
6058	4	21
10182	1	21
10183	2	21
10184	4	21
10185	3	21
10725	2	21
10726	3	21
10727	4	21
10997	1	21
10998	3	21
10999	2	21
11000	4	21
11052	1	21
11053	2	21
11054	3	21
11055	4	21
11033		100
10299	4	21
10300	1	21
10301	2	21
10302	3	21
7994	1	14
7995	2	56
10729	2	56
10730	1	14
4305	1	30
4306	2	10
4602	1	30
4603	2	10
57	1	5 x 3ml
59	2	30
530	5	30
767	15	10
796	4	20
797	2	20
798	5	10
1277	5	10
1278	2	20
1402	7	5 x 3ml
1497	21	20
1812	11	10
1822	2	20
1823	5	10
3486	21	20
3984	7	10 x 3ml
3993	10	20
4402	5	20
4595	2	30
5180	21	30
6320	2	20
6586	11	10
6587	7	5 x 3ml
6588	4	20
6591	8	30
6592	6	5
6593	2	20
6594	9	20
6600	21	20
6638	3	9
7594	7	5 x 2ml
7595	5	20
7664	2	20
7665	9	30
7745	14	200ml
7788	12	20
7789	13	20
8069	6	5
8610	7	5
8707	7	10
9288	7	10 x 3ml
9439	7	5 x 3ml
9479	2	30
9889	7	5
10091	21	20
10172	3	10
10173	3	10
10423	11	12
10846	6	12
1837	1	10
1839	2	10
1735	1	20
1736	2	5 x 2ml
10260	2	5x1ml
482	1	20
5065	1	10
9263	1	20
9436	1	60
4698	1	20
5216	7	15
5325	3	30
6300	5	(3x2ml) (3x1ml)
7624	8	6 x 3ml
7659	9	5
8236	5	(3x2ml) (3x1ml)
8237	1	20
9354	6	15
9416	4	6
10859	8	6
1177	6	20
2429	2	2 x 1ml
4458	1	30
4662	1	30
8726	5	10ml
7535	1	20
9544	2	3Vials + 3Ampoules
2344	1	10
2345	2	10
3986	2	10
6313	1	10
6314	2	10
7668	2	10
9627	3	10
9628	4	10
7706	1	10
1564	3	50
1591	5	100ml
3435	1	24
3747	6	40
4456	5	100ml
4597	5	125ml
5734	1	30
5735	6	30
5787	4	32
5914	2	12
6310	7	20
6745	5	100ml
7328	5	100ml
7748	8	6 x 3ml
9523	16	24
9527	11	20x100ml
9914	12	12
9915	13	12
10006	14	200ml
10040	15	10
10294	4	30
10295	5	110ml
10338	17	20
10889	5	100ml
10891	4	32
10892	3	50
10914	5	100ml
11031	18	5x4ml
1137	1	10
7919	1	20
7920	2	20
9823	3	16
10193	4	10
2581	10	12
3086	4	30
4241	7	30
4341	4	30
6248	8	20
6252	1	20
9216	11	1
10073	12	30
3651	2	20
6768	2	5
8508	1	20
10662	1	20
1543	2	20
1575	1	10
7345	5	20
7417	1	20
8812	6	20
9442	5	10
10010	1	20
10376	7	10
10887	1	10
10890	6	20
4240	1	10
1134	1	20
3596	1	50
6663	1	20
8222	1	20
7176	3	10
7246	2	10
8433	2	20
8463	2	30
8464	3	30
8526	2	30
9485	2	30
10427	2	30
10311	1	5
6064	1	28
6065	2	28
6066	3	7
7872	4	28
9097	3	7
9098	2	10
9099	1	10
9281	1	30
9282	2	30
9283	3	7
9682	2	30
9683	1	30
9684	3	7
9742	1	28
9743	2	28
9744	3	7
10015	3	7
10024	3	7
10025	1	28
10070	2	28
10117	1	10
10118	2	10
10213	2	30
10214	1	30
10215	4	30
10348	3	10
10480	3	10
10503	4	28
10504	1	28
10505	2	28
10506	3	7
10666	3	7
10667	2	30
10668	1	30
9960	1	30
5418	1	50
5419	1	20
8649	2	60
571	1	1 x 60g 
10004	1	100g
10005	2	100g
4661	1	30g
3683	1	50g
8314	2	25g
8742	1	1 x 50g
1542	1	30g
6483	1	50g
765	2	5
1403	1	1 x 50g
1725	1	50g
1832	1	30g
8068	1	50g
8461	5	30g
9638	1	50g
10200	4	100g
10201	4	50g
6054	1	20
8869	1	40
9839	2	7
9841	3	7
1151	1	1
6118	4	50g
6119	5	50g
9776	1	40g
2869	1	10 x 5ml
7400	1	10 x 5ml
10828	1	10 x 5ml
9489	1	5 x 10ml
9592	1	5x10ml
9766	1	5 x 10ml
363	1	1
3626	3	2
6645	1	1
7646	2	1
7956	5	1
7957	4	1
8673	5	1
8674	1	1
8822	1	20
10800	2	50
7738	1	20
10156	2	50
10321	3	20
4639	1	12
6623	1	30
7152	1	30
4652	1	20
4653	2	20
7602	3	30
8573	1	30
7305	1	20
6595	1	50
6596	2	50
10080	1	50
10081	2	50
10239	3	10
10240	5	10
10241	6	1
10242	4	5
6675	1	30
6676	2	30
5683	1	30
9148	1	30
974	1	100
975	2	100
4725	2	30
9040	2	28
9041	1	50
6756	1	28
6758	2	28
9460	2	30
9461	3	30
9590	2	28
9602	1	28
10098	1	28
10099	2	28
10163	3	28
10678	3	30
10679	2	30
10680	1	30
10690	2	28
10691	1	28
10923	2	30
10924	1	30
8366	1	40
8692	1	20
10793	1	30
6661	2	1 x 10ml
4453	2	4
5253	2	8
5462	2	4
5542	2	4
8214	2	4
8215	3	4
8216	4	30
8217	1	30
9857	2	4
10079	5	4
6549	1	1
9970	1	1
9971	3	1
9972	2	1
10157	1	1
5791	1	4
7163	1	4
7194	1	4
7576	3	1
8173	4	30
8174	5	30
8175	1	4
8785	3	1
9008	1	4
3999	1	1
4043	2	1 x 100ml
5894	1	1
6982	1	1 x 5ml
7419	1	1
7990	1	1
8015	1	1
8478	1	1 x 5ml
8527	1	1
8925	1	1
9033	1	1
9635	2	1
9818	1	1
10825	2	1 x 100ml
5776	1	4
9768	1	4
1872	1	40
8921	1	1
9731	2	1
10622	1	2
2700	1	10 x 2ml
2731	2	30
554	1	1 x 2ml
5237	1	1 x 100ml
5671	1	1 x 100ml
10485	1	240ml
5238	2	1 x 250ml
7976	2	6 x 250ml
9577	2	250ml
9996	2	250ml
3528	1	25
5048	2	10 x 10ml
8856	2	10 x 10ml
8857	1	10 x 2ml
8865	2	10 x 10ml
8922	2	10x10ml
5962	1	10 x 5ml
5963	2	10 x 2ml
8101	2	5
8102	1	5
9422	3	5
9423	2	5
10225	3	5
8641	1	5 x 5ml
2611	2	5 x 20ml
3940	2	5 x 20ml
6535	3	50ml
6536	1	5 x 20ml
6812	2	5 x 20ml
7405	2	5 x 20ml
10108	2	5x20ml
10921	2	5x20ml
4020	1	20 x 4ml
4021	2	10 x 20ml
4022	3	10 x 20ml
6425	5	25 x 4ml
7000	4	5 x 20ml
9509	3	1x20ml
9510	2	1x20ml
9834	3	5x20ml
9835	2	5x20ml
10755	1	5 x 4ml
10937	1	10x4ml
2735	22	25 x 50ml
2736	13	10 x 5ml
7187	22	20 x 50ml
7742	3	50ml
8252	21	1 x 30ml
8661	4	50x4ml
8662	12	50x3.5ml
8663	11	50x2ml
9622	14	20 x 50ml
9623	22	20 x 50ml
9695	22	1x50ml
9880	22	1x50ml
3863	1	50 x 1.8ml
8743	1	50 x 1.8ml
9689	1	50
7101	1	5 x 10ml
10152	8	5 x 10ml
10275	1	20x10ml
7026	3	100 x 1.7ml
3472	1	50 x 1.8ml
7645	2	50 x 1.8ml
7743	2	5 x 5g
9856	2	5 x 5g
557	5	50 x 1.8ml
7500	5	50
9227	5	50
10008	5	50
10940	5	50
2280	6	10 x 1 ml
2827	5	10 x 1ml
3632	1	60
3633	2	60
3634	3	60
3635	4	60
9389	7	10 x 1ml
7941	1	56
7942	3	56
7943	2	56
8107	13	5 x 2ml
8534	1	56
8535	2	56
4545	1	5
2978	1	10 x 2ml
9205	1	10 x 2ml
5521	1	5
5661	2	5
5662	3	5
9058	5	10
9059	4	10
10001	4	1 x 1.55ml
10002	5	1 x 1.55ml
5047	1	10 x 2ml
197	2	16
6484	2	32
7911	3	16
10400	2	16
10858	4	10
10896	2	30
6374	1	20
6886	1	20
7913	1	20
9698	1	20
10038	1	20
572	2	5 x 2ml
5043	2	5
7918	1	30
7949	4	10
7950	5	10
7951	3	10
8011	2	5 x 2ml
8013	8	30
10019	2	10x2ml
10912	10	10
2085	2	50 x 5ml
7635	1	30
7709	1	10
10857	2	20
196	1	16
1341	19	135ml
1770	9	10
1772	16	10
3371	14	10
3434	11	10
3436	12	10
3740	4	24
4455	17	60ml
4535	4	20
4536	17	60ml
4537	4	500
4616	17	60ml
4617	4	20
4629	13	10
4630	9	10
5768	24	10 x 100ml
5769	22	10 x 50ml
5905	24	50 x 100ml
6347	6	8
6394	8	10
6395	10	10
6396	15	10
6636	24	10 x 100ml
6637	24	10 x 100ml
7307	4	24
7434	4	16
7614	23	10 x 100ml
8092	24	1 x 100ml
8372	24	50 x 100ml
8651	18	100ml
8655	5	24
8658	11	10
8659	14	10
9105	24	12 x 100ml
9369	23	30 x 100ml
9482	23	1 x 100ml
9570	23	100ml
9887	14	10
9888	11	10
9906	25	90ml
9941	4	96
9945	4	24
9946	17	100ml
9947	4	72
9948	2	20
9976	26	12
9977	27	12
9978	28	12
9979	29	10
9980	9	10
9981	16	10
10126	6	8
10127	30	8
10197	4	1000
10198	4	100
10269	4	48
10401	1	16
10441	4	60
10556	6	40
10669	4	100
10750	4	72
10754	23	12 x 100ml
10797	4	60
1157	7	24
1342	9	24
1343	10	24
1709	3	24
1710	5	24
4438	26	10
4572	13	10
7180	24	24
7415	25	10
7611	27	20
8653	16	24
8654	4	24
8685	33	15
8711	34	30
9942	30	48
9943	30	24
10270	15	24
10304	35	16+8
10305	38	24
10438	38	24
10544	36	20
10869	37	30
4624	1	10
6060	1	5
9691	1	10x1ml
10748	1	1
9703	2	2
9704	1	2
7728	1	12
9271	1	6
319	1	3
9542	1	12
9923	1	3
10527	1	6
10492	2	4
10493	1	4
9833	1	1
10428	2	1
9922	1	1
10312	2	3
9492	1	100ml
10046	2	20
52	1	100
103	1	100
9315	2	5 x 5ml
9529	2	50x5ml
10676	2	10 x 5ml
10802	2	1x5ml
1559	1	50
3658	2	30
49	5	50
531	3	50
983	1	100
6597	4	30
6598	2	50
6615	1	50
6953	6	250ml
6677	1	100ml
6678	2	50
6679	3	50
6680	4	50
10119	1	30
53	2	100ml
54	4	100
528	9	50
529	6	100ml
2977	7	40
2979	5	40
2980	3	40ml
2985	1	150ml
2986	8	1 x 4ml
2987	9	30
8138	10	5 x 5ml
8159	9	30
9126	9	30
3265	1	60
4433	2	30
5825	4	21
5826	7	42
5827	1	56
5942	2	30
6099	3	100
6526	5	30
6527	3	30
6528	8	30
6858	2	60
7001	2	30
7269	3	30
7270	8	30
8764	4	30
8765	7	30
8766	1	30
9810	7	30
10538	4	30
10539	1	30
5177	6	60
6271	7	60
6272	8	60
6359	9	60
7010	6	60
7011	7	60
7058	6	60
7059	7	60
7060	8	60
7061	9	60
8484	8	60
10455	6	60
10456	7	60
10509	8	60
6241	2	50
6242	1	50
6311	1	48
6312	2	48
6324	1	50
6327	2	50
6569	2	50
6570	1	50
6620	3	20
6621	2	50
6622	1	50
6635	1	100
6689	1	30
8704	1	90
8705	2	90
9798	2	60
9799	1	60
6721	2	60
6722	3	60
6887	4	120ml
6919	2	100
7350	1	100
7372	2	100
8481	1	60
8482	2	60
8483	3	60
8561	2	100
8562	3	100
8809	1	60
8810	2	60
8811	3	60
9519	6	1x100ml
9520	7	1x100ml
9634	6	10 x 5ml
9822	4	150ml
10148	4	150ml
10535	1	100
10536	2	100
10537	3	100
10790	3	60
5364	1	30
5365	2	30
5387	3	30
5537	2	30
5538	1	30
5896	4	30
6007	1	56
6008	2	14
6164	5	30
6879	1	30
6880	2	14
7346	5	30
7732	5	20
7857	2	20
7858	1	60
7928	1	30
7929	2	30
8223	2	56
8388	5	30
8389	2	60
8390	1	60
8738	5	10
8882	1	56
8883	2	14
9296	1	64
9297	2	14
9298	4	60
9612	5	30
9613	2	30
9614	3	30
9615	1	30
9663	2	30
9664	1	30
7469	1	14
7470	2	56
7471	3	56
7472	4	56
7707	5	5 x 20ml
7708	6	200ml
10847	1	14
10848	4	56
10849	2	56
8347	1	7
8348	2	28
8349	3	28
8350	4	28
8351	5	28
8352	6	28
9845	1	14
9846	2	56
9847	3	56
9848	4	300ml
4376	1	100
1494	1	100
4337	2	20
7228	3	100
10788	3	100
10789	2	20
9122	2	50
9123	1	50
9124	3	50
10532	2	100
10533	4	30
10534	1	100
1167	1	100
4552	1	20
2365	2	30
2366	3	30
5806	4	30
5807	5	30
5808	6	30
9242	1	5x3ml
10978	2	5x20ml
9450	1	28
9451	2	28
9452	3	28
9453	4	28
9767	1	30
10330	2	30
10331	1	30
2281	1	10 x 5ml
4581	2	50
4418	1	20
4457	1	40
2566	1	5 x 1ml
2570	4	1 x 1ml
4424	5	30
4425	3	30
4427	6	30
4428	7	30
9871	3	25
9872	1	5 x 1ml
9913	4	1 x 1ml
9639	2	30
9640	3	30
9641	4	30
1253	1	1 x 1ml
1255	2	1 x 2ml
8783	1	20
5306	1	30
7689	1	60
9854	2	50
9855	1	50
5274	1	30
5335	9	30
5548	4	30
5549	9	30
5784	9	30
5785	1	30
6294	8	28
6295	2	28
6934	2	14
6935	8	14
7014	5	30
7015	6	30
7362	2	30
7363	8	30
7394	2	30
7395	8	30
7680	1	30
8830	1	28
8831	9	28
8998	2	30
8999	8	30
9279	2	30
9280	8	30
9515	8	30
9516	2	30
9541	11	28
1580	1	60
1581	2	60
5795	6	60
5797	8	60
7855	7	30
7856	5	30
7982	6	30
8242	1	60
8243	2	60
8244	3	60
8245	4	30
8382	1	30
8383	1	60
8384	3	30
8385	3	60
8386	8	30
8387	8	60
8515	1	100
8516	2	100
8517	3	100
10686	4	60
10702	1	60
10703	2	60
10706	6	60
3077	1	30
7585	2	30
8575	1	20
10900	1	100
2650	4	20
2669	5	100ml
4070	6	20
4071	8	20
4398	6	20
4399	8	20
5040	8	20
5042	6	20
5520	5	100ml
5522	5	30ml
5523	8	60
5524	6	60
5802	4	60
5958	4	20
6103	6	20
6104	4	20
6105	8	20
7035	6	20
7036	8	20
7352	8	20
7353	9	20
7354	4	20
7355	10	20
7356	7	20
7357	6	20
7429	5	100ml
8260	11	30
8261	12	30
8262	13	30
8263	14	30
8264	15	30
9879	5	100ml
10521	4	20
10522	6	20
10523	8	20
7647	1	30
7648	4	30
9325	6	1+1x2ml
9648	5	30
9649	1	30
9650	4	30
9651	3	30
10430	5	30
10698	1	30
10699	4	30
10906	4	28
10907	1	28
6797	4	1 + 2needles
6798	5	1 + 2needles
6799	6	1 + 2needles
6800	7	1 + 2needles
8894	8	1+ 2needles
8895	9	1+ 2needles
8896	10	1+ 2needles
8897	11	1+ 2needles
9162	2	28
9163	3	28
9164	1	28
10840	4	28
10841	3	28
10842	2	28
10843	1	28
10431	1	28
10432	2	28
10433	3	28
10434	4	28
1629	1	25
2427	2	10 x 2ml
9494	2	10 x 2ml
4623	1	30
4435	1	40
4436	2	40
4364	1	20
10609	2	30
10610	1	30
10947	3	30
2350	1	60
4239	3	30
4322	2	30
4332	1	30
8094	4	30
8095	1	30
8793	1	30
10105	1	60
7003	1	42
570	2	10 x 5ml
3909	3	10 x 1ml
6850	2	10 x 5ml
6995	3	10 x 1ml
8587	3	10 x 1ml
8863	2	5 x 5ml
8864	3	5 x 1ml
10675	2	5 x 5ml
3079	1	20
10844	1	14
5416	2	30
5417	3	30
8106	2	30
8345	1	50
8346	1	20
3376	1	25 x 2ml
10021	3	5x10ml
10022	2	5x4ml
10023	1	5x2ml
10919	1	1x2ml
4401	1	40
4565	1	60
4566	2	50
6589	1	20
6590	2	30
6616	3	30
4242	1	100
4243	2	30
4404	1	50
4406	2	50
4516	1	50
4517	2	30
4519	3	20
1531	2	28
1857	2	20
3949	2	30
4262	2	14
4464	2	14
5275	2	30
1256	1	28
6389	1	30
6895	2	30
5223	1	30
6001	1	30
6003	1	30
6538	1	30
6606	1	30
6607	4	30
6608	6	30
6884	1	30
6885	2	30
7488	1	30
7853	1	30
4355	1	15
5289	1	15
5336	1	20
5464	1	30
5672	2	15
5968	1	30
7371	1	30
8377	2	30
9355	1	30
10319	1	15
11023	1	28
11024	3	7
3180	2	30
1248	1	28
5155	2	28
5623	1	10
5823	1	28
6258	1	30
6358	3	30
7027	1	28
7028	2	28
7029	3	28
7223	1	30
7224	3	30
7225	4	30
7512	1	30
7513	3	30
7609	2	30
8468	4	30
8469	1	30
8470	2	30
8471	3	30
8753	1	30
8754	3	30
10811	1	28
10812	2	28
10813	3	28
3047	1	30
8556	1	30
5088	1	20
5089	2	20
5248	3	20
5877	1	14
8299	2	30
8300	1	30
8823	1	14
8824	2	14
8827	2	30
8828	1	30
8829	3	30
10593	1	50
10594	2	30
7790	2	30
7791	1	30
8342	1	30
8343	2	30
8888	5	28
8889	6	28
9093	6	28
9094	5	28
9499	1	30
9500	2	30
5996	1	28
7996	3	28
7997	2	28
7998	1	28
10524	1	1
885	1	30
6486	2	30
6487	3	30
6488	4	30
6489	5	30
10465	2	30
10466	3	30
10467	4	30
10468	5	30
9007	1	30
3887	1	28
3888	2	28
3889	3	28
3890	4	28
3891	5	28
7514	1	30
7515	4	30
7516	3	30
7517	5	30
7518	2	30
10855	2	30
6197	4	5 x 4ml
8165	2	6 x 10ml
10618	2	10 x 10ml
10933	2	10x10ml
7559	1	100
7878	1	100
9201	1	90
6088	1	30
6089	2	30
7360	1	30
7361	2	30
8096	3	28
8177	4	28
8466	1	30
8467	2	30
8960	1	28
8961	2	28
10419	2	28
10420	1	28
11015	2	28
11018	1	28
5710	4	30
5711	3	30
8491	5	30
8949	2	28
8950	1	28
8951	6	28
10416	2	28
10417	1	28
10418	6	28
11028	1	30
11029	2	30
1241	1	28
5801	4	28
7121	1	30
8419	1	30
8420	4	30
8628	1	30
8796	4	28
8797	1	56
9284	1	56
9285	4	28
2855	1	10 x 1ml
8578	2	10
8459	1	150
9908	1	28
9909	2	25 (11+14)
9362	1	180
5688	1	7
5689	2	7
5690	3	7
10716	4	1
10717	5	1
10718	6	1
10719	7	1
10720	8	1
10721	9	1
10722	10	1
9553	1	28
9554	2	28
9699	3	28
4374	1	60
4721	2	100
4722	1	60
5174	2	100
5175	1	60
5476	3	30
5969	3	30
6387	1	20
7792	3	60
10531	1	60
2476	1	50
4389	2	30
4582	2	20
10460	1	50
2349	1	20
4095	1	5 x 5ml
4097	3	5 x 10ml
3340	1	56
7078	1	56 (4x14)
10227	1	30
958	3	100ml
1191	3	100ml
1685	5	20
1686	4	24
1746	5	20
1747	4	14
2661	3	10x100ml
3483	4	30
4345	1	100ml
4611	5	1,000
4619	1	120ml
5833	3	1 x 100ml
6713	5	20
8402	3	10 x 100ml
9575	1	120ml
5220	2	1
7289	1	30
10375	1	30
9406	2	1
9873	3	6
9874	1	30ml
1350	2	2
1351	1	20ml
6434	3	1
4569	1	45ml
4620	2	50ml
10447	1	4
10514	2	10
10515	2	6
4554	1	4
4633	1	4
4454	1	115ml
4598	1	120ml
4599	2	120ml
10056	1	120ml
4377	1	100ml
4547	2	120ml
8443	3	15ml
1194	6	15ml
10067	2	10ml
10068	4	1 x 10ml
10069	1	1 x 10ml
10123	3	10ml
10291	6	10ml
10651	5	10ml
6726	1	15ml
8975	3	10ml
8976	4	10ml
8978	1	10ml
10153	4	12ml
10203	5	10ml
10894	5	10ml
5915	1	200doses
6946	1	15ml
7877	1	10ml
624	1	120doses
3490	1	120doses
6825	1	120doses
10893	1	120doses
5624	1	100doses
6763	1	120 doses
6834	1	120doses
7806	1	120doses
8362	1	120doses
9600	1	120doses
1781	1	120doses
5234	1	120doses
5980	1	120 doses
6975	1	70 metered doses
4607	1	30ml
9531	2	120doses
5879	7	12+4
9419	6	30
10252	6	10
4270	1	100ml
1210	1	24
1211	2	125ml
2576	7	10ml
8144	11	20
8920	12	15
9360	2	125ml
9361	1	24
7744	7	40
3607	1	125ml
8756	2	50ml
2630	10	30
2634	8	30g
3847	3	20
7142	1	200doses
519	1	200doses
603	2	20ml
1383	3	120ml
1384	1	200doses
3994	3	120ml
4354	5	100
4660	3	150ml
5949	4	20 x 2.5ml
9019	1	200 doses
9842	1	200doses
889	1	60
3393	3	60doses
6249	1	30
5891	1	30
5356	5	120doses 
5357	6	120doses 
5358	4	120doses 
6123	1	30
6124	3	30
6125	6	30 
6126	3	30doses 
6127	6	30doses 
8394	1	60doses
8395	2	60doses
8396	3	60doses
9246	1	60
9247	2	60
9248	3	60
10803	3	60doses
10804	2	60doses
10805	1	60doses
10898	6	120doses 
1595	1	120doses
5250	1	60doses
5984	4	60doses
6157	1	120doses
6073	1	120 doses
10115	1	120doses
7907	1	30 pre-dispensed doses
7908	2	30 pre-dispensed doses
7446	1	120doses
7447	2	120doses
8147	3	120 actuations
8148	4	120 actuations
8149	5	120 actuations
9667	1	60
9668	2	60
6474	2	200doses
7445	2	200doses
2227	1	10ml
5481	3	200doses
6097	1	20 x 2.5ml
8435	1	20 x 2.5ml
10145	1	30doses
7989	1	30
8543	1	60 Puffs
1179	1	200doses 
10897	1	200doses
3621	1	200doses 
5121	2	20 x 2ml
6158	1	200doses
6217	3	20
8782	4	20 x 2ml
8800	2	20 x 2ml
9238	4	20 x 2ml
9239	2	20 x 2ml
10162	5	200puffs (10ml)
637	1	60doses
638	2	60doses
639	3	120doses 
5359	3	120doses 
5360	2	120doses 
5361	1	120doses 
10107	3	120doses 
10179	2	60doses
10180	1	60doses
5924	2	120 doses
5925	1	120 doses
9701	3	120 Doses
9702	1	120 puffs
1878	1	20 x 2ml
1879	2	20 x 2ml
2226	3	200doses 
6120	5	20 x 2ml
8374	2	10 x 2ml
2370	1	30
5625	1	15
5630	2	60doses
9245	3	2x15
7534	1	30
10862	1	7
6080	1	200doses
4563	3	240ml
4636	4	120ml
2127	1	10 x 10ml
4416	2	100
4583	3	10
4593	4	10
7730	1	200ml
7731	2	20
4350	3	8
4351	4	8
4333	1	200ml
4638	1	20
1057	1	28
1058	2	28
4082	3	28
5161	2	30
5970	5	30
5971	6	30
6243	2	30
6293	2	30
6940	3	28
6941	2	28
6942	1	28
6991	3	30
6992	1	30
7047	2	30
7486	3	30
7487	1	30
7770	3	28
7771	1	28
7772	2	28
7864	2	30
8407	4	28
5194	1	1 x 2ml
10817	2	1
10818	3	1
9547	1	30
10144	1	1
10762	1	1
3832	2	125ml
10424	3	10
10643	4	120ml
10768	5	10
4541	5	120ml
4628	6	120ml
9537	1	100ml
7393	1	20
2652	1	100ml
253	1	20ml
7940	3	10
8424	6	100ml
8847	5	100ml
8952	4	20
9183	5	200ml
9358	5	100ml
9454	5	100ml
9505	5	120ml
9860	8	100ml
10648	7	20
10649	3	10
2288	3	30
5143	2	10
5912	1	10
5913	5	150ml
9204	4	20 
10060	6	120ml
4380	2	90ml
3069	2	125ml
4649	2	150ml
4650	1	150ml
5580	3	200ml
1239	1	200ml
1240	3	30
3491	1	100ml
5859	2	100ml
7530	1	200ml
9391	4	10
9739	2	100ml
9740	1	100ml
9741	3	20
10582	2	250ml
10013	3	100ml
6048	1	30
4290	3	20
4295	4	100ml
7285	1	200ml
10681	1	100ml
4370	1	200ml
6835	1	100ml
7909	1	200ml
10124	2	20ml
10125	1	200ml
9624	1	100ml
2289	1	20
3774	2	10
3775	3	10
10296	1	10
2543	3	125ml
3070	5	125ml
3592	6	150ml
4086	8	20
4293	9	100ml
4294	10	100ml
4296	11	60ml
4379	12	90ml
4395	13	16
4396	14	90ml
4564	15	20
4587	16	100ml
4651	5	150ml
5021	18	200ml
5781	19	100ml
7817	21	16
8708	14	90ml
8709	13	16
9989	22	8
9990	23	8
9991	24	8
9992	25	8
10138	12	120ml
10753	26	16
9685	1	10 x 1ml
1352	1	120ml
4540	2	120ml
5241	3	1 x 150ml
6762	4	125ml
10865	1	24
8748	1	30g
4429	1	90ml
9927	2	28
4589	4	20
6113	6	16
6691	1	150ml
3038	1	10 x 2ml
4463	2	120ml
4622	3	20
5390	1	150ml
10058	1	150ml
2521	1	125ml
4586	2	100ml
1852	1	10
3853	1	20
3854	3	100ml
4387	1	20
4388	3	125ml
6013	1	10
8284	2	20ml
8633	2	10ml
8634	1	20
8635	3	75ml
7221	2	200ml
7222	1	28
8657	1	20
8833	1	30
10792	1	30
4288	4	114ml
5647	2	60ml
5648	3	10
6841	1	14
7922	3	10
8404	1	14
9196	2	60ml
9535	2	90ml
10055	2	90ml
10742	2	60ml
11036	2	60ml
11037	2	150ml
11038	2	60ml
4331	1	20
803	1	20
804	2	100ml
1141	1	10
1490	2	100ml
1491	1	20
3570	1	30
3959	1	10
3960	2	100ml
5691	1	10
8405	2	120ml
8406	1	10
9657	1	30
484	1	20
10176	1	30
5292	1	15
5988	2	15
6077	1	10
6078	2	10
6700	3	30
8637	1	15
8638	2	15
10169	2	100
10170	2	10
10171	2	30
5159	1	30
5182	2	150ml
5519	2	120ml
6237	1	30
6388	1	10
6986	2	125ml
7304	1	20
7437	2	150ml
7509	1	30
7562	1	30
8060	1	30
8329	2	150ml
9746	2	100ml
9747	1	10
10743	1	30
10744	2	120ml
10901	2	150ml
9532	1	30
7257	1	20
9940	2	120ml
7502	1	1 x 8ml
8456	2	1 x 6ml
8457	3	1 x 6ml
4061	1	1 x 8ml
4524	1	5g
4635	1	3.5g
7662	1	5ml
10801	2	5g
8323	1	5g
10220	1	5g
7839	1	5ml
8957	2	5g
6692	1	6
7057	1	5g
3382	1	5ml
3963	1	5ml
7932	2	10ml
9918	1	10ml
10059	3	20x0.5ml
11032	1	10ml
9660	2	5ml
5240	2	5ml
9723	2	5ml
9829	2	5ml
8927	1	5ml
6694	1	30 x 0.4ml
6993	2	1
369	1	5ml
5363	1	5ml
8887	2	5g
9764	1	1
2451	1	5ml
7527	1	30
10332	1	5ml
9726	2	3ml
5886	1	5ml
3525	1	5ml
6360	6	5ml
6752	1	5ml
8363	5	5g
9344	4	5g
9345	4	5g
3962	1	5ml
4098	1	5ml
7153	2	5ml
10089	2	5ml
10831	3	7.5ml
3733	1	12 x 1.5ml
10016	1	6x6
973	1	100
8913	1	5ml
10972	1	5ml
9661	1	5ml
9725	1	5ml
9619	1	5ml
9770	1	5ml
579	2	2.5ml
3961	1	5ml
4100	3	5ml
5103	4	3ml
8915	1	5ml
9658	5	2.5ml
9820	7	5ml
10061	6	2.5ml
10942	1	5ml
1292	1	2.5ml
9797	2	30
10542	1	2.5ml
6187	2	3ml
9724	3	2.5ml
8914	4	30 x 0.3ml
10832	1	5ml
7933	1	5ml
3054	1	15ml
7959	1	10ml
9050	1	10ml
10014	1	10ml
3074	3	15ml
2520	1	5ml
7987	1	6ml
6674	3	20 x 0.5ml
8502	1	5ml
8672	4	25x0.5ml
10510	2	10ml
10911	4	25x0.5ml
9621	2	5ml
9662	1	5ml
9677	1	5ml
7555	1	10ml
5199	1	1 x 5ml
5209	1	0.23ml
7420	1	1
10436	1	1
10261	4	30 x 0.4ml
3247	4	15ml
10856	5	30x05ml
3780	1	10ml
9182	2	20
4451		5ml
4245	2	15ml
6754	3	10ml
4513	1	7.5ml
4297	1	10ml
5045	1	10ml
2382	1	10.5ml
8528	2	1 + 1Ampoule 10ml
9607	1	10.5ml
8059	1	10ml
2277	1	10ml
168	1	16g
5725	1	10ml
6753	1	10ml
4631	2	10ml
4612	1	10ml
3790	1	4 x 10ml
3791	2	3 x 10ml
3792	3	2 x 10ml
3793	4	1 x 10ml
3794	5	4 x 5ml
3795	6	1 x 5ml
5860	7	3 x 10ml
5861	8	2 x 10ml
10601	10	1x9ml
10602	11	2x9ml
10603	12	3
10604	13	3
966	1	10 x 5ml
9020	1	10 x 1ml
9021	2	10 x 2ml
8155	1	10 x 2ml
8853	1	2 x 50ml
9169	5	30
9170	6	30
9313	3	28
9314	2	28
9511	2	30
10710	3	28
1161	1	300g
1162	2	454g 
7234	1	300g
9368	2	400g
10915	1	400g
7265	1	180
7310	1	10
7921	2	60
8183	1	180
9413	1	180
9782	1	180
10092	2	90
7251	1	(2x45) 90
7252	2	90 (6x15) 
10979	1	(2x45) 90
10980	2	90 (6x15) 
7596	1	60
518	1	15 x 4ml
2241	1	20
8503	2	1 x 10ml
8504	5	1 x 20ml
6192	2	100
6532	1	2,500ml
6533	2	1,875ml
6534	3	1,250ml
274	1	50 x 5ml
275	1	50 x 10ml
276	1	20 x 20ml
2491	1	10 x 5ml
2492	1	100 x 10ml
4227	1	500ml
4229	1	1,000ml
4231	1	1,000ml
4235	1	100 x 5ml
4237	1	100 x 10ml
4238	1	100 x 20ml
6364	1	100 x 5ml
7185	1	70 x 10ml
9038	1	50 x 5ml
10771	1	1000ml