MoPHCode,Stratum
28,B
30,A2
31,B
32,B
33,B
34,B
49,A2
52,A1
53,A1
54,B
55,A1
57,A1
59,A1
92,B
96,B
103,A2
117,A1
133,A1
138,A1
141,A1
164,A1
168,A1
169,A1
196,A1
197,A1
253,A1
259,A1
272,A1
274,A2
275,A2
276,A2
285,A2
291,A2
292,A1
319,A2
321,A1
322,A1
363,D
369,A1
411,A1
412,A1
416,A1
417,A1
437,A1
439,A1
441,A2
442,B
449,D
465,A1
480,A1
481,A1
482,A1
484,A2
490,B
491,B
508,A1
509,B
511,A1
513,A2
515,B
516,B
518,B
519,A1
521,B
522,D
528,A2
529,A2
530,A2
531,B
542,A1
544,A1
545,A1
550,B
554,B
557,A2
570,A1
571,A1
572,A1
573,A1
579,A2
585,A1
603,A1
611,A1
612,A1
618,A1
622,A1
624,A1
637,B
638,A2
639,A2
688,B
730,A1
731,A1
733,A1
753,A1
754,A1
755,B
759,A1
760,A2
761,A2
765,A2
767,A1
771,A2
772,B
786,A1
790,A1
792,A1
793,A1
794,A1
796,A1
797,A1
798,A1
803,A1
804,A1
806,A1
808,A1
845,C
850,A2
856,A2
867,B
868,B
869,C
870,C
885,A1
889,B
890,B
893,B
897,A1
899,B
955,B
956,D
957,A2
958,A1
966,C
968,A1
969,A1
973,A2
974,A1
975,A1
978,A1
983,A2
988,A2
993,A1
998,A2
1001,A1
1002,A1
1007,A2
1008,B
1009,B
1025,A1
1026,B
1028,B
1037,A1
1038,A1
1039,A1
1057,B
1058,B
1062,A1
1068,B
1069,B
1083,B
1084,A2
1086,A2
1087,A1
1088,A1
1089,A1
1095,A1
1096,B
1097,B
1099,A2
1104,A1
1105,A1
1106,A1
1121,B
1122,A2
1123,B
1124,A2
1129,A1
1130,A1
1131,A1
1132,A1
1134,A1
1137,A1
1139,A1
1141,A1
1151,A1
1157,A1
1161,B
1162,B
1163,A2
1164,B
1167,A2
1169,A1
1177,A2
1179,A2
1191,A1
1192,A1
1193,A1
1194,A1
1204,A1
1205,A1
1210,A1
1211,A1
1239,A1
1240,A1
1241,B
1248,B
1253,A1
1255,A2
1256,B
1260,B
1263,A1
1271,B
1274,A1
1277,A1
1278,A1
1290,C
1292,A2
1301,A1
1302,B
1309,A1
1310,A1
1311,A1
1312,A2
1337,A1
1338,A1
1340,B
1341,A1
1342,A1
1343,A1
1350,A1
1351,A1
1352,A1
1356,B
1362,A1
1363,A1
1369,A1
1372,A1
1373,A1
1381,A2
1382,A2
1383,A1
1384,A1
1385,A1
1386,A1
1394,A1
1395,A1
1402,A1
1403,A1
1415,A1
1416,A1
1433,C
1434,D
1440,A1
1453,A1
1454,A1
1455,A1
1459,A1
1460,A1
1475,A1
1478,A1
1479,A1
1490,A1
1491,A1
1492,E1
1493,E2
1494,B
1497,A1
1498,A1
1499,A2
1503,A2
1510,A2
1511,A2
1523,A1
1525,A1
1527,A1
1531,A2
1542,A1
1543,A1
1544,A1
1548,A1
1551,A1
1552,A1
1553,A1
1554,A1
1555,A1
1556,A1
1557,A1
1559,A1
1564,A1
1570,A2
1571,A2
1575,A1
1579,A1
1580,B
1581,B
1589,A1
1591,A1
1595,B
1602,B
1606,A1
1610,A1
1617,A1
1618,A1
1629,A1
1630,A2
1636,A2
1641,A1
1642,A1
1643,A1
1644,A1
1646,C
1651,A1
1652,A1
1658,A1
1659,A1
1660,A1
1662,A1
1664,A1
1665,A1
1668,A1
1671,A1
1679,A1
1681,A1
1682,A1
1685,A1
1686,A1
1689,A1
1705,A1
1709,A1
1710,A1
1711,A2
1712,A2
1713,A2
1720,A1
1721,A1
1722,A1
1725,A1
1726,A1
1727,A2
1728,A1
1731,D
1732,B
1735,A1
1736,A1
1746,A1
1747,A1
1752,A2
1757,A2
1758,A2
1759,A1
1765,A1
1766,A1
1770,A1
1772,A1
1779,D
1780,B
1781,A2
1800,A2
1801,A2
1808,A1
1809,A1
1811,A1
1812,A1
1819,A1
1820,A1
1822,A1
1823,A1
1832,A1
1835,A1
1837,A1
1839,A1
1840,A1
1842,A1
1846,A1
1847,A1
1848,A1
1849,A1
1850,A1
1852,A1
1853,A1
1854,A1
1855,A1
1857,A1
1858,A1
1859,A2
1860,A1
1861,A1
1862,A1
1864,A1
1865,A1
1867,A1
1869,A2
1870,A1
1872,A2
1877,A1
1878,A1
1879,A1
2010,A1
2012,A1
2014,C
2015,D
2016,B
2017,B
2018,B
2019,B
2023,A2
2025,A2
2028,A2
2029,A2
2036,A1
2038,A1
2041,A1
2043,A1
2045,A1
2085,B
2096,A2
2097,A1
2124,B
2127,A2
2137,B
2139,B
2140,B
2156,B
2157,B
2177,A1
2179,A1
2198,A2
2199,B
2217,E1
2219,B
2220,B
2222,A2
2224,E2
2226,A1
2227,A2
2241,B
2248,A1
2249,A1
2250,B
2251,A1
2263,B
2265,A2
2266,B
2267,D
2268,D
2271,C
2272,B
2273,B
2277,A1
2279,A1
2280,A1
2281,A1
2282,A1
2283,A1
2284,B
2285,A1
2287,B
2288,A1
2289,A1
2293,B
2295,A2
2308,A2
2322,A2
2326,A2
2332,A1
2334,A1
2344,A1
2345,A1
2349,A1
2350,A1
2361,A1
2365,A1
2366,B
2370,B
2381,A1
2382,A1
2417,A2
2418,A2
2419,A2
2420,A2
2421,A2
2423,A2
2426,A2
2427,A1
2429,A1
2451,A1
2462,A2
2465,B
2469,A1
2473,A2
2476,A1
2479,B
2480,A1
2481,A1
2491,A1
2492,B
2497,B
2498,A1
2503,A1
2504,B
2511,A2
2512,A2
2520,A1
2521,A1
2543,A1
2548,A1
2555,A1
2557,A2
2566,A1
2570,A1
2573,A1
2576,A1
2579,A1
2581,A1
2593,A1
2595,B
2596,B
2610,B
2611,A2
2612,A1
2626,B
2630,A1
2634,A1
2638,A1
2639,A1
2640,A1
2645,A1
2647,B
2650,A1
2652,A1
2661,B
2662,A2
2669,B
2688,A1
2695,A2
2700,A2
2705,A2
2708,B
2714,A1
2719,A1
2731,A1
2735,B
2736,A1
2739,A1
2747,A1
2748,A1
2753,A1
2755,A1
2767,A1
2768,A1
2771,A1
2793,A1
2800,A1
2801,A1
2802,A1
2803,E2
2805,B
2806,B
2810,D
2811,D
2813,B
2815,B
2827,A2
2855,A1
2869,B
2871,B
2886,A1
2904,A2
2905,A1
2909,A2
2910,A2
2924,A1
2936,A2
2937,A1
2938,A1
2941,A1
2942,A1
2968,A1
2969,A1
2974,A1
2975,A1
2976,A1
2977,A1
2978,A2
2979,A1
2980,A1
2985,A1
2986,A1
2987,A2
3027,A1
3028,A1
3038,A1
3045,A1
3046,A1
3047,B
3054,A1
3055,A1
3058,A1
3059,A1
3069,A1
3070,A1
3074,A1
3077,A2
3079,A1
3086,A1
3094,A1
3110,A2
3115,B
3116,A1
3119,A1
3121,A2
3156,B
3161,A1
3168,A1
3172,A2
3180,B
3188,A1
3195,A1
3196,A1
3203,A2
3206,B
3247,A1
3263,A1
3265,B
3267,B
3268,A1
3272,D
3273,D
3274,E1
3279,C
3280,D
3281,E1
3340,D
3345,A1
3351,B
3353,B
3354,A1
3356,A2
3358,A1
3367,A1
3371,A1
3376,E1
3382,A1
3385,A2
3388,A2
3392,A2
3393,B
3400,D
3401,D
3404,B
3411,B
3412,C
3413,B
3414,A1
3415,A1
3426,E2
3427,A2
3434,A1
3435,A1
3436,A1
3444,A2
3447,E1
3464,A1
3472,A2
3483,A1
3486,A1
3487,C
3488,B
3489,B
3490,A1
3491,A1
3495,A1
3504,A2
3512,A1
3525,A1
3526,A1
3528,B
3530,A1
3531,A1
3532,B
3539,B
3546,A2
3559,A1
3560,A2
3561,B
3563,B
3564,A1
3570,A1
3571,A2
3572,B
3576,B
3577,D
3578,B
3579,A2
3588,A2
3590,A2
3591,A1
3592,A1
3593,A1
3594,A1
3595,A1
3596,A1
3597,B
3598,B
3599,B
3600,B
3601,B
3603,A2
3604,B
3605,A1
3607,A1
3610,A1
3611,A1
3621,B
3626,E1
3631,A2
3632,A2
3633,B
3634,B
3635,B
3651,A1
3658,A1
3660,A1
3677,A1
3678,A1
3679,A1
3682,A1
3683,A1
3684,A1
3685,A1
3686,A1
3692,A1
3694,A1
3695,A1
3698,A1
3711,A1
3712,A1
3714,A1
3715,A1
3717,A2
3733,C
3740,A1
3747,A1
3748,A1
3749,A1
3754,A2
3755,A1
3757,A1
3758,A1
3774,A1
3775,A1
3777,A1
3780,A2
3781,A1
3790,B
3791,B
3792,C
3793,B
3794,C
3795,B
3819,A2
3820,B
3829,A1
3830,A1
3831,A2
3832,A1
3838,A2
3847,A1
3851,B
3853,A1
3854,A1
3863,B
3881,B
3882,B
3885,B
3887,C
3888,C
3889,C
3890,C
3891,C
3894,A2
3895,A2
3898,A1
3899,A1
3900,A1
3902,A2
3903,A2
3904,D
3905,D
3906,B
3907,B
3909,A2
3915,A1
3919,A1
3920,A1
3922,B
3928,A2
3938,A1
3939,A1
3940,A2
3943,D
3944,D
3949,A1
3951,A2
3952,C
3956,A1
3959,A1
3960,A1
3961,A1
3962,A1
3963,A1
3969,A2
3970,A2
3974,A1
3976,A2
3977,A2
3978,B
3979,B
3980,B
3981,B
3984,A1
3986,A1
3987,A1
3990,A1
3992,A1
3993,A1
3994,A1
3996,A1
3999,D
4015,D
4016,D
4017,E2
4018,E2
4019,E2
4020,B
4021,B
4022,B
4025,D
4028,D
4029,B
4041,E1
4043,D
4048,B
4057,A1
4058,A1
4061,D
4067,A1
4070,A1
4071,A1
4075,B
4078,A1
4079,A1
4082,B
4083,E1
4086,A1
4092,A1
4093,E1
4094,A1
4095,B
4097,B
4098,A2
4100,A2
4103,
4104,
4105,?
4106,?
4107,?
4108,?
4109,?
4110,
4111,
4112,
4113,
4114,
4115,
4117,
4119,
4122,
4124,
4126,
4128,
4130,
4133,
4134,
4136,
4138,
4142,
4144,
4147,
4149,
4151,
4153,
4155,
4157,
4159,
4163,
4165,
4166,
4167,
4169,
4174,
4175,
4176,
4177,
4179,
4181,
4182,
4184,
4187,
4189,
4191,
4192,
4196,
4197,
4198,
4199,
4200,
4201,
4202,
4203,
4204,
4205,
4206,
4207,
4208,
4209,
4211,
4212,
4214,
4215,
4217,
4219,
4221,
4223,
4224,
4225,
4227,
4229,
4231,
4235,
4236,
4237,
4238,
4239,A2
4240,A2
4241,A2
4242,A1
4243,A1
4245,A1
4246,A2
4249,A1
4250,A1
4251,A1
4252,A2
4253,A2
4254,A1
4258,A1
4259,A1
4260,A2
4261,A1
4262,A2
4263,A1
4264,A1
4265,A2
4266,A2
4267,A1
4268,A2
4269,A2
4270,A1
4271,A2
4272,A1
4275,A1
4276,A1
4277,A1
4278,B
4284,A1
4285,B
4286,B
4287,A1
4288,A1
4289,A1
4290,A1
4291,A1
4292,A1
4293,A1
4294,A1
4295,A1
4296,A1
4297,A1
4300,A1
4301,A1
4302,A1
4303,A1
4304,A1
4305,A1
4306,A1
4309,A1
4310,A2
4311,B
4312,B
4313,A1
4314,A2
4315,A2
4316,A2
4317,A2
4318,A1
4319,A2
4320,A1
4321,A2
4322,A1
4324,A2
4325,A1
4326,A2
4327,A1
4331,A1
4332,A1
4333,A1
4336,A1
4337,A2
4338,B
4339,A2
4340,B
4341,A1
4345,A1
4350,A1
4351,A1
4354,A1
4355,A1
4357,A1
4361,A2
4362,A1
4364,A1
4367,A1
4368,A1
4369,A1
4370,A1
4371,A1
4372,A2
4373,B
4374,A2
4376,A1
4377,A1
4378,A1
4379,A1
4380,A1
4387,A1
4388,A1
4389,A1
4390,A1
4392,A1
4393,A1
4395,A1
4396,A1
4397,A1
4398,A1
4399,A2
4400,A1
4401,A1
4402,A1
4404,A1
4405,B
4406,A2
4411,A1
4413,A1
4414,A1
4415,A1
4416,A1
4417,A1
4418,A1
4419,A2
4420,A1
4421,A1
4422,A1
4423,A1
4424,A1
4425,A1
4427,A1
4428,A1
4429,A1
4431,A1
4433,B
4434,A2
4435,A1
4436,A2
4438,A1
4439,A1
4440,A1
4442,A1
4446,B
4447,A1
4448,A1
4450,A2
4451,A1
4452,A1
4453,A2
4454,A1
4455,A1
4456,A1
4457,A1
4458,A1
4459,A1
4460,A1
4461,A1
4462,A2
4463,A1
4464,A2
4466,A1
4467,A1
4468,A1
4469,B
4481,A1
4488,A1
4490,A1
4492,A1
4494,A1
4495,A1
4497,A1
4499,A1
4501,A1
4502,A1
4503,A1
4504,A1
4505,A1
4507,A1
4508,A1
4509,A1
4513,A1
4516,A2
4517,A2
4518,A1
4519,A2
4523,A1
4524,A1
4525,A1
4532,A1
4535,A1
4536,A1
4537,B
4540,A1
4541,A1
4543,A1
4545,A1
4547,A1
4548,A1
4549,A1
4551,A1
4552,A2
4554,A1
4559,A1
4560,B
4561,C
4562,B
4563,A1
4564,A1
4565,A1
4566,A2
4567,A1
4568,A1
4569,A1
4572,A1
4573,A1
4574,A1
4575,A1
4576,A1
4577,A1
4578,B
4579,A1
4580,A1
4581,A1
4582,A1
4583,A1
4584,C
4585,A1
4586,A1
4587,A1
4588,A1
4589,A1
4590,A1
4591,A1
4592,A1
4593,A1
4594,A1
4595,A1
4596,A2
4597,A1
4598,A1
4599,A1
4600,A1
4602,A1
4603,A1
4604,A1
4605,A1
4607,A1
4608,A1
4610,A1
4611,B
4612,A1
4613,A1
4614,A1
4615,A1
4616,A1
4617,A1
4618,A1
4619,A1
4620,A1
4621,A1
4622,A1
4623,A1
4624,A1
4626,A1
4628,A1
4629,A1
4630,A1
4631,A1
4632,A1
4633,A1
4634,A1
4635,A1
4636,A1
4637,A1
4638,A1
4639,A1
4640,A1
4641,A1
4642,A1
4643,A1
4644,A1
4645,A1
4646,A1
4648,A1
4649,A1
4650,A1
4651,A1
4652,A1
4653,A1
4658,A1
4660,A1
4661,A1
4662,A1
4664,A1
4666,A1
4667,A1
4668,A1
4673,A1
4674,A1
4675,A1
4676,A1
4677,B
4680,A1
4682,B
4684,A1
4688,A1
4693,A1
4694,A2
4695,A2
4696,A2
4697,A2
4698,A1
4699,A1
4700,A1
4701,A1
4702,A2
4703,A1
4704,A1
4710,A1
4714,A1
4715,A2
4718,A2
4719,B
4720,B
4721,A2
4722,A2
4725,A1
4728,A1
4729,A1
4730,A1
4731,A1
4735,A2
4736,A1
4737,A2
4738,A1
4745,A1
4747,
4748,
4749,
4750,
4751,
4752,
4753,
4754,
4755,
4756,
4764,
4765,
4766,
4767,
4769,
4770,
4772,
4773,
4774,
4775,
4776,
4777,
4778,
4779,
4780,
4781,
4782,
4783,
4784,
4785,
4786,
4787,
4788,
4789,
4790,
4792,
4793,
4794,
4795,
4796,
4800,?
4801,
4802,?
4803,?
4804,?
4805,?
4806,?
4808,
4809,
4810,
4811,A1
4830,A1
4831,A1
4857,
4858,
4859,
4860,
4864,
4874,A1
4875,A1
4898,A1
4903,A1
4904,A1
5021,A1
5027,A1
5036,A1
5037,A1
5039,A1
5040,A2
5041,A1
5042,A1
5043,A1
5044,A2
5045,A2
5046,A2
5047,A2
5048,A2
5049,A2
5056,A1
5057,A1
5060,A1
5061,A1
5065,A1
5066,D
5071,A1
5074,A1
5075,A2
5076,B
5077,A2
5078,A2
5079,A1
5080,A2
5081,A1
5082,A2
5083,A1
5084,A1
5085,A2
5086,A2
5087,A2
5088,A2
5089,A2
5090,B
5091,B
5092,B
5094,A1
5095,A1
5096,A2
5097,A2
5098,A1
5099,A1
5103,A2
5113,A1
5114,B
5115,A1
5116,D
5117,E1
5120,E2
5121,B
5122,A1
5123,A1
5124,A2
5125,A2
5126,A2
5134,A2
5135,A2
5136,A1
5137,A1
5143,A1
5144,A1
5146,A1
5150,B
5152,B
5153,C
5155,B
5157,B
5158,B
5159,A1
5161,A2
5163,A1
5164,B
5171,A1
5172,A1
5173,A2
5174,A2
5175,A2
5177,A1
5179,A2
5180,A1
5181,A2
5182,A1
5184,E1
5185,D
5186,A1
5187,A1
5188,A1
5189,A1
5190,A1
5191,A1
5192,A1
5193,B
5194,E1
5195,A1
5198,
5199,
5201,A1
5202,A1
5205,A2
5206,A1
5207,A1
5208,C
5209,E1
5210,B
5211,E1
5213,B
5216,A1
5220,A2
5222,C
5223,B
5224,A2
5225,B
5226,A2
5229,A1
5233,A1
5234,A1
5235,A1
5236,A1
5237,B
5238,C
5239,A1
5240,A1
5241,A1
5243,A1
5244,A1
5245,A1
5248,A1
5250,B
5252,B
5253,B
5258,B
5262,B
5263,B
5264,B
5266,A1
5267,B
5268,A2
5269,B
5270,A2
5271,A2
5274,B
5275,B
5276,A1
5277,A2
5278,A2
5282,B
5283,B
5284,B
5285,A1
5286,A2
5289,A1
5291,B
5292,A1
5293,B
5295,A1
5298,A1
5302,A2
5303,D
5306,A2
5309,C
5310,B
5311,B
5312,B
5313,B
5314,B
5315,B
5316,C
5317,B
5319,E2
5325,A1
5326,D
5327,B
5329,A1
5330,A1
5331,A1
5332,B
5334,D
5335,B
5336,A1
5341,A2
5342,A1
5343,B
5344,B
5345,B
5346,B
5356,A2
5357,B
5358,B
5359,A1
5360,A1
5361,A2
5363,A2
5364,A2
5365,A2
5366,A2
5376,A1
5381,A1
5382,A1
5383,B
5384,A1
5385,B
5386,B
5387,A2
5390,A1
5394,B
5396,B
5397,A2
5399,A1
5400,A1
5401,A2
5404,A2
5405,A2
5416,A2
5417,B
5418,A1
5419,A1
5420,A1
5422,A1
5427,A1
5429,B
5432,A2
5434,B
5436,B
5438,A2
5439,B
5440,A1
5449,B
5462,B
5464,A2
5468,A2
5475,A1
5476,A2
5478,B
5481,A1
5482,A1
5483,A1
5484,A1
5485,A1
5486,A1
5487,A1
5489,D
5490,A2
5492,E2
5493,E2
5497,A1
5498,A1
5499,A1
5500,A1
5502,D
5504,A1
5506,A1
5507,A2
5513,D
5516,A2
5518,A2
5519,A1
5520,B
5521,B
5522,A1
5523,B
5524,B
5537,A1
5538,A1
5539,E2
5540,E1
5541,E2
5542,A2
5543,B
5545,A1
5546,B
5547,A2
5548,B
5549,B
5554,D
5555,E2
5561,E2
5562,E2
5565,A1
5567,B
5569,A2
5573,E2
5574,E1
5576,B
5577,B
5580,A1
5583,A2
5585,A1
5586,A2
5587,A2
5588,B
5589,A2
5590,A1
5593,A1
5595,C
5596,B
5598,B
5599,B
5610,B
5611,C
5612,D
5613,D
5614,B
5615,A1
5616,A1
5617,A1
5623,A1
5624,A1
5625,A1
5626,A2
5630,B
5633,B
5639,A2
5644,B
5647,A2
5648,A1
5658,A1
5659,A2
5661,B
5662,B
5666,A1
5667,A1
5669,A2
5670,A2
5671,B
5672,A2
5673,B
5679,B
5680,B
5681,C
5683,A2
5688,B
5689,A1
5690,A1
5691,A1
5693,A1
5694,D
5695,A1
5696,A2
5697,A2
5704,C
5707,E2
5709,A2
5710,B
5711,B
5712,A1
5716,B
5717,B
5719,B
5724,A1
5725,A1
5729,B
5730,B
5733,B
5734,A1
5735,A1
5739,B
5742,D
5754,E2
5758,C
5759,B
5761,A1
5763,A2
5764,A2
5766,B
5768,C
5769,B
5770,B
5771,B
5774,A1
5775,B
5776,B
5779,B
5781,A2
5782,B
5783,B
5784,B
5785,B
5787,A1
5788,E2
5789,D
5790,E1
5791,A1
5792,A2
5795,C
5797,C
5798,B
5801,B
5802,A2
5806,A2
5807,A1
5808,B
5810,A1
5811,B
5812,A2
5823,A2
5825,A1
5826,B
5827,B
5828,A2
5831,B
5833,A1
5837,B
5838,C
5842,B
5843,B
5844,B
5846,B
5847,A2
5848,E1
5849,E1
5856,A2
5859,A1
5860,C
5861,C
5863,B
5866,D
5867,B
5877,A1
5878,A2
5879,A1
5880,B
5881,B
5882,B
5883,B
5886,B
5888,B
5889,B
5891,B
5894,C
5896,B
5897,E2
5900,D
5901,E1
5902,E1
5904,B
5905,C
5906,B
5907,A2
5910,A2
5911,A1
5912,A1
5913,A1
5914,A1
5915,A1
5916,A1
5924,A1
5925,A1
5927,A1
5929,A1
5930,A1
5931,A2
5938,C
5942,B
5944,A2
5948,A1
5949,A1
5950,B
5951,A2
5954,A1
5956,E2
5957,A1
5958,A1
5959,A2
5962,B
5963,A2
5966,B
5967,A1
5968,A2
5969,A2
5970,A2
5971,A2
5974,B
5976,B
5979,B
5980,A2
5981,A1
5982,A2
5983,B
5984,B
5986,A1
5987,A1
5988,A1
5989,B
5990,D
5992,D
5996,B
5998,A1
5999,A1
6001,A2
6002,B
6003,A2
6007,B
6008,A1
6012,A2
6013,A1
6014,A1
6017,A2
6018,A2
6024,B
6025,A2
6026,A1
6027,A1
6028,A2
6029,A2
6030,A1
6031,A1
6047,A2
6048,E1
6054,A2
6055,E2
6056,E2
6057,E2
6058,E2
6059,A2
6060,A1
6064,B
6065,B
6066,A1
6072,B
6073,B
6077,A1
6078,A1
6080,A1
6088,B
6089,B
6092,A2
6093,B
6094,B
6095,B
6096,B
6097,A1
6099,A2
6100,B
6101,B
6103,A1
6104,A1
6105,A2
6109,D
6110,E2
6113,A1
6118,A1
6119,A1
6120,A1
6121,A1
6122,A1
6123,A2
6124,A2
6125,A2
6126,A2
6127,A2
6130,B
6131,B
6132,B
6133,A1
6138,A2
6143,A2
6144,B
6149,A1
6150,A2
6151,A2
6152,A2
6157,B
6158,A2
6161,E2
6162,D
6163,B
6164,A1
6169,A1
6180,A1
6181,B
6182,A2
6187,B
6188,B
6192,B
6193,A2
6197,A2
6201,D
6204,A1
6206,B
6207,E2
6211,D
6212,A1
6213,A2
6215,A2
6216,A1
6217,A2
6218,A1
6219,A1
6220,A1
6222,A2
6223,A2
6224,A2
6225,A2
6231,D
6232,D
6233,A1
6236,B
6237,A1
6238,E2
6239,C
6240,A1
6241,B
6242,B
6243,A2
6248,A1
6249,A1
6251,B
6252,A1
6253,B
6254,C
6255,B
6258,A2
6260,A2
6262,B
6264,A2
6265,A2
6267,A2
6269,B
6270,A1
6271,A2
6272,B
6283,A1
6284,A2
6285,A1
6286,A2
6288,A2
6290,A1
6293,A2
6294,B
6295,B
6299,E1
6300,A1
6301,A2
6302,A2
6303,A2
6304,D
6305,D
6306,E2
6307,A1
6308,A1
6309,A1
6310,A1
6311,B
6312,B
6313,A1
6314,A1
6318,C
6319,D
6320,A1
6322,A2
6323,B
6324,A2
6325,B
6326,B
6327,A2
6335,E1
6336,A1
6337,A1
6338,A2
6339,A2
6340,A1
6342,A2
6343,A2
6344,B
6345,B
6347,A1
6351,A1
6352,B
6353,A2
6354,A2
6355,A2
6356,B
6358,B
6359,B
6360,A2
6361,B
6362,C
6364,A2
6367,A1
6368,D
6370,C
6372,B
6374,A1
6375,A2
6380,C
6383,B
6384,B
6385,A1
6387,A1
6388,A1
6389,A2
6390,A1
6393,D
6394,A1
6395,A1
6396,A1
6398,A1
6400,A2
6401,B
6402,B
6404,A1
6405,B
6406,A1
6407,A2
6408,A1
6409,A1
6410,A1
6411,D
6412,E1
6413,B
6420,A1
6421,A2
6422,A1
6425,C
6426,B
6434,A1
6437,A1
6438,A1
6439,A1
6441,A1
6442,B
6443,B
6445,B
6446,C
6451,A2
6453,A1
6455,C
6456,B
6457,A1
6459,A2
6460,B
6461,B
6462,B
6463,B
6464,B
6465,B
6466,B
6467,B
6468,E2
6469,B
6470,C
6471,A1
6473,B
6474,A1
6475,C
6477,A1
6478,A1
6480,A2
6481,A1
6483,A1
6484,A1
6486,B
6487,B
6488,B
6489,B
6494,A1
6497,E2
6505,B
6512,A2
6513,B
6516,A1
6517,C
6523,C
6526,A1
6527,A2
6528,A2
6529,A2
6530,A1
6531,C
6532,B
6533,B
6534,B
6535,A1
6536,A1
6538,A2
6539,D
6542,D
6544,B
6546,B
6549,A2
6553,A2
6557,B
6561,B
6562,E2
6568,D
6569,A2
6570,A2
6571,A1
6572,A1
6573,A1
6574,A1
6575,A2
6576,A2
6577,A2
6578,A2
6581,A1
6583,C
6584,B
6586,A1
6587,A1
6588,A2
6589,A2
6590,A1
6591,A1
6592,A1
6593,A1
6594,A1
6595,B
6596,A2
6597,A1
6598,A1
6599,A1
6600,A1
6602,A1
6603,A1
6604,B
6605,A2
6606,B
6607,B
6608,B
6615,A1
6616,A1
6618,A2
6620,A1
6621,B
6622,B
6623,A1
6624,A1
6625,A2
6626,B
6631,D
6632,E1
6634,B
6635,B
6636,B
6637,B
6638,A1
6645,C
6649,B
6650,B
6651,D
6652,E1
6653,A2
6654,B
6655,A1
6656,A2
6657,B
6658,A1
6661,C
6663,A1
6664,B
6668,A1
6669,A1
6674,A2
6675,A1
6676,A2
6677,B
6678,A2
6679,B
6680,B
6681,A2
6682,A2
6687,A1
6689,A2
6691,A1
6692,A1
6694,A1
6695,B
6696,A1
6697,A1
6700,A1
6702,A1
6703,A1
6704,A1
6705,A1
6712,A1
6713,A1
6714,A1
6715,A2
6719,A1
6721,B
6722,B
6723,B
6724,A1
6726,A1
6727,A2
6728,A2
6729,A2
6730,A1
6738,A1
6739,A1
6740,A1
6745,A1
6746,A1
6752,A1
6753,A1
6754,A1
6755,B
6756,B
6757,B
6758,B
6762,A1
6763,A1
6764,A2
6765,A2
6766,A2
6767,B
6768,A1
6769,E1
6772,B
6773,B
6775,B
6776,C
6779,A2
6781,A2
6782,A2
6784,A2
6785,A2
6786,A1
6787,A1
6791,D
6797,D
6798,D
6799,D
6800,D
6805,B
6806,B
6812,A2
6814,A2
6817,B
6818,B
6822,A1
6823,A1
6824,A2
6825,A1
6830,A2
6831,A2
6832,B
6833,B
6834,A1
6835,A1
6836,B
6837,A1
6838,A1
6839,A1
6840,A1
6841,A1
6844,E1
6845,A2
6846,B
6847,B
6848,B
6849,A2
6850,A1
6853,A2
6854,A1
6855,A1
6858,B
6860,B
6861,B
6862,E1
6863,E1
6865,C
6867,A1
6868,A1
6869,A1
6872,B
6879,A2
6880,A1
6881,A2
6883,B
6884,A2
6885,B
6886,A1
6887,A2
6890,B
6891,B
6892,B
6893,A2
6894,B
6895,B
6903,A2
6904,A2
6905,A1
6906,B
6907,A2
6909,E1
6912,D
6914,B
6915,B
6917,A1
6918,A2
6919,B
6922,A1
6924,A2
6925,A2
6926,A1
6927,A1
6930,E2
6934,A2
6935,B
6938,B
6939,B
6940,A2
6941,A2
6942,A2
6943,A2
6946,A1
6947,A1
6951,E2
6953,A1
6955,A2
6958,D
6962,A2
6963,A1
6965,D
6966,D
6968,B
6969,A1
6970,B
6971,B
6975,A1
6976,A1
6977,A1
6978,A1
6979,A1
6980,A1
6982,B
6983,D
6984,D
6985,B
6986,A1
6988,A1
6991,A2
6992,A2
6993,E2
6995,A1
6997,D
6999,A1
7000,B
7001,A2
7003,A2
7004,A1
7010,A1
7011,A2
7012,A1
7014,B
7015,B
7017,B
7018,B
7020,A2
7021,A2
7023,B
7025,A2
7026,B
7027,A2
7028,A2
7029,B
7032,E1
7035,A1
7036,A1
7037,A1
7038,A1
7041,A2
7042,A2
7043,B
7044,B
7045,A1
7046,A1
7047,A2
7048,A2
7049,A1
7050,A2
7051,B
7052,A1
7053,B
7054,B
7057,A2
7058,A1
7059,A2
7060,B
7061,B
7063,A1
7064,A2
7065,A1
7068,E1
7069,B
7073,E2
7074,E1
7075,D
7076,D
7077,A2
7078,D
7082,A1
7087,B
7088,B
7091,A1
7092,C
7093,B
7094,A1
7095,A1
7097,B
7098,B
7099,C
7101,B
7115,B
7116,A2
7117,C
7118,D
7119,E1
7120,A2
7121,B
7122,A2
7123,B
7125,B
7126,B
7127,B
7129,B
7130,B
7131,B
7132,B
7136,A1
7137,A1
7142,B
7145,C
7146,A2
7147,E2
7148,E2
7149,E2
7150,E1
7152,A1
7153,A1
7155,A1
7156,A1
7158,A1
7159,A1
7160,C
7163,A1
7167,A1
7168,A1
7169,A1
7170,A2
7171,A2
7172,A1
7173,A1
7174,A1
7176,A2
7177,B
7178,D
7179,D
7180,A1
7183,B
7184,A2
7185,A2
7187,B
7188,E1
7190,B
7193,D
7194,B
7195,A2
7196,B
7197,A1
7198,C
7199,A1
7204,A1
7205,A1
7211,
7212,
7214,A1
7216,B
7220,A2
7221,A2
7222,A1
7223,A2
7224,B
7225,A2
7226,B
7227,B
7228,B
7232,A2
7233,A2
7234,A2
7235,A1
7237,E2
7238,E1
7239,B
7242,A2
7243,A1
7244,A2
7246,A1
7249,B
7250,A2
7251,D
7252,D
7253,A2
7257,A2
7258,A2
7261,A1
7262,A2
7263,A1
7264,A2
7265,C
7266,E2
7267,E2
7268,B
7269,A1
7270,A2
7273,A1
7274,A1
7276,D
7280,B
7281,C
7282,A2
7283,A2
7284,A2
7285,A1
7286,A1
7287,B
7289,A2
7290,A1
7291,B
7292,B
7294,E2
7296,E2
7303,A2
7304,A1
7305,A1
7306,B
7307,A1
7308,E2
7309,A2
7310,A1
7311,A2
7314,A2
7315,A2
7316,A1
7317,B
7318,D
7319,B
7320,A1
7321,A2
7322,A1
7323,E2
7327,A1
7328,A1
7329,D
7330,A1
7331,A2
7332,A1
7333,A2
7337,A2
7338,A2
7339,C
7340,D
7341,C
7342,C
7343,B
7344,D
7345,A2
7346,A2
7347,A2
7348,D
7349,C
7350,B
7352,B
7353,A2
7354,A1
7355,A1
7356,A1
7357,A2
7358,A1
7359,A2
7360,B
7361,B
7362,B
7363,B
7365,A2
7366,A1
7367,B
7368,C
7369,D
7371,A1
7372,B
7373,D
7374,E1
7375,E1
7376,D
7377,E2
7378,E2
7379,E2
7381,E1
7383,E1
7384,A2
7385,A1
7386,B
7387,B
7388,A2
7389,B
7390,A2
7393,A2
7394,B
7395,B
7396,D
7397,E1
7400,B
7401,B
7402,A2
7404,D
7405,A2
7406,A1
7408,A2
7409,A2
7410,A2
7411,A2
7412,A2
7413,A2
7414,A2
7415,A1
7417,A1
7419,C
7420,E1
7421,A2
7422,A1
7423,A2
7427,A1
7428,A1
7429,A2
7430,D
7431,E1
7432,D
7434,A1
7435,B
7436,A1
7437,A1
7440,B
7443,B
7444,C
7445,A1
7446,A2
7447,A2
7452,A2
7455,A1
7465,A1
7469,A2
7470,C
7471,D
7472,D
7479,B
7481,B
7482,B
7483,B
7484,B
7485,B
7486,A2
7487,A2
7488,A2
7490,B
7491,E2
7492,A2
7493,A1
7494,A1
7495,A2
7496,A1
7497,A1
7498,A1
7500,A2
7502,D
7506,A2
7507,A1
7508,A1
7509,A1
7510,A2
7511,A1
7512,A1
7513,A2
7514,B
7515,B
7516,B
7517,B
7518,B
7521,E1
7525,A2
7526,B
7527,A2
7530,A1
7531,A1
7532,A1
7533,E2
7534,B
7535,A2
7536,A1
7539,A1
7543,A1
7544,A1
7547,A2
7548,A1
7551,B
7552,A1
7554,B
7555,A1
7558,A2
7559,A2
7560,A1
7562,A1
7569,B
7570,A2
7571,A1
7573,A1
7576,A2
7579,D
7582,A2
7583,B
7585,B
7586,E1
7587,D
7589,A2
7591,A1
7594,A1
7595,A1
7596,A2
7597,A1
7598,A2
7600,B
7602,A1
7603,A2
7604,A2
7605,A1
7606,A1
7609,B
7610,A2
7611,A1
7612,A1
7613,A1
7614,B
7615,A2
7617,A2
7618,A1
7622,A1
7624,A2
7626,A1
7628,E1
7629,E2
7630,B
7631,E2
7632,E2
7633,B
7635,A1
7637,B
7638,E1
7639,C
7640,D
7641,E1
7642,E2
7643,E1
7644,B
7645,B
7646,D
7647,B
7648,B
7650,B
7651,A1
7653,E2
7654,E2
7655,E2
7658,E2
7659,A2
7660,A2
7661,A2
7662,A1
7663,A1
7664,A1
7665,A1
7666,A1
7668,A1
7669,B
7670,B
7671,C
7674,A2
7675,A2
7676,A2
7677,A2
7678,B
7679,A2
7680,B
7681,A2
7685,A1
7687,A1
7688,B
7689,B
7694,B
7697,B
7698,B
7703,A1
7706,A1
7707,D
7708,B
7709,A1
7710,A1
7711,A1
7712,A1
7713,A1
7715,B
7716,C
7717,D
7718,A2
7724,A1
7726,B
7727,A1
7728,B
7729,A1
7730,A1
7731,A1
7732,A1
7733,B
7734,A2
7735,A1
7738,A1
7742,A1
7743,A2
7744,A2
7745,A2
7746,A2
7748,A1
7750,A2
7752,A1
7753,E2
7754,E2
7755,B
7760,A1
7761,A1
7762,B
7763,B
7764,B
7765,B
7766,B
7767,A1
7768,A1
7769,A1
7770,A2
7771,A2
7772,A2
7773,A1
7774,A1
7775,A1
7776,A2
7777,A1
7778,A2
7779,A1
7781,A1
7787,C
7788,A2
7789,A2
7790,A2
7791,A2
7792,A2
7793,A2
7798,B
7806,A1
7809,A1
7811,E2
7812,E2
7817,A1
7818,A1
7819,A1
7820,A2
7824,B
7825,A2
7826,A1
7827,B
7832,A2
7836,A1
7837,A2
7838,A1
7839,A1
7840,A1
7841,B
7842,B
7843,B
7844,B
7846,B
7847,A2
7849,E2
7850,A1
7851,A1
7852,A2
7853,A2
7855,A2
7856,B
7857,A1
7858,B
7861,A1
7862,A1
7864,A2
7865,D
7866,B
7867,B
7868,B
7869,A1
7870,B
7871,B
7872,A2
7875,A2
7877,A1
7878,A2
7879,A2
7882,A2
7884,D
7889,A2
7890,A2
7891,B
7892,A2
7893,A2
7894,A2
7895,B
7896,B
7897,A1
7898,D
7907,B
7908,B
7909,A1
7910,B
7911,A1
7913,A1
7918,A1
7919,A2
7920,A1
7921,C
7922,A1
7923,A1
7926,B
7928,A2
7929,A1
7930,A1
7932,A1
7933,A1
7934,A2
7935,A2
7936,A2
7938,E2
7940,A1
7941,B
7942,C
7943,B
7947,B
7949,A1
7950,A1
7951,A1
7952,A1
7956,C
7957,D
7959,A1
7960,E2
7961,C
7964,D
7965,B
7966,E2
7967,B
7968,B
7969,A2
7970,E2
7972,A2
7973,A2
7974,B
7976,E1
7978,E2
7980,D
7982,B
7985,B
7986,A2
7987,A1
7989,B
7990,B
7991,B
7992,B
7993,B
7994,D
7995,E2
7996,B
7997,B
7998,B
7999,E2
8000,E2
8001,E2
8002,E2
8003,E2
8004,E2
8005,E2
8006,E2
8010,A1
8011,A1
8013,A1
8014,B
8015,C
8016,C
8017,A1
8018,C
8024,B
8025,A2
8026,A2
8030,A1
8031,B
8032,A2
8033,A2
8034,B
8035,B
8036,A1
8048,B
8049,B
8050,B
8052,A1
8053,E2
8059,A1
8060,A1
8062,A2
8063,B
8064,B
8065,B
8066,B
8067,C
8068,A1
8069,A1
8070,A1
8075,B
8076,B
8081,A1
8082,D
8083,C
8084,C
8085,B
8087,B
8088,A2
8089,B
8090,B
8092,A1
8093,C
8094,A1
8095,A1
8096,B
8098,A1
8099,A1
8100,B
8101,B
8102,A2
8103,B
8104,B
8105,B
8106,A2
8107,B
8111,B
8112,B
8113,B
8118,A2
8119,A2
8120,A1
8121,A2
8125,A2
8127,B
8128,B
8130,A2
8131,A2
8132,B
8133,B
8138,B
8141,A1
8142,D
8143,C
8144,A1
8145,A1
8147,B
8148,B
8149,B
8155,E1
8156,A1
8157,B
8158,B
8159,A1
8165,A2
8169,A1
8173,B
8174,D
8175,A2
8176,B
8177,B
8181,B
8183,C
8186,E1
8187,D
8188,E1
8189,E2
8191,A1
8192,A1
8193,A1
8194,D
8195,E2
8196,D
8201,E2
8202,E2
8203,B
8204,B
8210,E2
8214,A2
8215,A2
8216,B
8217,B
8222,A1
8223,B
8224,B
8225,A1
8226,A1
8227,A2
8230,A1
8231,B
8232,B
8233,B
8234,B
8235,B
8236,A1
8237,A1
8239,E2
8240,A1
8241,A1
8242,A2
8243,B
8244,B
8245,B
8246,B
8249,A2
8250,A1
8251,A2
8252,A1
8253,B
8254,C
8255,B
8256,B
8260,A1
8261,A1
8262,A2
8263,A2
8264,B
8269,A1
8270,A1
8272,A1
8273,A1
8274,B
8275,B
8278,A1
8279,A1
8281,E1
8284,A1
8285,E1
8286,B
8287,A2
8288,A1
8289,E2
8290,A2
8292,A1
8299,A2
8300,A1
8301,A1
8302,A1
8304,E1
8306,A2
8307,B
8308,A1
8309,A1
8312,A1
8313,A2
8314,B
8315,D
8316,B
8317,B
8318,B
8319,B
8320,C
8321,B
8322,A1
8323,A1
8324,A1
8325,A2
8326,B
8329,A1
8331,E2
8332,E1
8333,A1
8338,E2
8339,B
8340,B
8341,A2
8342,A2
8343,A2
8345,A2
8346,A1
8347,A2
8348,C
8349,C
8350,C
8351,C
8352,C
8353,A1
8354,A1
8357,A2
8360,A2
8362,A1
8363,A1
8364,A1
8365,B
8366,A1
8368,E1
8372,C
8373,A1
8374,A1
8377,A2
8378,A1
8379,A1
8380,A1
8381,A1
8382,A1
8383,A2
8384,B
8385,B
8386,B
8387,B
8388,A2
8389,B
8390,B
8394,B
8395,B
8396,B
8397,A1
8398,E2
8399,A1
8402,B
8403,A1
8404,A1
8405,A1
8406,A1
8407,B
8408,A1
8409,A1
8410,A1
8411,A1
8412,A1
8413,B
8414,C
8418,A2
8419,B
8420,B
8421,B
8422,A1
8423,A1
8424,A1
8425,A1
8428,B
8433,A1
8435,A2
8436,B
8437,B
8438,A1
8441,E2
8443,A1
8444,B
8445,B
8446,B
8447,C
8448,C
8449,D
8451,B
8452,A2
8453,A1
8454,B
8455,A1
8456,E1
8457,D
8458,B
8459,B
8460,E2
8461,A1
8462,A2
8463,A1
8464,B
8466,B
8467,B
8468,A2
8469,A2
8470,B
8471,B
8472,A2
8473,A1
8474,A2
8475,A1
8477,A1
8478,B
8479,C
8480,B
8481,A2
8482,B
8483,B
8484,B
8485,B
8486,A2
8487,B
8488,C
8489,B
8491,C
8492,E1
8493,E2
8496,A2
8497,A2
8498,E2
8499,E2
8502,A1
8503,A2
8504,B
8506,A1
8507,D
8508,A1
8509,A2
8510,A2
8512,A2
8513,B
8514,B
8515,A2
8516,B
8517,B
8518,B
8519,B
8520,E2
8521,E2
8522,E2
8524,E2
8525,E2
8526,A2
8527,C
8528,A2
8529,D
8530,B
8531,A1
8532,A1
8534,B
8535,B
8541,D
8542,E1
8543,B
8544,A1
8546,A2
8547,A2
8548,A1
8551,C
8553,A1
8556,A2
8558,E1
8559,A1
8560,A1
8561,B
8562,B
8563,A1
8565,A1
8566,B
8569,B
8570,A2
8571,B
8572,B
8573,A1
8575,B
8577,A1
8578,B
8579,A1
8580,A1
8581,A1
8582,A2
8584,A2
8585,A1
8586,A1
8587,A1
8588,B
8589,A1
8590,B
8593,A2
8594,A2
8596,A1
8597,A1
8603,A2
8605,B
8606,B
8607,B
8608,C
8609,A2
8610,A1
8613,A1
8616,A1
8617,A1
8620,A1
8621,A2
8622,A1
8628,A2
8633,A1
8634,A1
8635,A1
8637,A2
8638,A2
8639,B
8640,B
8641,B
8643,A2
8644,A1
8649,B
8650,B
8651,A1
8652,A1
8653,A1
8654,A1
8655,A1
8656,A2
8657,A1
8658,A1
8659,A1
8660,A2
8661,B
8662,B
8663,B
8664,B
8669,A1
8670,A2
8671,A1
8672,A2
8673,C
8674,D
8675,B
8680,B
8681,B
8682,B
8683,B
8684,A2
8685,A1
8686,B
8687,B
8688,B
8689,A2
8690,B
8692,A1
8695,B
8701,E2
8704,A2
8705,A2
8706,A2
8707,A1
8708,A1
8709,A1
8710,A1
8711,A1
8712,A2
8713,B
8714,C
8715,D
8719,E2
8720,E2
8721,A2
8722,B
8723,B
8724,B
8725,B
8726,A1
8728,B
8729,B
8731,D
8732,C
8733,A1
8734,B
8735,D
8736,A1
8737,D
8738,A1
8739,A2
8740,A2
8741,B
8742,A2
8743,A2
8744,A1
8745,B
8746,B
8747,B
8748,A1
8751,B
8753,A1
8754,A2
8756,A2
8757,A1
8758,
8759,A1
8760,A1
8761,A2
8763,A2
8764,A1
8765,A2
8766,A2
8767,A2
8768,A1
8769,A2
8773,B
8774,B
8775,B
8777,A2
8778,A2
8779,B
8782,A2
8783,A1
8785,B
8786,C
8787,B
8788,E2
8789,E2
8790,E1
8791,E1
8792,E1
8793,A1
8794,A1
8796,B
8797,B
8800,A2
8804,B
8805,B
8806,A2
8807,A1
8809,A2
8810,B
8811,B
8812,A1
8814,A1
8815,A2
8816,A2
8817,A2
8818,A2
8819,A2
8820,A1
8822,A2
8823,A2
8824,A2
8825,A2
8826,B
8827,B
8828,B
8829,A1
8830,A2
8831,B
8832,B
8833,A1
8834,D
8835,D
8836,E2
8838,A2
8839,B
8840,B
8841,A2
8842,E1
8843,E1
8844,A1
8847,A1
8848,B
8849,D
8850,D
8851,E1
8852,E2
8853,E2
8854,D
8856,A2
8857,A2
8858,A1
8859,C
8862,E1
8863,A1
8864,A1
8865,A2
8868,A1
8869,B
8870,A2
8871,A1
8876,A2
8877,A2
8879,A1
8880,A2
8881,B
8882,B
8883,A1
8886,A1
8887,A2
8888,A2
8889,A1
8892,E2
8893,A1
8894,E1
8895,E1
8896,E1
8897,E2
8898,E2
8899,E2
8900,E1
8901,E2
8903,A1
8904,A1
8905,A1
8906,B
8907,B
8908,D
8909,C
8910,D
8911,E1
8912,E2
8913,A2
8914,B
8915,A2
8918,B
8919,A1
8920,A1
8921,D
8922,A2
8923,A1
8924,B
8925,B
8926,A2
8927,B
8928,A2
8929,A1
8931,A1
8932,A1
8933,A1
8938,E1
8939,D
8942,D
8943,E2
8944,E2
8947,B
8948,C
8949,A2
8950,A2
8951,A2
8952,A1
8953,B
8957,A1
8958,B
8959,B
8960,B
8961,B
8962,A2
8963,C
8964,C
8965,C
8971,B
8972,B
8973,A2
8975,A1
8976,A1
8978,A1
8979,B
8980,A1
8981,A2
8982,A2
8983,D
8984,E1
8985,D
8986,C
8987,D
8988,E1
8989,B
8990,A2
8991,A1
8992,A2
8993,B
8994,B
8996,A1
8998,B
8999,B
9000,D
9001,E1
9002,E1
9003,E1
9004,A2
9005,A1
9006,A1
9007,B
9008,A2
9009,A1
9010,B
9011,A1
9012,A1
9013,A2
9014,A1
9015,B
9016,B
9017,B
9019,A1
9020,B
9021,B
9022,A1
9023,A2
9024,A1
9025,B
9026,B
9029,A2
9031,B
9032,D
9033,B
9034,A1
9035,A1
9036,B
9037,B
9038,
9039,A1
9040,A1
9041,A1
9042,A1
9043,E1
9045,A1
9046,C
9048,B
9050,A1
9051,E1
9052,E1
9053,A2
9054,A2
9055,B
9056,C
9058,B
9059,B
9061,B
9063,B
9064,B
9065,B
9066,B
9067,B
9068,B
9069,E1
9070,A1
9071,A1
9072,A1
9073,B
9081,A1
9083,B
9086,B
9087,B
9090,A2
9092,B
9093,A1
9094,A2
9095,B
9096,A2
9097,A1
9098,A1
9099,A1
9100,A1
9101,A2
9102,B
9103,D
9104,D
9105,A2
9106,A2
9108,A1
9109,B
9110,A2
9111,B
9112,A1
9114,B
9115,A1
9116,B
9117,B
9118,A1
9120,B
9122,A2
9123,A1
9124,A2
9125,A2
9126,A1
9127,C
9128,C
9129,C
9130,A2
9132,C
9133,B
9134,A2
9139,A2
9140,A1
9141,A1
9144,A1
9146,A1
9147,A2
9148,A1
9149,A1
9150,E2
9151,A1
9152,D
9153,C
9154,A2
9155,A1
9156,A1
9157,A2
9160,A2
9161,A2
9162,B
9163,B
9164,B
9165,D
9166,A1
9167,E1
9169,D
9170,E1
9172,E2
9173,E2
9174,E2
9175,E2
9176,E2
9179,A2
9180,A1
9181,A1
9182,A2
9183,A1
9184,E1
9185,D
9186,E1
9189,
9190,
9191,C
9196,A2
9198,A1
9199,A1
9200,B
9201,A1
9202,B
9203,B
9204,A1
9205,A2
9206,A1
9207,A1
9209,B
9210,C
9211,C
9212,B
9214,A2
9215,A1
9216,A1
9217,A2
9218,B
9220,A1
9221,A2
9222,A1
9223,A2
9224,A1
9227,B
9228,A2
9230,A1
9234,A1
9235,A2
9236,A2
9237,A2
9238,B
9239,B
9240,A1
9241,A2
9242,C
9243,A1
9244,B
9245,B
9246,B
9247,B
9248,B
9249,E2
9250,E2
9251,E2
9252,E2
9253,E2
9254,E2
9255,E2
9256,E2
9257,E2
9259,A1
9260,A1
9261,A1
9262,B
9263,A1
9264,A1
9265,A2
9266,B
9267,A2
9268,B
9269,A2
9270,B
9271,A2
9272,C
9275,A2
9276,A2
9277,A1
9278,A2
9279,B
9280,B
9281,B
9282,B
9283,A1
9284,A2
9285,A2
9286,A1
9287,A1
9288,A2
9289,B
9290,A2
9294,A2
9295,A2
9296,B
9297,A1
9298,B
9299,B
9300,D
9302,E1
9303,E2
9313,E1
9314,D
9315,B
9317,A1
9318,B
9320,A1
9321,A1
9322,E1
9323,D
9324,E1
9325,D
9326,C
9327,D
9328,?
9329,B
9330,A2
9331,D
9332,A1
9333,D
9337,B
9339,B
9340,B
9341,A2
9342,A1
9343,A2
9344,A1
9345,A1
9346,B
9347,A2
9348,B
9349,B
9350,A2
9351,A1
9352,A1
9353,D
9354,A1
9355,A1
9356,E1
9357,D
9358,A1
9359,C
9360,A1
9361,A1
9362,B
9363,B
9364,B
9365,E2
9366,B
9367,A1
9368,B
9369,B
9370,
9371,
9372,
9373,
9374,
9375,
9376,
9377,
9378,
9379,
9380,
9382,A2
9383,E1
9384,D
9385,E2
9386,D
9387,B
9389,A2
9390,A1
9391,A1
9394,E2
9395,C
9396,A2
9397,A2
9399,A2
9400,B
9406,A1
9407,E1
9408,E1
9409,B
9410,B
9411,A1
9412,B
9413,C
9414,A2
9416,A2
9419,A2
9420,B
9422,B
9423,B
9426,A2
9427,A2
9432,A2
9433,B
9436,A2
9437,A1
9438,A2
9439,A1
9440,A1
9441,A1
9442,A1
9443,A2
9444,E1
9445,A1
9446,E2
9448,C
9449,B
9450,B
9451,C
9452,C
9453,D
9454,A1
9455,A1
9456,B
9457,B
9458,E2
9459,E2
9460,B
9461,B
9462,A1
9463,A2
9464,A1
9465,A1
9466,A1
9467,A1
9468,E1
9469,E1
9470,D
9471,D
9472,A1
9473,B
9474,B
9475,B
9477,E1
9478,A1
9479,A1
9480,A1
9481,A1
9482,A1
9483,
9484,
9485,A2
9486,C
9487,D
9488,A1
9489,B
9491,B
9492,A1
9493,B
9494,A1
9495,A1
9496,A1
9497,E1
9498,E1
9499,A2
9500,A1
9501,A1
9502,A1
9504,A1
9505,A1
9506,E1
9507,D
9508,C
9509,A1
9510,A1
9511,D
9513,A1
9514,A2
9515,B
9516,B
9519,B
9520,B
9522,A2
9523,A1
9526,B
9527,D
9528,B
9529,C
9530,A1
9531,A1
9532,A1
9534,A2
9535,A2
9536,A1
9537,A1
9538,E2
9539,E2
9540,E2
9541,B
9542,A2
9543,B
9544,A1
9545,B
9546,B
9547,B
9548,E2
9549,E2
9550,E2
9552,A2
9553,B
9554,C
9555,
9556,
9557,
9558,
9559,
9560,
9561,
9562,
9563,
9564,
9565,
9567,B
9568,B
9570,A1
9571,A2
9572,A2
9573,A2
9574,A1
9575,A1
9577,C
9578,A2
9579,A2
9580,A2
9581,A1
9582,B
9583,D
9584,
9585,
9586,
9587,
9588,
9589,A1
9590,B
9591,B
9592,A2
9593,A1
9595,A1
9597,E1
9598,E1
9599,A1
9600,A1
9601,A1
9602,B
9603,E2
9604,B
9605,A1
9606,A1
9607,A1
9608,A1
9609,A2
9610,A2
9611,A2
9612,A2
9613,A2
9614,A2
9615,A2
9616,E1
9617,E1
9618,D
9619,A1
9621,B
9622,B
9623,B
9624,A2
9625,A2
9626,E2
9627,A1
9628,A2
9629,E2
9630,E2
9631,E2
9632,A2
9633,B
9634,C
9635,D
9638,A1
9639,B
9640,B
9641,B
9644,B
9645,A2
9646,A1
9648,B
9649,B
9650,B
9651,C
9652,B
9653,B
9654,B
9655,A2
9656,B
9657,A1
9658,B
9659,E2
9660,A1
9661,A2
9662,A2
9663,A2
9664,A2
9666,A2
9667,B
9668,B
9669,A2
9671,B
9672,C
9673,E1
9674,E1
9675,E1
9676,E1
9677,A1
9678,A2
9679,A2
9682,B
9683,A2
9684,A1
9685,B
9686,B
9687,A2
9688,E2
9689,A2
9690,A2
9691,A1
9692,A2
9693,A2
9694,A1
9695,A1
9696,A1
9697,A1
9698,A1
9699,D
9700,B
9701,B
9702,B
9703,A1
9704,A1
9705,B
9706,B
9707,B
9708,
9709,
9710,
9711,
9712,
9713,
9714,
9715,
9716,C
9717,D
9718,D
9723,A1
9724,A2
9725,B
9726,B
9727,E2
9728,E2
9729,A2
9730,E2
9731,D
9732,A1
9733,A1
9734,B
9735,A1
9738,A1
9739,A1
9740,A1
9741,A1
9742,A2
9743,B
9744,A1
9745,B
9746,A1
9747,A1
9748,E1
9749,E1
9751,C
9752,C
9753,B
9754,B
9755,E1
9756,E1
9757,D
9758,B
9759,B
9760,B
9761,B
9762,E1
9763,D
9764,E2
9765,B
9766,A2
9767,B
9768,A2
9769,A1
9770,A1
9771,E2
9772,
9773,
9774,
9775,
9776,A2
9777,A2
9778,B
9779,A1
9780,C
9781,A1
9782,C
9783,E2
9784,
9785,
9786,
9787,
9788,
9789,
9790,
9791,
9792,
9793,
9794,B
9795,B
9796,A2
9797,A2
9798,A2
9799,A2
9800,A2
9801,A2
9802,A1
9803,B
9804,B
9805,D
9806,D
9807,E2
9808,A2
9809,A2
9810,A2
9811,B
9812,B
9813,C
9814,C
9815,B
9816,B
9817,E2
9818,B
9819,E1
9820,A2
9821,D
9822,B
9823,A1
9825,C
9826,B
9827,B
9828,C
9829,A1
9830,B
9831,E2
9832,E2
9833,D
9834,A2
9835,A2
9836,A1
9837,D
9839,A2
9841,A2
9842,A1
9843,A2
9845,B
9846,C
9847,C
9848,C
9849,A1
9850,A2
9851,A1
9852,B
9853,A1
9854,A1
9855,B
9856,B
9857,A2
9858,A1
9859,D
9860,A1
9861,A2
9862,A2
9863,A2
9864,A2
9865,A2
9866,A2
9867,A2
9868,A2
9869,A2
9870,A1
9871,A1
9872,A1
9873,A1
9874,A1
9875,A1
9876,A1
9877,A1
9878,A1
9879,B
9880,A1
9881,
9882,
9883,
9884,B
9885,B
9886,B
9887,A1
9888,A1
9889,A1
9890,E2
9891,E2
9892,
9893,
9894,
9895,
9896,
9897,
9898,B
9899,B
9900,E1
9901,B
9902,E2
9903,E2
9904,E2
9905,E2
9906,A1
9907,A1
9908,C
9909,B
9910,E1
9911,E2
9912,E2
9913,A1
9914,A1
9915,A1
9916,A2
9917,D
9918,A1
9919,A1
9920,B
9921,A2
9922,E1
9923,A2
9924,D
9925,A1
9926,A1
9927,A1
9928,B
9929,B
9930,D
9931,E1
9932,E2
9933,D
9934,E2
9935,E2
9936,A2
9938,A1
9939,B
9940,A2
9941,A1
9942,A1
9943,A1
9945,A1
9946,A1
9947,A1
9948,A1
9949,A1
9950,A2
9951,A2
9952,A2
9953,A1
9954,
9955,
9956,
9957,
9958,
9959,
9960,B
9961,A2
9962,A2
9963,A2
9964,A2
9965,A2
9966,A2
9967,A2
9968,A1
9970,A2
9971,B
9972,D
9973,B
9974,A1
9975,A2
9976,A1
9977,A1
9978,A1
9979,A1
9980,A1
9981,A1
9982,B
9983,E1
9984,D
9985,D
9987,A2
9988,A2
9989,A1
9990,A1
9991,A1
9992,A1
9993,E2
9994,D
9996,C
9997,
9998,
9999,
10001,B
10002,B
10004,A1
10005,A1
10006,A1
10007,E2
10008,B
10009,B
10010,A1
10011,A2
10012,A2
10013,A1
10014,A1
10015,A1
10016,B
10018,D
10019,A1
10020,E1
10021,E1
10022,D
10023,C
10024,A1
10025,A2
10026,A1
10027,B
10029,D
10030,E1
10031,E1
10032,E2
10033,E2
10034,E1
10035,E2
10036,E2
10037,B
10038,A1
10039,C
10040,A1
10041,C
10042,C
10043,C
10044,E2
10045,E1
10046,A1
10047,A2
10048,A1
10055,A2
10056,A1
10057,E2
10058,A1
10059,A1
10060,A1
10061,A2
10062,E1
10063,D
10064,D
10065,C
10067,A1
10068,A1
10069,A1
10070,A2
10071,E1
10073,A1
10074,C
10075,A2
10076,
10077,
10078,
10079,B
10080,A2
10081,A1
10082,A2
10083,D
10084,E1
10085,D
10086,D
10087,C
10088,E1
10089,A1
10090,B
10091,A1
10092,C
10093,A1
10094,A1
10095,C
10096,E1
10097,B
10098,A2
10099,A2
10100,D
10105,B
10106,B
10107,A2
10108,A2
10109,A1
10110,A1
10111,A1
10112,A1
10113,A1
10114,A2
10115,B
10116,D
10117,A1
10118,A1
10119,C
10120,A1
10122,A1
10123,A1
10124,A1
10125,A1
10126,A1
10127,A1
10128,B
10129,
10130,
10131,
10132,A1
10133,D
10134,D
10135,E2
10136,A1
10137,D
10138,A1
10139,A2
10140,A2
10141,A2
10142,A2
10143,A2
10144,E2
10145,B
10146,A2
10147,A2
10148,B
10152,B
10153,A1
10154,D
10155,E2
10156,A2
10157,A1
10158,A1
10159,E1
10160,D
10161,E1
10162,A2
10163,B
10164,C
10165,E2
10166,D
10167,E1
10168,A1
10169,B
10170,A1
10171,A1
10172,A1
10173,A2
10174,B
10175,A2
10176,A1
10177,A1
10178,B
10179,A2
10180,B
10181,B
10182,E2
10183,E2
10184,E2
10185,E2
10186,A1
10187,D
10188,A1
10189,D
10190,B
10191,B
10192,B
10193,A1
10194,B
10195,E2
10196,E1
10197,B
10198,A1
10200,A2
10201,A1
10202,A1
10203,A1
10204,A2
10205,B
10206,B
10207,A1
10208,E2
10209,E2
10210,E2
10211,E1
10212,E2
10213,B
10214,B
10215,A2
10216,C
10217,A2
10218,A2
10219,B
10220,A1
10221,A1
10222,B
10223,A2
10224,B
10225,A2
10226,E2
10227,E2
10236,A1
10238,B
10239,C
10240,E1
10241,D
10242,D
10243,B
10244,B
10245,A2
10246,A2
10247,A2
10248,A1
10249,E1
10251,A2
10252,A1
10253,B
10255,E2
10256,B
10259,E2
10260,A1
10261,B
10262,B
10263,A2
10264,A2
10265,A1
10266,D
10268,E2
10269,A1
10270,A1
10271,A1
10272,A1
10273,B
10274,A2
10275,B
10276,E2
10277,B
10278,B
10279,B
10280,A1
10281,E2
10282,E2
10283,E1
10284,E1
10285,E2
10286,E2
10287,D
10288,E1
10289,A1
10290,A1
10291,A1
10292,B
10293,E2
10294,A1
10295,A1
10296,A1
10297,A1
10298,A1
10299,E2
10300,E2
10301,E2
10302,E2
10303,E2
10304,A1
10305,A1
10306,D
10307,D
10308,E1
10309,E2
10310,B
10311,B
10312,E2
10313,B
10314,B
10315,B
10316,B
10317,E2
10318,E2
10319,A1
10320,A2
10321,A1
10323,D
10324,D
10325,E1
10326,E2
10327,E2
10328,E1
10329,B
10330,B
10331,B
10332,A1
10333,B
10334,B
10335,B
10336,B
10337,B
10338,A2
10339,B
10340,C
10341,C
10342,B
10343,B
10344,E2
10348,A2
10349,B
10350,B
10351,D
10352,D
10353,D
10354,A2
10355,B
10356,B
10357,A2
10358,E2
10359,B
10360,B
10361,A2
10362,A1
10363,A1
10364,A1
10365,A2
10366,A1
10367,E1
10368,E1
10369,B
10370,C
10371,E2
10372,E2
10373,E2
10374,E1
10375,A2
10376,A1
10377,E1
10380,B
10381,E2
10382,A1
10383,B
10384,A1
10385,B
10386,A2
10387,B
10388,A2
10389,B
10390,A2
10391,B
10392,C
10393,C
10394,B
10395,B
10396,A1
10397,E1
10398,E1
10399,E1
10400,A1
10401,A1
10402,E2
10403,E2
10404,E2
10405,E2
10406,E2
10407,E2
10408,E2
10409,E2
10410,D
10411,B
10412,B
10413,A2
10415,E1
10416,A2
10417,A2
10418,A2
10419,B
10420,B
10421,C
10422,A2
10423,A1
10424,A1
10425,A1
10426,A1
10427,A1
10428,D
10429,B
10430,B
10431,C
10432,C
10433,C
10434,C
10435,B
10436,E1
10437,A1
10438,A1
10439,A1
10440,B
10441,A1
10442,E2
10443,E2
10444,E2
10445,E2
10446,A1
10447,A2
10448,E1
10449,E1
10450,A1
10451,A2
10452,A2
10453,B
10454,B
10455,A2
10456,B
10457,B
10458,B
10460,A1
10461,A1
10462,B
10463,B
10464,B
10465,B
10466,B
10467,B
10468,B
10469,B
10470,C
10471,D
10472,D
10473,C
10474,B
10475,B
10476,C
10477,D
10478,D
10479,E1
10480,A1
10481,E1
10482,E2
10483,E2
10484,A1
10485,C
10486,E1
10487,E2
10488,E2
10489,E1
10490,A1
10491,A1
10492,C
10493,C
10494,E1
10495,D
10496,B
10497,A2
10498,B
10499,B
10500,B
10501,B
10502,B
10503,A2
10504,B
10505,B
10506,A1
10507,D
10508,C
10509,B
10510,A2
10511,A1
10512,A2
10514,A2
10515,A1
10516,E1
10517,E1
10518,D
10519,D
10520,E2
10521,A1
10522,A1
10523,A1
10524,D
10525,C
10526,E2
10527,A2
10528,A1
10529,A2
10530,A2
10531,B
10532,C
10533,B
10534,C
10535,B
10536,B
10537,C
10538,A1
10539,A2
10540,E1
10541,D
10542,A1
10543,B
10544,A1
10545,D
10546,A1
10547,A2
10548,A1
10550,B
10551,B
10552,B
10553,B
10554,A2
10555,B
10556,A1
10557,A1
10558,A1
10559,C
10560,C
10561,A2
10562,A2
10563,A2
10564,E2
10565,E2
10566,
10567,
10568,
10569,
10570,
10571,
10572,
10573,
10574,
10575,
10576,A2
10577,B
10578,B
10579,B
10580,A2
10581,A2
10582,A2
10583,E2
10584,A2
10585,B
10586,A2
10587,A2
10588,A2
10589,B
10590,B
10591,C
10592,B
10593,A2
10594,A2
10595,D
10596,E2
10597,E2
10598,D
10599,B
10600,A2
10601,D
10602,E1
10603,E1
10604,D
10605,A2
10606,A2
10607,A2
10608,A1
10609,A1
10610,A1
10611,
10612,
10613,
10614,
10615,
10616,
10617,A1
10618,B
10619,A1
10620,B
10621,A2
10622,E1
10623,E2
10624,A1
10625,E2
10626,E2
10627,E2
10628,E2
10629,D
10630,E2
10631,E2
10632,E1
10633,D
10634,D
10635,B
10636,B
10637,A1
10638,D
10639,C
10640,D
10643,A1
10645,E2
10646,A2
10647,A1
10648,A1
10649,A1
10650,B
10651,A1
10652,D
10653,E2
10654,B
10655,D
10656,C
10657,B
10658,E2
10659,A1
10660,B
10661,B
10662,A1
10663,E2
10664,E2
10665,E2
10666,A1
10667,B
10668,B
10669,A1
10670,A1
10671,B
10672,E2
10673,D
10674,E1
10675,A1
10676,B
10677,E2
10678,B
10679,B
10680,B
10681,A1
10682,A1
10683,D
10684,B
10685,A1
10686,B
10687,D
10688,D
10689,D
10690,A2
10691,A2
10692,A2
10693,B
10694,B
10695,B
10696,B
10697,A2
10698,B
10699,B
10702,B
10703,B
10706,B
10707,B
10708,E1
10709,E2
10710,D
10711,D
10712,D
10713,E1
10714,E1
10715,E2
10716,C
10717,C
10718,C
10719,C
10720,D
10721,D
10722,D
10723,E1
10724,E1
10725,E2
10726,E2
10727,E2
10728,E2
10729,E2
10730,D
10731,E2
10732,A1
10733,B
10734,A2
10735,B
10736,A2
10737,B
10738,A2
10739,B
10740,B
10741,B
10742,A1
10743,A1
10744,A1
10745,A2
10746,A1
10747,A2
10748,D
10749,C
10750,A1
10751,B
10752,A2
10753,A1
10754,B
10755,B
10756,E1
10757,B
10758,B
10759,E2
10760,E2
10761,E2
10762,E2
10763,A2
10764,B
10765,B
10766,B
10767,B
10768,A1
10771,
10772,B
10773,D
10774,B
10775,B
10776,D
10777,D
10778,A2
10779,A1
10780,A2
10781,B
10782,B
10783,B
10784,B
10785,E2
10786,D
10788,B
10789,A2
10790,B
10791,A1
10792,A1
10793,A1
10794,E2
10795,E1
10796,E2
10797,A1
10798,B
10799,B
10800,B
10801,A1
10802,A1
10803,B
10804,B
10805,B
10806,C
10807,C
10808,C
10809,E2
10810,D
10811,A1
10812,A1
10813,A1
10814,B
10815,A2
10816,A2
10817,E1
10818,D
10819,D
10820,E2
10821,E1
10822,D
10823,E2
10824,E2
10825,D
10826,E1
10827,C
10828,B
10829,A1
10830,B
10831,B
10832,B
10833,C
10834,B
10835,B
10836,A2
10837,A2
10838,A1
10839,A1
10840,B
10841,B
10842,B
10843,B
10844,A1
10845,B
10846,A1
10847,A2
10848,C
10849,B
10850,D
10851,A1
10852,A1
10853,B
10854,A1
10855,A1
10856,A2
10857,A1
10858,A1
10859,A2
10860,A2
10861,A2
10862,B
10863,B
10864,B
10865,B
10866,D
10867,E1
10868,E1
10869,A1
10870,A2
10871,A1
10872,A1
10873,A1
10874,A1
10875,A2
10876,B
10877,B
10878,A1
10879,A1
10880,A1
10881,A1
10882,A1
10883,A1
10884,A1
10885,A1
10886,B
10887,A1
10889,A1
10890,A1
10891,A1
10892,A1
10893,A1
10894,A1
10895,A1
10896,A2
10897,A1
10898,B
10899,B
10900,A2
10901,A1
10902,A2
10903,B
10904,A2
10905,E2
10906,A2
10907,A2
10908,D
10909,E1
10910,E1
10911,A2
10912,A1
10913,A2
10914,A1
10915,A2
10916,B
10918,C
10919,B
10920,D
10921,A2
10922,A1
10923,B
10924,B
10925,B
10926,A2
10927,B
10928,A2
10929,A2
10930,B
10931,A2
10932,A2
10933,A2
10934,B
10935,B
10936,
10937,B
10938,A1
10939,A2
10940,B
10941,A1
10942,A1
10943,A1
10944,A1
10945,A1
10946,A1
10947,A1
10948,A1
10949,A1
10950,B
10951,D
10952,D
10953,B
10954,B
10955,B
10956,D
10957,D
10958,D
10959,D
10960,B
10961,E2
10962,E2
10963,E2
10964,E2
10965,E2
10966,E2
10967,A1
10968,A1
10969,A2
10970,A1
10971,A1
10972,A1
10973,A1
10974,A2
10975,B
10976,B
10977,E2
10978,C
10979,D
10980,D
10981,B
10982,A2
10983,A2
10984,A1
10985,D
10986,C
10987,C
10988,D
10989,E1
10990,C
10991,B
10992,B
10993,E2
10994,B
10995,E1
10996,C
10997,E2
10998,E2
10999,E2
11000,E2
11001,D
11002,E2
11003,E2
11004,E2
11005,E2
11006,E2
11007,E1
11008,C
11009,C
11010,B
11011,B
11012,B
11013,B
11014,E2
11015,A2
11016,B
11017,B
11018,A2
11019,B
11020,D
11021,E1
11022,E1
11023,A1
11024,A1
11025,D
11026,C
11027,C
11028,B
11029,B
11030,A2
11031,B
11032,A1
11033,D
11034,A1
11035,A1
11036,A1
11037,A1
11038,A1
11039,B
11040,A1
11041,A1
11042,A2
11043,B
11044,E1
11045,A1
11046,A2
11047,B
11048,B
11049,A2
11050,A1
11051,A1
11052,E2
11053,E2
11054,E2
11055,E2
11056,B